{"type":"FeatureCollection","name":"广东21市陆地区域示意","license":"ODbL-1.0","attribution":"© OpenStreetMap contributors","source":"https://www.openstreetmap.org/copyright","osm_timestamp":"2026-10-06T03:34:27Z","features":[{"type":"Feature","properties":{"name":"广州市","osm_relation":3287346},"geometry":{"type":"MultiPolygon","coordinates":[[[[112.9523727,23.4341745],[112.9582103,23.4472873],[112.964371,23.4478068],[112.9691246,23.456673],[112.9699473,23.4654518],[112.9753993,23.4679174],[112.9841315,23.4662869],[112.9881267,23.4694648],[112.9927526,23.4657502],[113.0111287,23.4639244],[113.0127102,23.4716156],[113.0248836,23.4726448],[113.0343048,23.4773912],[113.0488299,23.4729816],[113.0548555,23.4761793],[113.0568625,23.4828313],[113.0658047,23.4838255],[113.0709393,23.4918932],[113.0782311,23.4969171],[113.0875723,23.4993149],[113.0958173,23.4977704],[113.1035088,23.5003728],[113.1134395,23.5092688],[113.1224973,23.5091744],[113.1380613,23.5136774],[113.1521805,23.5103747],[113.1599951,23.5115132],[113.1673392,23.5223945],[113.1663542,23.5145997],[113.1865458,23.5188844],[113.1987988,23.5404224],[113.2052692,23.5397465],[113.2065468,23.5464732],[113.200887,23.5505963],[113.2047675,23.5555704],[113.1953751,23.5643729],[113.1968426,23.5790582],[113.2091085,23.5868245],[113.2216171,23.5883136],[113.2225194,23.5969963],[113.2404799,23.5908309],[113.2391778,23.6008033],[113.2350196,23.6088281],[113.2431186,23.6041839],[113.2523731,23.6102762],[113.2615655,23.6119618],[113.2712008,23.6185857],[113.2747078,23.6115169],[113.2877116,23.6230927],[113.2940565,23.6400221],[113.2834491,23.6440829],[113.2847252,23.6471248],[113.2974512,23.6485853],[113.307026,23.645682],[113.3228501,23.6478893],[113.3225031,23.6579936],[113.3293779,23.6589066],[113.3329718,23.6682233],[113.3435794,23.67045],[113.34509,23.6778756],[113.3607928,23.7127457],[113.3698467,23.7152699],[113.3695344,23.7255517],[113.3728067,23.7339767],[113.3898295,23.7323309],[113.3949625,23.7261067],[113.4045779,23.7236276],[113.4182146,23.7292216],[113.4247949,23.7255493],[113.4329023,23.729562],[113.4389183,23.7260211],[113.4383277,23.7183754],[113.4492655,23.7124398],[113.4588141,23.7104632],[113.4641531,23.6990217],[113.4630914,23.6936749],[113.4753407,23.6862816],[113.4770973,23.6888562],[113.4897778,23.6848021],[113.5004972,23.6878198],[113.507202,23.6842981],[113.5144732,23.6895121],[113.5205939,23.6876399],[113.5399107,23.6985591],[113.5331283,23.7018022],[113.5393749,23.7054614],[113.5530438,23.703789],[113.5629114,23.6929767],[113.5628007,23.6824752],[113.5698453,23.684119],[113.5746534,23.6782122],[113.582165,23.6780135],[113.5821214,23.6717933],[113.5922135,23.6681691],[113.6105181,23.6826348],[113.60681,23.6898296],[113.615607,23.6944898],[113.6174905,23.7020025],[113.6333034,23.7076208],[113.6235525,23.7130502],[113.629418,23.7357188],[113.6260805,23.740903],[113.6312202,23.7529938],[113.6260713,23.7558811],[113.6245726,23.7658972],[113.6148986,23.7736276],[113.6101204,23.7829699],[113.6153508,23.7899284],[113.6282729,23.7995101],[113.6347256,23.817365],[113.6468141,23.8229968],[113.6614862,23.8169001],[113.6790064,23.8154097],[113.6824733,23.828324],[113.7009878,23.817851],[113.7151835,23.8277593],[113.7096926,23.8375645],[113.7126587,23.8471978],[113.7041334,23.8591168],[113.7082904,23.8651896],[113.7257801,23.8609158],[113.7294229,23.8557066],[113.7368989,23.8620799],[113.7433252,23.8565152],[113.7532443,23.8603964],[113.7624288,23.8751163],[113.7696112,23.8791429],[113.7766304,23.8994721],[113.782163,23.9048709],[113.7955637,23.9062159],[113.8022959,23.9031501],[113.8310441,23.9199896],[113.849634,23.9248134],[113.8592061,23.9321328],[113.8743828,23.9338365],[113.8824769,23.9266832],[113.8879844,23.9341788],[113.8979199,23.9322942],[113.9042571,23.9265138],[113.9200511,23.9315404],[113.9314926,23.9313625],[113.9363664,23.9262463],[113.9473053,23.9323777],[113.9592698,23.9310995],[113.977057,23.9321673],[113.9795685,23.9286885],[113.9875771,23.9332453],[113.995033,23.9315743],[114.0041232,23.9355948],[114.0122542,23.9287202],[114.0277375,23.9227947],[114.0263729,23.9084424],[114.0313835,23.9039269],[114.0311968,23.8980093],[114.0375788,23.8923842],[114.0366,23.8742282],[114.0422983,23.870607],[114.0455109,23.8566999],[114.0525152,23.8494189],[114.0497351,23.8475911],[114.0469011,23.8322804],[114.0343848,23.8263724],[114.0302041,23.8162228],[114.0325074,23.8105042],[114.0425683,23.8062261],[114.0312066,23.7990397],[114.0318798,23.7950594],[114.0496072,23.788681],[114.054512,23.7780267],[114.0434309,23.7781075],[114.0336058,23.7738845],[114.0305131,23.7676013],[114.022488,23.7619812],[114.0176389,23.7549],[114.013991,23.763545],[114.0049992,23.7657033],[114.0062478,23.7724254],[114.0129809,23.7804936],[114.0056145,23.7798736],[113.9952936,23.7664234],[113.984931,23.7618987],[113.9765735,23.7626904],[113.9695989,23.7581241],[113.9703042,23.7465146],[113.9675567,23.7415225],[113.9568991,23.7424726],[113.9502289,23.7347143],[113.935987,23.7415957],[113.9313105,23.7349008],[113.9141957,23.7332674],[113.9069733,23.7187064],[113.8959877,23.7183031],[113.8947154,23.704003],[113.8835202,23.6909169],[113.8668028,23.6846301],[113.8412893,23.6809586],[113.8471057,23.670594],[113.8388276,23.6713656],[113.8338872,23.6573759],[113.8149304,23.6602241],[113.8151569,23.6528481],[113.8226364,23.6468072],[113.8116452,23.6384669],[113.8080517,23.6307555],[113.8133465,23.6257263],[113.8280401,23.6263509],[113.8291012,23.6202731],[113.8384856,23.6205857],[113.8546046,23.612699],[113.8568013,23.6066299],[113.8533116,23.5962303],[113.8590497,23.5901219],[113.8529564,23.5857989],[113.8477912,23.5733002],[113.8575215,23.5690491],[113.8662683,23.5426362],[113.8858824,23.5361852],[113.8836301,23.5310352],[113.8879346,23.5231265],[113.8999501,23.5162047],[113.9044162,23.507173],[113.9212245,23.5048682],[113.9239432,23.4971803],[113.9417093,23.4956317],[113.9359515,23.4863441],[113.9276964,23.486967],[113.9337898,23.4794776],[113.9507865,23.4806015],[113.9561077,23.4830829],[113.964042,23.480335],[113.9716468,23.4827032],[113.976913,23.4754274],[113.9701871,23.4677298],[113.9603274,23.4717096],[113.958779,23.4670725],[113.9491718,23.4683518],[113.9477836,23.4569146],[113.9507267,23.4523269],[113.9462959,23.4460662],[113.9537958,23.4343139],[113.9696659,23.4321122],[113.9838281,23.4321949],[113.9783331,23.4238815],[113.9803553,23.4082944],[113.9925739,23.4022805],[113.9953905,23.3919496],[113.9823543,23.3868292],[113.9761954,23.3803209],[113.987737,23.3540708],[113.9964908,23.3473299],[113.9894676,23.3360991],[113.9802238,23.3318384],[113.9912648,23.3116819],[113.9898832,23.3012978],[113.9714044,23.3038736],[113.967223,23.3092948],[113.9530674,23.318571],[113.9563345,23.3266353],[113.9519873,23.3376926],[113.9422252,23.3386821],[113.9356567,23.3455271],[113.9235031,23.3425679],[113.9062174,23.3458552],[113.9000497,23.3489862],[113.888583,23.3450581],[113.8839873,23.3310986],[113.8899138,23.3320647],[113.8880797,23.3246483],[113.893496,23.3226809],[113.8876634,23.3111159],[113.8860961,23.2878298],[113.8790864,23.2743098],[113.871707,23.2683727],[113.8785808,23.2662179],[113.8804006,23.2605297],[113.8867821,23.2601894],[113.8905946,23.2531065],[113.8846984,23.2457],[113.8964504,23.2228007],[113.8998685,23.222278],[113.8974272,23.213196],[113.8902083,23.2166962],[113.8874915,23.2070455],[113.8833186,23.2072214],[113.8778039,23.1941108],[113.8841174,23.1807322],[113.8963269,23.1783557],[113.8956036,23.1719774],[113.8844669,23.1657878],[113.8719333,23.1685945],[113.8650681,23.1630104],[113.8534704,23.1601547],[113.8504323,23.1538729],[113.8440776,23.1507265],[113.8403985,23.1376417],[113.8439536,23.133768],[113.839818,23.128348],[113.8345354,23.1200291],[113.8075787,23.1307491],[113.7862302,23.1305437],[113.7734055,23.1338238],[113.7497417,23.1328765],[113.7336826,23.1440984],[113.7192547,23.1449285],[113.7109555,23.1416388],[113.6848018,23.1244406],[113.6663255,23.1193773],[113.656829,23.1140879],[113.6557666,23.1197873],[113.6494801,23.1180074],[113.6477298,23.1231488],[113.6370561,23.1154273],[113.6351567,23.1065458],[113.6059027,23.106276],[113.5962749,23.0980693],[113.5813551,23.090476],[113.5528397,23.0846369],[113.5447822,23.080553],[113.5386455,23.0649889],[113.5269246,23.0536053],[113.5183588,23.0418393],[113.5158919,23.0174964],[113.5167502,23.0069104],[113.5217283,22.9863679],[113.5272215,22.974515],[113.5352748,22.9633366],[113.5383795,22.9520708],[113.5462759,22.9400568],[113.5600088,22.907013],[113.5697935,22.8930974],[113.5661886,22.8750682],[113.5668753,22.8562458],[113.576145,22.8380535],[113.6024092,22.8132132],[113.6223219,22.789951],[113.646308966,22.757797883],[113.6194837,22.7536359],[113.6076743,22.7443241],[113.5721875,22.7414083],[113.5567649,22.7499225],[113.5481965,22.7435629],[113.5689569,22.7258566],[113.5748564,22.7175957],[113.5790808,22.7052975],[113.5844453,22.6968641],[113.6010039,22.6882953],[113.6117212,22.6777689],[113.6441572,22.6397547],[113.6491268,22.6171744],[113.6517856,22.6119592],[113.6410753,22.6029855],[113.6427015,22.6006498],[113.6531889,22.6094996],[113.658548,22.6004764],[113.6490798,22.5916657],[113.6564794,22.5814617],[113.6344162,22.5628672],[113.6124502,22.596017],[113.5988742,22.6056863],[113.591459364,22.599257423],[113.5801661,22.6018107],[113.5697346,22.608984],[113.5670007,22.6056541],[113.5564095,22.6110384],[113.5327198,22.6478719],[113.527715,22.6581652],[113.5324873,22.6602679],[113.5345995,22.6693082],[113.5083421,22.6891432],[113.4966461,22.6959083],[113.4661229,22.7182327],[113.4592872,22.7244378],[113.462705,22.7320437],[113.4417096,22.7395992],[113.4205515,22.7416006],[113.4057951,22.7464538],[113.3598133,22.7761183],[113.3560687,22.7806852],[113.3512723,22.7964315],[113.3561278,22.7959461],[113.3761328,22.8010116],[113.3879656,22.8124806],[113.3741742,22.8225157],[113.3578049,22.826067],[113.3301817,22.8212781],[113.3256203,22.8255041],[113.3077043,22.8319835],[113.3046071,22.8402249],[113.3040664,22.8541864],[113.3002035,22.8539575],[113.2909472,22.8652718],[113.2961383,22.8689685],[113.2941846,22.8810323],[113.271047,22.8963298],[113.2722471,22.903487],[113.2811584,22.9043836],[113.2782284,22.9145742],[113.2769224,22.9303062],[113.2930642,22.937091],[113.2823803,22.9534056],[113.2629297,22.9573579],[113.2618602,22.9623935],[113.2449768,22.9751167],[113.2458544,22.9910422],[113.2521554,22.9970589],[113.2452493,23.0019307],[113.2446624,23.0111756],[113.2490135,23.0149251],[113.2478591,23.0221691],[113.2550544,23.0200007],[113.2505753,23.0468134],[113.2282527,23.0459182],[113.2208262,23.0441074],[113.2069795,23.0458064],[113.1910217,23.0584726],[113.1808111,23.0616478],[113.1722739,23.0715571],[113.1721437,23.0801261],[113.1882874,23.0863977],[113.2037286,23.0861633],[113.2077833,23.0916613],[113.2102605,23.1030193],[113.2014343,23.1025247],[113.2016459,23.1109172],[113.1982255,23.1192091],[113.1998128,23.1247065],[113.2058312,23.125189],[113.2083459,23.1438443],[113.2063497,23.1460664],[113.1890194,23.1494048],[113.1832229,23.1477776],[113.1811361,23.1575202],[113.1845881,23.1641567],[113.197342,23.1756224],[113.2058076,23.1792963],[113.2029917,23.1848943],[113.2037646,23.1955504],[113.1990308,23.2045187],[113.1828437,23.2175329],[113.1762481,23.2173351],[113.171649,23.2266121],[113.1764248,23.2503276],[113.1734299,23.275158],[113.1684859,23.2794876],[113.1600571,23.2802251],[113.1573791,23.2884303],[113.1474005,23.2875706],[113.1437476,23.2937566],[113.1462751,23.3029815],[113.1315837,23.311964],[113.1256306,23.3110386],[113.1229048,23.3165047],[113.1179271,23.3102235],[113.1085078,23.3085049],[113.1059477,23.311421],[113.1042898,23.2964242],[113.099062,23.2925321],[113.0935335,23.2943911],[113.0832982,23.2888539],[113.0691725,23.2875743],[113.0664351,23.2812883],[113.0736743,23.2701876],[113.0760585,23.2623849],[113.0726912,23.2511767],[113.0551505,23.25223],[113.047475,23.2554496],[113.0394882,23.2547396],[113.0474275,23.2657247],[113.0459984,23.2808967],[113.0371439,23.285968],[113.0271188,23.3034273],[113.0291087,23.3191546],[113.0181252,23.3274615],[113.0239937,23.3383702],[113.0379868,23.353623],[113.0294107,23.3599177],[113.0129779,23.3439308],[113.0099744,23.3448486],[113.0049315,23.3567501],[112.9846185,23.357388],[112.9813117,23.3602541],[112.9805306,23.3717111],[112.9753134,23.381904],[112.9831173,23.3927718],[112.9808607,23.3984834],[112.9853308,23.4052913],[112.9958165,23.4089394],[112.9834382,23.4224514],[112.976442,23.4369716],[112.9833343,23.4409715],[112.9838811,23.4459454],[112.9734295,23.4442541],[112.9698616,23.4370072],[112.9634274,23.4359048],[112.9543902,23.4275583],[112.9523727,23.4341745]]],[[[113.5824118,22.7221686],[113.5918702,22.7222932],[113.6084175,22.7149694],[113.6266753,22.7275939],[113.6400516,22.7140533],[113.6462628,22.7100677],[113.6397361,22.7065049],[113.6440829,22.6995036],[113.6490907,22.7060182],[113.6654766,22.6801541],[113.6712063,22.6689783],[113.6558786,22.6723655],[113.6513888,22.6661319],[113.6665703,22.6616613],[113.6651879,22.6573575],[113.6762627,22.6610143],[113.6811497,22.6484617],[113.6956978,22.5824068],[113.6932826,22.5740574],[113.6720499,22.6028292],[113.6677158,22.6122158],[113.6597947,22.641268],[113.6552845,22.6403589],[113.6548409,22.6501155],[113.618976,22.6872486],[113.5914874,22.70385],[113.5824118,22.7221686]]],[[[113.0601587,23.2339729],[113.0634206,23.2384966],[113.0749433,23.2431366],[113.0766624,23.2406366],[113.068677,23.2348969],[113.064299,23.2336638],[113.0601587,23.2339729]],[[113.0666406,23.2355762],[113.067524,23.2352806],[113.0681194,23.2361674],[113.0666406,23.2355762]],[[113.0623653,23.2354224],[113.0631191,23.234293],[113.0647372,23.2352151],[113.0623653,23.2354224]]],[[[113.6570645,22.7178083],[113.6585102,22.7175374],[113.6575908,22.7167973],[113.6570645,22.7178083]]],[[[113.6538394,22.7206184],[113.6539004,22.7207681],[113.6539413,22.7206741],[113.6538394,22.7206184]]],[[[113.6535645,22.7200636],[113.6536235,22.7200933],[113.6535886,22.7200142],[113.6535645,22.7200636]]],[[[113.6526029,22.7196999],[113.6526954,22.7196653],[113.6526351,22.7196282],[113.6526029,22.7196999]]],[[[113.6524299,22.72084],[113.6540191,22.7210009],[113.6528832,22.7196919],[113.6524299,22.72084]]],[[[113.6437127,22.6583215],[113.6445683,22.6589675],[113.6456439,22.6577497],[113.6437127,22.6583215]]],[[[113.6172983,22.744796],[113.6173895,22.7447527],[113.6172996,22.7447416],[113.6172983,22.744796]]],[[[113.6169335,22.7451769],[113.6169952,22.7452091],[113.6170153,22.7451608],[113.6169335,22.7451769]]],[[[113.6167645,22.7458275],[113.6167994,22.745872],[113.6168168,22.7458164],[113.6167645,22.7458275]]],[[[113.6165503,22.7460965],[113.6196426,22.7452711],[113.618684,22.7446323],[113.6165503,22.7460965]]],[[[113.6106518,22.7465436],[113.6107483,22.746556],[113.6107215,22.7465065],[113.6106518,22.7465436]]],[[[113.5894728,22.7316877],[113.5976708,22.7317308],[113.5945449,22.7308248],[113.5894728,22.7316877]]]]}},{"type":"Feature","properties":{"name":"韶关市","osm_relation":3203994},"geometry":{"type":"MultiPolygon","coordinates":[[[[112.8466701,25.3389645],[112.850275,25.3408068],[112.8656816,25.3299075],[112.8721374,25.336969],[112.8807557,25.3357694],[112.8875041,25.3433279],[112.8904774,25.3409212],[112.895658,25.312354],[112.9043054,25.3072718],[112.9054427,25.3030429],[112.9125988,25.303489],[112.9173732,25.2994346],[112.9227698,25.3013745],[112.9220939,25.3075433],[112.928043,25.3206801],[112.9271364,25.3261497],[112.9430044,25.3314009],[112.9439914,25.3389257],[112.9590762,25.3425231],[112.9635179,25.3548175],[112.9673588,25.3518506],[112.9793,25.357377],[112.9901683,25.3505417],[113.0087185,25.3552828],[113.0143404,25.3482923],[113.0197585,25.3482923],[113.0196277,25.3561738],[113.0277359,25.3638704],[113.0290604,25.370077],[113.0376581,25.3684342],[113.0539298,25.3823201],[113.062588,25.3867304],[113.0665737,25.3833718],[113.0745023,25.3853104],[113.0732524,25.3908691],[113.0830696,25.3987187],[113.0848825,25.4101362],[113.0915852,25.4132895],[113.0858695,25.4200981],[113.0987012,25.4244392],[113.1094321,25.423501],[113.1156099,25.4174333],[113.127197,25.4177046],[113.1264058,25.4258563],[113.1200284,25.4405795],[113.1121927,25.4491649],[113.1176162,25.4516934],[113.1172514,25.4612353],[113.1318748,25.4718225],[113.1472218,25.471035],[113.1466699,25.4765492],[113.1375289,25.4729267],[113.1339025,25.4747961],[113.1390953,25.4814597],[113.1456721,25.4790577],[113.1467235,25.4858276],[113.1436551,25.493614],[113.1501031,25.4959478],[113.1663144,25.4893189],[113.163836,25.4827769],[113.1745005,25.4718806],[113.184886,25.4805686],[113.1949925,25.4806268],[113.2063222,25.4924906],[113.2064509,25.5056508],[113.2103777,25.5052248],[113.2217288,25.5138426],[113.2409397,25.519087],[113.2481003,25.5073163],[113.2573646,25.5008721],[113.2600522,25.5082943],[113.2722831,25.5050795],[113.2765048,25.4970519],[113.2838139,25.4991363],[113.2868957,25.5066676],[113.2824111,25.512913],[113.2857156,25.5199812],[113.3005428,25.5172702],[113.291273,25.5113058],[113.2952212,25.5051086],[113.3009505,25.5037529],[113.3006716,25.4984366],[113.3058724,25.4929312],[113.3037722,25.4827478],[113.3089327,25.4730527],[113.3073315,25.4466025],[113.3124947,25.4465493],[113.3173871,25.4532725],[113.3345961,25.4522069],[113.3462262,25.4410076],[113.3539294,25.4414145],[113.3619546,25.4301754],[113.3632421,25.4158925],[113.3697438,25.4051938],[113.3831763,25.4077329],[113.3868027,25.4021119],[113.4015225,25.4042634],[113.417809,25.3974405],[113.417294,25.3920128],[113.4223794,25.3766593],[113.4389448,25.3630873],[113.4448457,25.362273],[113.4572696,25.3734409],[113.4604454,25.3699122],[113.4686422,25.3704164],[113.4726333,25.3794704],[113.5003567,25.3755347],[113.5118097,25.3714681],[113.5091543,25.3625541],[113.5144328,25.3572898],[113.5196149,25.359539],[113.5292387,25.3707265],[113.5383367,25.3706344],[113.540445,25.3601401],[113.5460776,25.3613083],[113.5521662,25.3526748],[113.5728568,25.3496594],[113.5785377,25.3380821],[113.5728191,25.3189684],[113.5762525,25.3180567],[113.57548,25.3095414],[113.5810985,25.3109119],[113.585755,25.3181241],[113.610661,25.3305783],[113.6152727,25.3286705],[113.6259961,25.3335896],[113.6278733,25.3309896],[113.6395428,25.3325405],[113.6408639,25.3293505],[113.6522271,25.3320866],[113.6583853,25.3406694],[113.6751747,25.3369649],[113.6815452,25.3449569],[113.6789236,25.3490994],[113.6824894,25.3558742],[113.7018871,25.3553604],[113.7194288,25.3619046],[113.7214565,25.3573673],[113.7325501,25.3515598],[113.732357,25.3582981],[113.7426823,25.3684918],[113.7487413,25.3640191],[113.759104,25.3371221],[113.75076,25.3362987],[113.7578385,25.3322613],[113.7763238,25.3374324],[113.7852287,25.3327973],[113.8097135,25.3315994],[113.8179167,25.3348329],[113.8276042,25.3468164],[113.8279722,25.3587636],[113.8389586,25.3694664],[113.8576697,25.373344],[113.8619612,25.3789276],[113.8724325,25.3843558],[113.8727759,25.3911794],[113.8784407,25.3998636],[113.8766383,25.4107953],[113.8870238,25.4146716],[113.8852214,25.4209509],[113.8783549,25.4234315],[113.8810157,25.4394768],[113.8978385,25.4442048],[113.9125585,25.4421023],[113.9088249,25.4460454],[113.9226436,25.4454255],[113.9285767,25.4410075],[113.9362692,25.4408719],[113.9499865,25.449411],[113.9563965,25.456915],[113.964808,25.4520519],[113.9744425,25.4515094],[113.9858794,25.4457742],[113.9942212,25.4476423],[114.0012427,25.4395431],[113.9770388,25.4167065],[113.9798069,25.4093222],[113.9865874,25.4042828],[114.0026476,25.3999935],[114.0056419,25.3896286],[114.0170573,25.3876125],[114.026327,25.3935831],[114.0348458,25.394969],[114.0404248,25.386837],[114.0274322,25.3834251],[114.0187955,25.3765623],[114.0404355,25.3712306],[114.0462881,25.3667325],[114.0363907,25.3641538],[114.046347,25.3502315],[114.0429782,25.3446467],[114.0311551,25.3459653],[114.0295458,25.3401669],[114.0236126,25.3375488],[114.0239346,25.3313427],[114.0301894,25.3228477],[114.0392017,25.3215288],[114.0517974,25.3135179],[114.0422916,25.3104337],[114.0291595,25.3113841],[114.0207266,25.3046531],[114.0215206,25.2928579],[114.0176582,25.2863974],[114.0108824,25.28266],[114.0155124,25.2732424],[114.0252006,25.2695361],[114.0235484,25.2625212],[114.0268528,25.2548655],[114.0354359,25.2540795],[114.0414762,25.2631131],[114.0461003,25.2765604],[114.0576553,25.2835453],[114.0632987,25.2763469],[114.0713346,25.2815856],[114.0773964,25.2777148],[114.0888548,25.2910149],[114.1038193,25.2986691],[114.1118574,25.3063212],[114.1212988,25.3030428],[114.1236269,25.308135],[114.1349137,25.3144489],[114.1422522,25.3082708],[114.1504383,25.3161559],[114.1618537,25.3164857],[114.16651,25.3090176],[114.1745782,25.3090661],[114.187088,25.3209274],[114.2001127,25.3137119],[114.199469,25.3033921],[114.2094039,25.3050797],[114.2237591,25.2988139],[114.2247676,25.3035861],[114.2390799,25.3011999],[114.2588425,25.2941384],[114.2671895,25.3051185],[114.2845487,25.300909],[114.2863727,25.2918879],[114.2981744,25.29344],[114.289763,25.3010253],[114.29605,25.3070584],[114.308753,25.3082417],[114.3076587,25.3150696],[114.2992043,25.3179792],[114.3000841,25.3353379],[114.3106627,25.3422807],[114.3207907,25.3373549],[114.3325281,25.3371997],[114.3517675,25.3299157],[114.3638992,25.32983],[114.370079,25.3219166],[114.3945622,25.3295584],[114.3974161,25.3371997],[114.4201505,25.3402542],[114.4256758,25.348971],[114.4267273,25.3608187],[114.4315767,25.3663059],[114.4344735,25.3811181],[114.4428634,25.3898611],[114.4549655,25.3902876],[114.4579267,25.3835802],[114.4765091,25.373751],[114.482367,25.3797417],[114.4907998,25.3794702],[114.5044899,25.3876706],[114.5060455,25.3920225],[114.5012927,25.4033137],[114.5168924,25.4097098],[114.5257115,25.4187027],[114.5354104,25.4219198],[114.5389079,25.4161541],[114.5466328,25.4159216],[114.5516967,25.4106014],[114.5663094,25.4046123],[114.5745062,25.4055232],[114.5701933,25.3997277],[114.5674037,25.3887562],[114.5712554,25.3842878],[114.5765233,25.387341],[114.5751607,25.4002898],[114.5801496,25.4011912],[114.5969081,25.3878644],[114.5919727,25.3715797],[114.5974016,25.372801],[114.5936679,25.3640956],[114.607079,25.361478],[114.6128169,25.3502436],[114.6212066,25.3418403],[114.6198056,25.3343826],[114.6327638,25.3270177],[114.6533847,25.33111],[114.6637487,25.3287826],[114.669714,25.3191236],[114.6748975,25.3161493],[114.6831036,25.3173294],[114.685364,25.3252718],[114.6992183,25.3153994],[114.7103012,25.3181537],[114.7080631,25.3082498],[114.7151667,25.3079167],[114.7207204,25.2966071],[114.7182813,25.2879905],[114.726963,25.287804],[114.7390866,25.2774528],[114.7412846,25.2624387],[114.7367692,25.2507027],[114.7440648,25.2457343],[114.732027,25.2426581],[114.7371983,25.2341956],[114.7445369,25.2384463],[114.7446871,25.2336036],[114.7331428,25.228353],[114.7262549,25.2296147],[114.7206223,25.2363889],[114.7078906,25.2246484],[114.6973958,25.2240343],[114.6963715,25.2191298],[114.6891493,25.2165343],[114.6911073,25.2058342],[114.6961372,25.2052865],[114.690502,25.1985108],[114.6747136,25.197942],[114.6790588,25.1892142],[114.685024,25.1888939],[114.6868781,25.1832083],[114.6826413,25.1764175],[114.696182,25.1663095],[114.7051049,25.164536],[114.720279,25.1660182],[114.7205901,25.1589197],[114.7318661,25.1576961],[114.7269094,25.1471299],[114.7353148,25.1307664],[114.7250533,25.1184569],[114.7114735,25.1180846],[114.7037318,25.1111779],[114.6996577,25.1123091],[114.6911344,25.1064487],[114.6785545,25.1116373],[114.6664631,25.1054488],[114.6613777,25.1062746],[114.661324,25.0937948],[114.6534276,25.0824603],[114.6396732,25.0789524],[114.6381497,25.0737827],[114.628294,25.0770869],[114.6171641,25.0766591],[114.613688,25.0797492],[114.6046401,25.0789592],[114.5984316,25.0844912],[114.5920962,25.0790957],[114.5744419,25.0840053],[114.5664811,25.0812068],[114.5566602,25.0818647],[114.5529006,25.070451],[114.535625,25.0521295],[114.5374064,25.0415402],[114.5341658,25.0295393],[114.5277929,25.0300449],[114.5286941,25.0245036],[114.5215273,25.0234342],[114.5100398,25.0280389],[114.5072579,25.0160066],[114.5091676,25.0084618],[114.5039105,25.0043197],[114.4852638,25.0050004],[114.4768798,25.0092897],[114.4513282,24.9973149],[114.4515678,24.980285],[114.443357,24.9759828],[114.4162667,24.9748692],[114.4174881,24.959179],[114.3981242,24.9574251],[114.3903198,24.9532558],[114.3931669,24.9465978],[114.3914412,24.9382126],[114.3969891,24.9322143],[114.3936408,24.9205954],[114.3863078,24.9141323],[114.3957065,24.9057953],[114.4000443,24.8942725],[114.3983918,24.8811557],[114.3823831,24.8661635],[114.3729844,24.8641956],[114.3690597,24.8551993],[114.3581117,24.8468583],[114.3594544,24.8432969],[114.3512951,24.8319557],[114.3526927,24.8223872],[114.3366693,24.8140828],[114.3399341,24.8023325],[114.3390045,24.7926753],[114.3302256,24.7886434],[114.3287796,24.7836737],[114.3348732,24.7750466],[114.3368356,24.7667941],[114.3318781,24.7542266],[114.3239253,24.7479424],[114.3118413,24.7443781],[114.3083297,24.738281],[114.2976917,24.7340597],[114.2838518,24.7332155],[114.2767254,24.7267426],[114.2745565,24.7110749],[114.2666037,24.7032872],[114.2582379,24.7035687],[114.2516278,24.7002846],[114.2438816,24.7019736],[114.2261171,24.7006599],[114.2067001,24.6919332],[114.1983342,24.6911825],[114.18656,24.6972819],[114.1645609,24.6928716],[114.1643544,24.6869597],[114.1727202,24.6752288],[114.1779876,24.671944],[114.1789172,24.6655617],[114.1849075,24.6611503],[114.1772646,24.6559878],[114.1728318,24.663638],[114.1681063,24.6588563],[114.1694445,24.6483825],[114.1787106,24.6500741],[114.1870236,24.6555396],[114.2019491,24.6567387],[114.2078362,24.6492293],[114.225704,24.6433153],[114.237788,24.6481967],[114.2539,24.6434091],[114.2558624,24.6372132],[114.2627823,24.6336457],[114.2711481,24.6349601],[114.2771385,24.6242571],[114.2846781,24.6213465],[114.2870536,24.601252],[114.294345,24.5917493],[114.2963134,24.5815598],[114.3034369,24.5769067],[114.3055676,24.561396],[114.2882761,24.554829],[114.2828937,24.5478761],[114.2839794,24.540832],[114.2687446,24.5365653],[114.2664063,24.5328447],[114.2739921,24.5275606],[114.2768776,24.5216101],[114.2737341,24.5164562],[114.2830253,24.5011979],[114.2927563,24.4941686],[114.3006098,24.4846246],[114.3085492,24.4817979],[114.2984962,24.4734199],[114.2876065,24.4723555],[114.2860722,24.4663109],[114.2777252,24.4621117],[114.2792916,24.456799],[114.2611591,24.4446148],[114.2523909,24.4367754],[114.2448053,24.4348916],[114.2362046,24.426149],[114.2406971,24.414178],[114.2511118,24.4037713],[114.2443156,24.3846844],[114.2472017,24.3708664],[114.2433908,24.3682606],[114.248258,24.3634659],[114.2576414,24.3663866],[114.277457,24.3663122],[114.2891758,24.353862],[114.2837763,24.3440274],[114.2739272,24.3378886],[114.267858,24.3254169],[114.2756224,24.3174466],[114.2760515,24.3054547],[114.2578746,24.2831464],[114.2616434,24.2738839],[114.2549907,24.2733951],[114.2484173,24.2644974],[114.2685657,24.2645094],[114.269849,24.2604164],[114.2524559,24.2615764],[114.2483359,24.2594576],[114.2513857,24.2526188],[114.2598024,24.2492748],[114.2646694,24.2343686],[114.2682654,24.2315225],[114.2693416,24.2139789],[114.2757393,24.2147108],[114.2931649,24.2049769],[114.2934258,24.1987174],[114.2845774,24.1851372],[114.286759,24.1774154],[114.3003074,24.169991],[114.3091722,24.1511674],[114.3156624,24.1491597],[114.3172927,24.1427821],[114.3238712,24.1404202],[114.3231531,24.1299654],[114.3314817,24.1272428],[114.3319777,24.1321393],[114.3431566,24.1450107],[114.3493922,24.1457457],[114.3652525,24.1325561],[114.3749376,24.1421723],[114.3818858,24.1409315],[114.3897325,24.1444942],[114.3958919,24.1414959],[114.4150326,24.141],[114.4113946,24.1275053],[114.4221089,24.1207267],[114.4264788,24.1368193],[114.4342301,24.1248014],[114.4414926,24.1241201],[114.4597191,24.1135451],[114.4668159,24.1172381],[114.4727205,24.1145375],[114.479007,24.120346],[114.4723591,24.1265105],[114.469598,24.138162],[114.458742,24.1446347],[114.4654042,24.1474382],[114.4659322,24.1649342],[114.4576686,24.1640679],[114.453668,24.1706755],[114.461662,24.1756304],[114.4672035,24.1748031],[114.4679773,24.1671318],[114.4763434,24.17353],[114.4854384,24.1936491],[114.495708,24.1981636],[114.5210271,24.2234173],[114.5364342,24.2256881],[114.5460112,24.2342306],[114.5473781,24.2418939],[114.553667,24.250072],[114.5598713,24.2443189],[114.5615217,24.2350752],[114.573011,24.2302415],[114.5788834,24.2321151],[114.5874751,24.2292569],[114.5889992,24.2205561],[114.5952725,24.21412],[114.5875667,24.2067465],[114.5826518,24.1942279],[114.596119,24.1805033],[114.591523,24.1673915],[114.5787111,24.1630914],[114.5639716,24.1622271],[114.5546116,24.1555225],[114.5575448,24.1440647],[114.5617887,24.1380737],[114.5532671,24.1343175],[114.5524817,24.126586],[114.5407646,24.1346456],[114.5322115,24.1255909],[114.528621,24.1368896],[114.5309855,24.1416067],[114.5226681,24.1374965],[114.5225891,24.1306232],[114.5107422,24.1224124],[114.5099733,24.1113567],[114.5034831,24.1088814],[114.492471,24.1200867],[114.4852464,24.1182146],[114.4904575,24.1074132],[114.4793556,24.0995409],[114.4731474,24.0846555],[114.4579926,24.0772477],[114.4554278,24.0789054],[114.4377645,24.0714707],[114.4327743,24.065046],[114.4307915,24.0530017],[114.4360468,24.0477715],[114.4377016,24.0356896],[114.4195144,24.0366666],[114.4158539,24.0199108],[114.4104958,24.0293474],[114.3965445,24.0296715],[114.3874921,24.025157],[114.3937187,24.0214856],[114.3907326,24.0163819],[114.3841095,24.0148996],[114.3809058,24.002843],[114.3893861,23.9968515],[114.3806309,23.9972311],[114.3778525,23.9859106],[114.3843641,23.9734381],[114.3799428,23.9706293],[114.3785626,23.9630883],[114.3819762,23.9596306],[114.372192,23.9494516],[114.3772813,23.9356025],[114.3758194,23.9312904],[114.3655321,23.9299064],[114.3621789,23.9198977],[114.3641655,23.9170261],[114.3549028,23.9126185],[114.3577187,23.9036871],[114.3538899,23.8969431],[114.3439109,23.8898882],[114.3335316,23.8954223],[114.3270192,23.9029976],[114.3163742,23.8969939],[114.298516,23.8941126],[114.2835287,23.9081142],[114.2675967,23.9039616],[114.2591355,23.9088126],[114.2567855,23.9137552],[114.250527,23.9099866],[114.2391483,23.9099684],[114.2318005,23.913312],[114.2428799,23.9325726],[114.2496929,23.937279],[114.2423739,23.9396685],[114.2500394,23.9449937],[114.2668019,23.9508515],[114.2661012,23.9627609],[114.258846,23.9630834],[114.2551035,23.9559963],[114.2492337,23.9551328],[114.2366098,23.9471371],[114.2260247,23.9429835],[114.217124,23.9429751],[114.2083421,23.9485118],[114.1977735,23.9440772],[114.1874656,23.9469026],[114.1815874,23.9523707],[114.1815533,23.9582788],[114.1686636,23.9614632],[114.1592679,23.9565052],[114.1538374,23.9434799],[114.1493105,23.939529],[114.1276739,23.9448282],[114.1255963,23.9396781],[114.1033755,23.9286419],[114.0916001,23.9289802],[114.0878627,23.9249276],[114.0821941,23.9281933],[114.0700596,23.9268931],[114.0692181,23.9334],[114.0630788,23.9334344],[114.052358,23.9392074],[114.0460179,23.93185],[114.0457529,23.9268152],[114.0313835,23.9039269],[114.0263729,23.9084424],[114.0277375,23.9227947],[114.0122542,23.9287202],[114.0041232,23.9355948],[113.995033,23.9315743],[113.9875771,23.9332453],[113.9795685,23.9286885],[113.977057,23.9321673],[113.9592698,23.9310995],[113.9473053,23.9323777],[113.9363664,23.9262463],[113.9314926,23.9313625],[113.9200511,23.9315404],[113.9042571,23.9265138],[113.8979199,23.9322942],[113.8879844,23.9341788],[113.8824769,23.9266832],[113.8743828,23.9338365],[113.8592061,23.9321328],[113.849634,23.9248134],[113.8310441,23.9199896],[113.8022959,23.9031501],[113.7955637,23.9062159],[113.79258,23.9285005],[113.7869067,23.9349903],[113.7704268,23.9410997],[113.7696627,23.9579141],[113.7612428,23.963667],[113.7530101,23.9649017],[113.7476044,23.9612147],[113.7345534,23.9648891],[113.7340813,23.9736325],[113.7264834,23.9749834],[113.7279955,23.9816414],[113.7134726,23.9958939],[113.7207518,23.9993596],[113.7239675,24.0053338],[113.7306871,24.0077812],[113.7372105,24.0173921],[113.7371994,24.0228463],[113.7435501,24.0285293],[113.7523908,24.0291672],[113.7601832,24.0229768],[113.763544,24.0271852],[113.7743178,24.0313162],[113.7777291,24.0253633],[113.7842448,24.0310871],[113.790331,24.0462224],[113.7993555,24.0572254],[113.8127581,24.0572551],[113.8176044,24.0621436],[113.8266312,24.0644476],[113.8237404,24.074839],[113.8330237,24.0763971],[113.8336572,24.0830987],[113.8413172,24.0879285],[113.8334133,24.0907628],[113.834216,24.0997221],[113.8304651,24.1017378],[113.8369489,24.107778],[113.8306549,24.1167259],[113.8318913,24.1214855],[113.8480054,24.1294584],[113.8488533,24.1374624],[113.8529756,24.1346727],[113.8661676,24.139918],[113.8640806,24.1489862],[113.8576079,24.1500698],[113.8513683,24.1637387],[113.8593615,24.1661185],[113.8589356,24.1706848],[113.8808928,24.1810719],[113.8857484,24.1878743],[113.8937967,24.1929792],[113.9000171,24.1910736],[113.8970971,24.1850482],[113.9089586,24.1898522],[113.9227619,24.1888857],[113.9247415,24.1989657],[113.9175013,24.1959848],[113.9160328,24.2036877],[113.8907504,24.2120125],[113.8900928,24.2297774],[113.8854187,24.2327645],[113.8876462,24.2437853],[113.8761663,24.2499286],[113.8690141,24.2421952],[113.863923,24.2471482],[113.8682914,24.2550348],[113.8581107,24.2618945],[113.8517641,24.256323],[113.8380054,24.2640607],[113.8357485,24.2738238],[113.8435709,24.2746823],[113.8471663,24.2815308],[113.8388482,24.2822489],[113.8416785,24.2891979],[113.8397154,24.3093939],[113.8443163,24.3143508],[113.843569,24.3282863],[113.8337016,24.3412708],[113.8282998,24.3392688],[113.8186597,24.3416618],[113.810598,24.3482737],[113.8152051,24.3539094],[113.808049,24.3571153],[113.8026631,24.3731434],[113.7945413,24.3800916],[113.8004429,24.3903594],[113.798672,24.404541],[113.7920415,24.404627],[113.784,24.4127422],[113.7744557,24.4131817],[113.769439,24.4171796],[113.7580689,24.4195981],[113.7568187,24.4360148],[113.7480855,24.4400586],[113.7377414,24.4413078],[113.7320566,24.4382809],[113.7216951,24.4399076],[113.7182711,24.4338005],[113.7169737,24.417485],[113.7062659,24.4139696],[113.6979389,24.4265202],[113.6779647,24.4443151],[113.6767001,24.4582841],[113.6607957,24.470881],[113.6489786,24.4709562],[113.6469127,24.4743922],[113.6331924,24.4825758],[113.6323524,24.489889],[113.6189104,24.4954525],[113.6154459,24.4924197],[113.6051738,24.4931101],[113.6019555,24.500344],[113.59611,24.4971324],[113.5913901,24.503283],[113.5965011,24.5121023],[113.5932772,24.516438],[113.5840678,24.5185074],[113.5792351,24.509291],[113.5793896,24.5024553],[113.5700378,24.5128224],[113.5619187,24.5103258],[113.5515547,24.5109017],[113.5499668,24.5152457],[113.5402489,24.5105583],[113.5353112,24.5129029],[113.5335051,24.5050877],[113.5237441,24.4955973],[113.5241532,24.4837312],[113.5138428,24.4722872],[113.5078454,24.4837312],[113.501371,24.4883305],[113.4908294,24.4733808],[113.4796985,24.4758654],[113.4754014,24.4844928],[113.4640503,24.4646312],[113.440361,24.4601585],[113.4348284,24.4557604],[113.41017,24.4632933],[113.4060114,24.4763189],[113.4117865,24.4814385],[113.4121489,24.4874355],[113.4025157,24.4845268],[113.3961582,24.488125],[113.3717823,24.4848638],[113.375693,24.4964336],[113.3704304,24.4970292],[113.3648985,24.4884887],[113.346407,24.4736466],[113.3292305,24.4753808],[113.3114862,24.466721],[113.301959,24.4671898],[113.290801,24.4596116],[113.285501,24.4638499],[113.2665109,24.4684202],[113.2538165,24.4859976],[113.255074,24.4898043],[113.2477569,24.496873],[113.2478708,24.5119749],[113.24172,24.5098427],[113.2388874,24.5041051],[113.2110987,24.4985571],[113.2077361,24.4891777],[113.1990234,24.4772095],[113.1895671,24.4770514],[113.185139,24.4816877],[113.1715532,24.481951],[113.1667528,24.4768515],[113.1565136,24.4861414],[113.150584,24.4703901],[113.1445984,24.4719252],[113.1468028,24.4798041],[113.1392825,24.4842325],[113.128903,24.4831046],[113.1303891,24.4879543],[113.1184896,24.4950579],[113.1094575,24.5056598],[113.0915614,24.5035669],[113.087478,24.4875424],[113.0809153,24.4756036],[113.0610039,24.469346],[113.0523749,24.4733888],[113.0486678,24.4787885],[113.0420307,24.4782757],[113.0202513,24.4972345],[113.0168201,24.5170019],[113.0004137,24.5253451],[112.9935051,24.5318181],[112.9933479,24.5401758],[112.9849729,24.548287],[112.9800958,24.5448615],[112.9708112,24.5495533],[112.9728272,24.5608051],[112.9672739,24.5621547],[112.962315,24.5718197],[112.9581314,24.5709382],[112.9563654,24.5778528],[112.9599886,24.5834038],[112.9567319,24.593127],[112.9476188,24.5984536],[112.9399331,24.5972505],[112.9317085,24.6006477],[112.9208138,24.5991162],[112.9126947,24.6044935],[112.8982331,24.598049],[112.8936474,24.604234],[112.8818239,24.5984244],[112.8784024,24.6088909],[112.8787621,24.6197897],[112.8929834,24.635601],[112.8950825,24.6445551],[112.8904866,24.653735],[112.8955685,24.6594588],[112.9102793,24.6637917],[112.9108155,24.6699536],[112.9014067,24.6803447],[112.9038109,24.6852994],[112.8979369,24.7002339],[112.9002139,24.7074756],[112.8920722,24.7142304],[112.8906702,24.7206549],[112.9099733,24.7189631],[112.9214447,24.7200909],[112.9216208,24.7264908],[112.931225,24.7329008],[112.9346427,24.7424621],[112.9265336,24.74641],[112.9274187,24.7588548],[112.9370758,24.7650846],[112.9477357,24.7830601],[112.9428322,24.7904756],[112.9530764,24.7953831],[112.9552562,24.8022807],[112.945924,24.8213172],[112.9544836,24.8272698],[112.9739278,24.8355591],[112.9935461,24.8533939],[113.0092663,24.8544092],[113.0141019,24.858791],[113.0167406,24.8736804],[113.0072695,24.8824174],[113.0061051,24.8983692],[112.995853,24.9077955],[112.9995396,24.9164612],[112.9908581,24.9275388],[112.9861021,24.9420166],[112.9992861,24.9444851],[113.0068468,24.9519799],[112.9985046,24.9569193],[113.0028493,24.9644774],[113.0042767,24.9850272],[112.9983759,24.9856885],[112.9969597,24.993857],[112.9854887,24.9983576],[112.982347,25.0046892],[112.988162,25.016551],[112.9866463,25.019791],[112.971468,25.029831],[112.9732865,25.0379625],[112.9803514,25.0415348],[112.986027,25.0500495],[112.9915255,25.0516581],[112.9972601,25.0745989],[113.0131965,25.086516],[113.0008864,25.0883682],[112.9917754,25.1070397],[112.9822075,25.1162517],[112.9816282,25.1226436],[112.9655885,25.1348729],[112.9599237,25.1474407],[112.9666185,25.1577349],[112.9654925,25.1686259],[112.9963588,25.1866901],[113.0028498,25.1931267],[113.0118272,25.1915734],[113.0242646,25.1943403],[113.0315843,25.2089818],[113.022623,25.2139104],[113.0177092,25.210086],[113.0101132,25.2156964],[113.0010718,25.2351159],[112.9917669,25.2414741],[112.99012,25.250334],[112.9723638,25.2480584],[112.9688072,25.2541183],[112.9586309,25.2527938],[112.953375,25.2580901],[112.9478753,25.2554768],[112.9465824,25.2488687],[112.9362506,25.2526968],[112.9261493,25.2516246],[112.9281664,25.246598],[112.9190147,25.2470055],[112.9197067,25.2516148],[112.9004109,25.2454917],[112.8981042,25.2409598],[112.8900468,25.2417556],[112.8869462,25.2498002],[112.8758848,25.252265],[112.8629029,25.2516245],[112.8610846,25.2635195],[112.8710461,25.2782629],[112.8613847,25.2796017],[112.8565943,25.2907724],[112.8507042,25.2909373],[112.8539872,25.2998614],[112.8486335,25.3141192],[112.8542232,25.3214705],[112.8484082,25.3293063],[112.8466701,25.3389645]]]]}},{"type":"Feature","properties":{"name":"深圳市","osm_relation":3464353},"geometry":{"type":"MultiPolygon","coordinates":[[[[113.7474919,22.7147829],[113.7562057,22.7381518],[113.7687333,22.7474758],[113.7821791,22.7532489],[113.7887827,22.761615],[113.7868721,22.7707058],[113.7957771,22.778636],[113.7970713,22.7877752],[113.8051604,22.785126],[113.8110728,22.795081],[113.8219412,22.7954263],[113.8321854,22.8038274],[113.8349678,22.8109535],[113.8335522,22.8224072],[113.8299082,22.8249064],[113.8360294,22.8362773],[113.846718,22.8401669],[113.8521177,22.8354967],[113.8591667,22.8395864],[113.8676408,22.839796],[113.8657903,22.8481902],[113.873322,22.8553093],[113.878323,22.8532785],[113.8838146,22.8582288],[113.8888226,22.8490572],[113.8978611,22.8467546],[113.8994937,22.8353378],[113.9107308,22.8318112],[113.9329628,22.8354717],[113.9507649,22.8237688],[113.9504304,22.8181419],[113.9678554,22.81497],[113.973392,22.8092099],[113.9672164,22.8049682],[113.9701161,22.8001591],[113.9858384,22.8029281],[113.9891435,22.7850964],[113.9938956,22.7773994],[113.9904026,22.7731936],[113.9978526,22.7662247],[114.0127843,22.7630138],[114.0302211,22.7694451],[114.0347499,22.7669441],[114.0414824,22.7739782],[114.047319,22.7657382],[114.0446017,22.7590185],[114.0587456,22.7589495],[114.0577191,22.7522281],[114.0637708,22.7517509],[114.0697284,22.7430183],[114.0793429,22.7532696],[114.0869957,22.7488922],[114.0934861,22.7497409],[114.0942077,22.7379929],[114.0999509,22.7344328],[114.1021999,22.7257204],[114.1105028,22.7257173],[114.1168357,22.718835],[114.1246434,22.7193624],[114.1301771,22.7146989],[114.1323188,22.7191292],[114.138356,22.7158559],[114.1400447,22.7038302],[114.1444773,22.7024297],[114.1467591,22.6928368],[114.1606531,22.6834585],[114.162725,22.6769961],[114.1586807,22.6679251],[114.1556236,22.6716065],[114.1492687,22.6694015],[114.150058,22.6630715],[114.1558751,22.6676916],[114.1559421,22.659471],[114.1623714,22.6654601],[114.1651814,22.6585168],[114.1735266,22.6564988],[114.1801661,22.6738218],[114.1922619,22.6851041],[114.1868415,22.69166],[114.1922762,22.6910183],[114.1945248,22.7036675],[114.1915707,22.7139567],[114.2032778,22.7173673],[114.2037918,22.7320826],[114.2109395,22.7384148],[114.2036363,22.7486669],[114.2057775,22.7528787],[114.1981784,22.7576973],[114.1937688,22.7685722],[114.1771326,22.7680415],[114.1829497,22.7726581],[114.1744045,22.7818455],[114.1849072,22.788482],[114.2027169,22.7925036],[114.2060261,22.7957763],[114.2108697,22.8105578],[114.2244676,22.8152165],[114.2295666,22.7960283],[114.2408668,22.7937192],[114.2483809,22.7841066],[114.2568561,22.7846437],[114.2781751,22.80513],[114.2803037,22.8109365],[114.287058,22.8112242],[114.2896029,22.8064054],[114.3115149,22.8037856],[114.3141967,22.8098088],[114.3220603,22.8078758],[114.3260795,22.8119565],[114.3433211,22.8117954],[114.3486799,22.8093255],[114.3451268,22.8018082],[114.3466995,22.7926795],[114.3380787,22.7866113],[114.3405834,22.7815631],[114.3494954,22.7807576],[114.3527521,22.7743147],[114.3508991,22.7683403],[114.362959,22.76961],[114.3840544,22.7599583],[114.3904667,22.7638493],[114.3905072,22.7739547],[114.3948961,22.7818194],[114.4060921,22.7805236],[114.4138098,22.7687522],[114.4099903,22.7554359],[114.4098709,22.7394172],[114.4011847,22.7327548],[114.3983752,22.7265422],[114.4054657,22.7130751],[114.4155036,22.7165544],[114.4224521,22.7014123],[114.4366987,22.7004751],[114.4408515,22.6920415],[114.4384217,22.6865779],[114.4232416,22.6787729],[114.4269134,22.6631244],[114.4451155,22.6677496],[114.4479804,22.672513],[114.4728144,22.6655225],[114.4772177,22.6711031],[114.4875705,22.6726199],[114.5019472,22.6710261],[114.507523,22.6667389],[114.4974922,22.6543749],[114.5015392,22.6472288],[114.5256096,22.6558636],[114.5397101,22.6507101],[114.5513264,22.6508203],[114.5597809,22.6544973],[114.5714494,22.6542515],[114.5739216,22.660517],[114.57979,22.65698],[114.583075,22.6606819],[114.5924342,22.6569478],[114.5887477,22.6410858],[114.5851144,22.6403826],[114.578028,22.629178],[114.5785481,22.6192542],[114.5561359,22.605321],[114.548703,22.5975135],[114.5327889,22.5915183],[114.5283128,22.5923798],[114.5251248,22.591858],[114.5183964,22.5904149],[114.513309,22.5947859],[114.5056376,22.5900961],[114.499542,22.5804654],[114.5008561,22.5696939],[114.4987119,22.5576209],[114.501201,22.556127],[114.5138642,22.5533964],[114.5185517,22.552406],[114.5254096,22.5599461],[114.526594,22.5687436],[114.5339426,22.5655878],[114.5493954,22.5682903],[114.548762,22.5634805],[114.5664567,22.5483242],[114.5747144,22.547887],[114.5886174,22.5426478],[114.6038268,22.5447499],[114.606848,22.5388113],[114.6040017,22.5309711],[114.61562,22.52436],[114.6232903,22.5136918],[114.61728,22.50869],[114.6112043,22.4983633],[114.5944773,22.4971111],[114.5928163,22.4920885],[114.5825057,22.4941247],[114.5808101,22.4863572],[114.5729257,22.486961],[114.5608608,22.4814493],[114.5586503,22.4782929],[114.5442511,22.4843857],[114.53554,22.4798],[114.5259905,22.4701452],[114.5259971,22.4633511],[114.5195237,22.4579042],[114.5155701,22.4518459],[114.5108119,22.45224],[114.5094596,22.4504228],[114.4956279,22.4547177],[114.4964996,22.4656291],[114.4818078,22.4707388],[114.4865191,22.4884866],[114.4848387,22.4920441],[114.4783825,22.4939018],[114.4804652,22.5052381],[114.4761068,22.5141068],[114.4817287,22.5174221],[114.4860678,22.5268061],[114.4844178,22.5342567],[114.4797666,22.543951],[114.4767214,22.5491238],[114.4685872,22.5494516],[114.4662657,22.5554284],[114.4593672,22.5696269],[114.4499323,22.5711188],[114.4417074,22.5707064],[114.4327892,22.5771173],[114.4365014,22.5852851],[114.4316733,22.5930921],[114.4247988,22.595717],[114.4265461,22.6018237],[114.4197589,22.6045027],[114.4134356,22.6046579],[114.4098692,22.6122034],[114.3884144,22.6146568],[114.3728256,22.6114592],[114.3665653,22.6077291],[114.3598491,22.6106361],[114.3549474,22.6025874],[114.3507222,22.6023054],[114.336591,22.5956013],[114.3358152,22.5991058],[114.3338947,22.6015858],[114.32966,22.6041201],[114.3289433,22.6044124],[114.3269783,22.6050229],[114.3206989,22.6009258],[114.3181729,22.5973118],[114.3123534,22.6008603],[114.3007976,22.5921288],[114.3022205,22.5858609],[114.2987676,22.5709206],[114.2885553,22.5819584],[114.2750685,22.5890296],[114.2670443,22.5831431],[114.2733464,22.5833897],[114.2887268,22.5668917],[114.2748094,22.5663884],[114.2658905,22.5759603],[114.2537824,22.5662055],[114.2457226,22.556878],[114.2418178,22.5597509],[114.2301736,22.5456049],[114.2179046,22.5560469],[114.2003401,22.557447],[114.1892619,22.5542014],[114.1776763,22.5556826],[114.1773959,22.559498],[114.1614669,22.561963],[114.1520076,22.5546801],[114.1517892,22.5467191],[114.1454245,22.54117],[114.137528,22.5435188],[114.1250413,22.539633],[114.1115261,22.5296048],[114.1041381,22.5350997],[114.0889963,22.5364705],[114.0775904,22.5289267],[114.0739075,22.5191556],[114.0595297,22.5133299],[114.0563791,22.5046529],[114.0494791,22.5025036],[114.0309593,22.5073758],[114.0218049,22.5195591],[114.004052,22.5275675],[113.977731,22.5207336],[113.9506668,22.5226168],[113.9484658,22.5120987],[113.9478853,22.4912212],[113.9401293,22.4884422],[113.9312574,22.4798666],[113.9218104,22.482094],[113.9249331,22.4854231],[113.9175029,22.4875155],[113.9178792,22.4826602],[113.9115872,22.4816722],[113.9093473,22.4707415],[113.9034848,22.4750826],[113.90407,22.4695199],[113.8941449,22.4664759],[113.896002,22.4577855],[113.8868932,22.4464333],[113.8850903,22.4551728],[113.8880616,22.4624808],[113.8830953,22.4684912],[113.8857896,22.4760873],[113.8791077,22.4790866],[113.8803897,22.4573963],[113.8716669,22.4743233],[113.86299,22.499331],[113.8648587,22.5020696],[113.8626134,22.5160644],[113.8803716,22.5253434],[113.8843466,22.5298433],[113.8833979,22.543072],[113.8755137,22.5462165],[113.8694458,22.5436211],[113.860466,22.5532063],[113.8675222,22.5298562],[113.8578306,22.5248245],[113.8483619,22.5558145],[113.8357491,22.5724832],[113.8379549,22.5756314],[113.8305719,22.5834579],[113.83307,22.5880176],[113.8244161,22.6036676],[113.8257401,22.6082063],[113.8114971,22.6064384],[113.8171557,22.6020747],[113.8160542,22.5967243],[113.8102813,22.6020266],[113.8005461,22.6195927],[113.7929143,22.6241798],[113.7719866,22.6611725],[113.7728637,22.670838],[113.7642914,22.68294],[113.7570883,22.679359],[113.7575704,22.6875446],[113.7514214,22.6988012],[113.7487061,22.6959135],[113.7474919,22.7147829]],[[114.0696554,22.5198572],[114.0707466,22.5195433],[114.0707671,22.5196722],[114.0696554,22.5198572]],[[114.0688695,22.5225117],[114.0689382,22.522581],[114.0688985,22.5225932],[114.0688695,22.5225117]],[[114.0686197,22.5226206],[114.0687386,22.5226099],[114.0686343,22.5226618],[114.0686197,22.5226206]],[[114.0684355,22.5222492],[114.0686291,22.5221575],[114.0685489,22.5222601],[114.0684355,22.5222492]],[[114.068414,22.5222234],[114.0684326,22.522241],[114.0684215,22.5222444],[114.068414,22.5222234]],[[114.0681412,22.5221354],[114.0681691,22.522095],[114.0682044,22.522116],[114.0681412,22.5221354]],[[114.0679962,22.5223539],[114.068078,22.5224905],[114.0680479,22.5224997],[114.0679962,22.5223539]],[[114.0679173,22.5225511],[114.0679347,22.5225167],[114.0679441,22.5225429],[114.0679173,22.5225511]],[[114.0679112,22.5225052],[114.0679436,22.52237],[114.0679953,22.5225158],[114.0679112,22.5225052]],[[114.0678481,22.5224601],[114.0678911,22.5224716],[114.067856,22.5224824],[114.0678481,22.5224601]],[[114.0659511,22.5229015],[114.0675304,22.5223264],[114.0681326,22.5241956],[114.0659511,22.5229015]],[[113.9431232,22.5038408],[113.9458214,22.4955441],[113.9463019,22.5038877],[113.9431232,22.5038408]]],[[[114.913323,22.909962],[114.925833,22.923641],[114.941753,22.9223],[114.948958,22.931571],[114.961319,22.92957],[114.971302,22.941525],[114.981631,22.937875],[114.993091,22.941436],[114.995277,22.952281],[115.005347,22.958652],[115.015243,22.958168],[115.02171,22.964444],[115.032075,22.96689],[115.038732,22.972567],[115.042664,22.969591],[115.05559,22.988329],[115.0555176,22.9939849],[115.06987,22.9973],[115.069965,23.00227],[115.081007,23.010264],[115.094436,22.998761],[115.106076,23.012126],[115.106189,23.016525],[115.117152,23.00769],[115.12454,23.005853],[115.144279,22.993748],[115.147763,22.989705],[115.152795,22.970281],[115.157438,22.970428],[115.155332,22.95885],[115.159956,22.932569],[115.162944,22.930955],[115.154625,22.923611],[115.154413,22.91403],[115.147148,22.911173],[115.145987,22.900421],[115.141324,22.898042],[115.133082,22.886993],[115.133748,22.882053],[115.123758,22.876963],[115.124424,22.870502],[115.117466,22.858401],[115.118025,22.854172],[115.111111,22.8498],[115.108879,22.836948],[115.118784,22.835006],[115.121297,22.837854],[115.133649,22.838956],[115.142738,22.833512],[115.154088,22.835193],[115.15841,22.826204],[115.166837,22.820723],[115.1720461,22.8134776],[115.1651341,22.8038918],[115.1695879,22.7966211],[115.18395,22.7943],[115.1897799,22.7835601],[115.1783355,22.7774826],[115.1726634,22.7864016],[115.16015,22.78888],[115.1539573,22.7972207],[115.1534258,22.8118556],[115.1459348,22.813307],[115.1221088,22.8095687],[115.111919,22.8056894],[115.101728,22.798653],[115.0807531,22.7978389],[115.0479262,22.7852397],[115.0427771,22.7755682],[115.0483129,22.7721101],[115.0436327,22.7687164],[115.042659,22.762945],[115.047328,22.7503863],[115.0410958,22.7522767],[115.0335925,22.7490452],[115.0375919,22.7433962],[115.033926,22.7411298],[115.0290172,22.748464],[115.01984,22.7411299],[115.0162108,22.7280715],[115.02771,22.7244951],[115.0315413,22.7163872],[115.027115,22.7065196],[115.0204029,22.7057317],[115.016553,22.723909],[115.005182,22.731959],[115.007492,22.742406],[115.002465,22.743515],[114.989758,22.757209],[114.995104,22.776369],[114.987587,22.773925],[114.973125,22.779497],[114.968142,22.785688],[114.969635,22.790927],[114.94816,22.797507],[114.939878,22.812368],[114.946068,22.819071],[114.943411,22.828893],[114.945573,22.837185],[114.936007,22.845406],[114.927178,22.843418],[114.923447,22.852712],[114.927803,22.861979],[114.920556,22.871285],[114.925252,22.874814],[114.934496,22.872993],[114.936675,22.880402],[114.931962,22.881834],[114.928047,22.889944],[114.921945,22.89306],[114.92171,22.90378],[114.913323,22.909962]]],[[[113.7821174,22.4165258],[113.787626,22.4209969],[113.8046654,22.4205413],[113.8066716,22.4227195],[113.8186611,22.4011097],[113.8087571,22.4014643],[113.7911993,22.4136767],[113.7821174,22.4165258]]],[[[113.8379675,22.5171842],[113.8514109,22.5123086],[113.8517649,22.5067687],[113.845675,22.5079296],[113.8379675,22.5171842]]],[[[113.8349447,22.5024732],[113.8385397,22.5060595],[113.8467561,22.4990555],[113.8431682,22.4954629],[113.8349447,22.5024732]]],[[[115.1845466,22.779556],[115.1845948,22.7795263],[115.1845519,22.7794719],[115.1845466,22.779556]]],[[[115.1835313,22.7790465],[115.1837312,22.7790131],[115.1835327,22.7788907],[115.1835313,22.7790465]]],[[[115.1815825,22.7421897],[115.1905332,22.7443437],[115.1916089,22.7389266],[115.1815825,22.7421897]]],[[[115.1732282,22.7847837],[115.1733131,22.784822],[115.1732609,22.7847249],[115.1732282,22.7847837]]],[[[115.1538728,22.79615],[115.1542161,22.7965135],[115.1543945,22.7961265],[115.1538728,22.79615]]],[[[115.1410961,22.744817],[115.141308,22.7449135],[115.141257,22.7447515],[115.1410961,22.744817]]],[[[115.140848,22.7447317],[115.1410532,22.7446006],[115.1409124,22.7445684],[115.140848,22.7447317]]],[[[115.139928,22.743042],[115.1410559,22.7439512],[115.1416433,22.7428566],[115.139928,22.743042]]],[[[115.1389892,22.7432982],[115.1397885,22.7430397],[115.1394085,22.7426528],[115.1389892,22.7432982]]],[[[115.1385567,22.7423816],[115.1389329,22.7428257],[115.1391359,22.7424203],[115.1385567,22.7423816]]],[[[115.1382828,22.7418974],[115.1384823,22.7422617],[115.1386486,22.7419228],[115.1382828,22.7418974]]],[[[115.1381846,22.7423681],[115.1381846,22.7424596],[115.1382637,22.7424522],[115.1381846,22.7423681]]],[[[115.1164121,22.8040896],[115.1164842,22.8040989],[115.1164323,22.8040251],[115.1164121,22.8040896]]],[[[115.10303,22.78461],[115.1115697,22.7870248],[115.1039622,22.7763533],[115.10303,22.78461]]],[[[115.1023516,22.7727736],[115.1024535,22.7729937],[115.1027137,22.7726351],[115.1023516,22.7727736]]],[[[115.1023422,22.774663],[115.1024508,22.7747125],[115.1024093,22.7745901],[115.1023422,22.774663]]],[[[115.1023248,22.7741561],[115.1024656,22.7741684],[115.1024991,22.774072],[115.1023248,22.7741561]]],[[[115.1020432,22.7740806],[115.1021866,22.7741016],[115.1022792,22.7739755],[115.1020432,22.7740806]]],[[[115.1018004,22.7733931],[115.1018809,22.7734376],[115.1019613,22.7733004],[115.1018004,22.7733931]]],[[[115.1003534,22.7723161],[115.1004955,22.7723284],[115.1003882,22.772232],[115.1003534,22.7723161]]],[[[115.0995085,22.7718227],[115.1002461,22.7723457],[115.1003319,22.7718907],[115.0995085,22.7718227]]],[[[115.0927359,22.6334708],[115.0929129,22.6339709],[115.0929961,22.633498],[115.0927359,22.6334708]]],[[[115.0925428,22.6342011],[115.0927037,22.6342283],[115.0925884,22.6340823],[115.0925428,22.6342011]]],[[[115.0924596,22.6337951],[115.092524,22.6338768],[115.0925562,22.6337802],[115.0924596,22.6337951]]],[[[115.0892597,22.7975681],[115.0892892,22.7976312],[115.089363,22.797573],[115.0892597,22.7975681]]],[[[115.0761726,22.6526993],[115.0766413,22.6525944],[115.0763198,22.6523258],[115.0761726,22.6526993]]],[[[115.075382,22.652621],[115.0756046,22.6527324],[115.0754759,22.6525863],[115.075382,22.652621]]],[[[115.0463431,22.7698701],[115.0464678,22.7700544],[115.0465429,22.76988],[115.0463431,22.7698701]]],[[[115.0450985,22.766028],[115.0451615,22.7661257],[115.0452755,22.7660589],[115.0450985,22.766028]]],[[[115.0449041,22.7659711],[115.0449845,22.7660243],[115.0450449,22.7659488],[115.0449041,22.7659711]]],[[[115.0287867,22.7266767],[115.0290173,22.7267657],[115.02913,22.7262907],[115.0287867,22.7266767]]],[[[114.6065372,22.5426083],[114.606619,22.5426158],[114.6066043,22.5425315],[114.6065372,22.5426083]]],[[[114.6062127,22.5427309],[114.6063884,22.5426579],[114.6062207,22.5426529],[114.6062127,22.5427309]]],[[[114.6057165,22.5446],[114.6057661,22.5446521],[114.6057621,22.5445852],[114.6057165,22.5446]]],[[[114.6055663,22.5446112],[114.6056588,22.5446669],[114.605636,22.5445839],[114.6055663,22.5446112]]],[[[114.5954408,22.6539615],[114.5955153,22.6539595],[114.5954532,22.6539314],[114.5954408,22.6539615]]],[[[114.5950688,22.6519694],[114.5951767,22.6520752],[114.59517,22.6519824],[114.5950688,22.6519694]]],[[[114.5950208,22.6521222],[114.595165,22.6520829],[114.5950668,22.652035],[114.5950208,22.6521222]]],[[[114.594989,22.6522002],[114.5951056,22.6522212],[114.5951043,22.6521569],[114.594989,22.6522002]]],[[[114.5947596,22.6519551],[114.5949796,22.6518537],[114.5948777,22.6517398],[114.5947596,22.6519551]]],[[[114.5947087,22.6518388],[114.5947288,22.6518735],[114.5947717,22.6518425],[114.5947087,22.6518388]]],[[[114.5933589,22.6511197],[114.593444,22.6510999],[114.5933789,22.6510449],[114.5933589,22.6511197]]],[[[114.5932207,22.6510269],[114.5932885,22.6511272],[114.5933682,22.6509625],[114.5932207,22.6510269]]],[[[114.5911601,22.6487236],[114.591195,22.6488325],[114.5912138,22.6487719],[114.5911601,22.6487236]]],[[[114.5903555,22.6440079],[114.5904158,22.6440537],[114.5904373,22.6439881],[114.5903555,22.6440079]]],[[[114.5902549,22.643321],[114.590389,22.6431861],[114.5902629,22.643165],[114.5902549,22.643321]]],[[[114.5892678,22.6418716],[114.5892933,22.6419422],[114.5893429,22.6418902],[114.5892678,22.6418716]]],[[[114.5867077,22.6404705],[114.5867492,22.640473],[114.5867358,22.6404173],[114.5867077,22.6404705]]],[[[114.5862584,22.6404903],[114.5863107,22.6405472],[114.586316,22.6404878],[114.5862584,22.6404903]]],[[[114.5858373,22.6399741],[114.5858708,22.640041],[114.586076,22.6399655],[114.5858373,22.6399741]]],[[[114.5854175,22.6400088],[114.5856214,22.6400348],[114.5855959,22.6399023],[114.5854175,22.6400088]]],[[[114.5816425,22.4864322],[114.5818443,22.4867095],[114.5822143,22.4862553],[114.5816425,22.4864322]]],[[[114.5801349,22.6251957],[114.5803991,22.6253096],[114.580328,22.6250385],[114.5801349,22.6251957]]],[[[114.5799217,22.6265883],[114.5799954,22.6266279],[114.5799793,22.6265487],[114.5799217,22.6265883]]],[[[114.5797406,22.6224228],[114.5798077,22.6223881],[114.5797446,22.6223634],[114.5797406,22.6224228]]],[[[114.5761258,22.4862277],[114.5763389,22.4861464],[114.5761721,22.4860502],[114.5761258,22.4862277]]],[[[114.575797,22.4862663],[114.5760216,22.4862106],[114.5759174,22.4861507],[114.575797,22.4862663]]],[[[114.5754033,22.485986],[114.5754566,22.4859988],[114.5754381,22.4859282],[114.5754033,22.485986]]],[[[114.5752991,22.4861443],[114.5754497,22.4861079],[114.5754126,22.486048],[114.5752991,22.4861443]]],[[[114.5752737,22.4862085],[114.5753292,22.4862983],[114.5754311,22.486155],[114.5752737,22.4862085]]],[[[114.5749726,22.4862791],[114.5751347,22.4863497],[114.5752135,22.4861935],[114.5749726,22.4862791]]],[[[114.5746531,22.4862342],[114.5747202,22.4862213],[114.5747133,22.4861636],[114.5746531,22.4862342]]],[[[114.5745072,22.4864802],[114.574792,22.4864331],[114.5746716,22.4863732],[114.5745072,22.4864802]]],[[[114.5743983,22.4860373],[114.5744794,22.4860395],[114.5745141,22.4860052],[114.5743983,22.4860373]]],[[[114.5743659,22.4863583],[114.5745628,22.4862705],[114.574484,22.4862534],[114.5743659,22.4863583]]],[[[114.5743613,22.4862299],[114.5745905,22.486125],[114.5744887,22.4861272],[114.5743613,22.4862299]]],[[[114.5741621,22.4864781],[114.5744632,22.4864824],[114.5746137,22.4863518],[114.5741621,22.4864781]]],[[[114.5738836,22.4864712],[114.5740415,22.4864566],[114.5742794,22.4862714],[114.5738836,22.4864712]]],[[[114.5737499,22.4864006],[114.5738196,22.4865045],[114.5741981,22.4862601],[114.5737499,22.4864006]]],[[[114.5734904,22.486659],[114.5735885,22.486659],[114.5736852,22.4865653],[114.5734904,22.486659]]],[[[114.5700395,22.4848293],[114.570098,22.4850809],[114.5702862,22.4849439],[114.5700395,22.4848293]]],[[[114.5699916,22.4853491],[114.5700708,22.4853448],[114.5700264,22.4852731],[114.5699916,22.4853491]]],[[[114.5699441,22.485437],[114.5699536,22.4854516],[114.5699853,22.485415],[114.5699441,22.485437]]],[[[114.5692574,22.484603],[114.5692574,22.4846376],[114.5692932,22.4846428],[114.5692574,22.484603]]],[[[114.5691208,22.4847623],[114.5691729,22.4847998],[114.5692209,22.4847375],[114.5691208,22.4847623]]],[[[114.5691143,22.4846113],[114.569142,22.484624],[114.5691607,22.4845775],[114.5691143,22.4846113]]],[[[114.5690482,22.484574],[114.5691552,22.4845463],[114.5691295,22.4845009],[114.5690482,22.484574]]],[[[114.5690094,22.4842538],[114.5692787,22.4842063],[114.5691291,22.4841359],[114.5690094,22.4842538]]],[[[114.5689723,22.4841649],[114.568998,22.484207],[114.5690578,22.4841517],[114.5689723,22.4841649]]],[[[114.568969,22.4843763],[114.5689711,22.4845364],[114.5692151,22.4844297],[114.568969,22.4843763]]],[[[114.5686757,22.4831397],[114.5687745,22.483231],[114.5688034,22.4831243],[114.5686757,22.4831397]]],[[[114.5685779,22.4832053],[114.5686712,22.4832402],[114.568609,22.4831746],[114.5685779,22.4832053]]],[[[114.5684791,22.4832455],[114.5685105,22.4833509],[114.5686359,22.4832824],[114.5684791,22.4832455]]],[[[114.5684757,22.4831345],[114.5685324,22.4831797],[114.5685124,22.483114],[114.5684757,22.4831345]]],[[[114.5683347,22.483232],[114.5684968,22.4832146],[114.5684147,22.4831674],[114.5683347,22.483232]]],[[[114.5679545,22.4831902],[114.5680885,22.4831692],[114.5679916,22.4830743],[114.5679545,22.4831902]]],[[[114.5628785,22.4813637],[114.5629063,22.4814231],[114.5629127,22.4813499],[114.5628785,22.4813637]]],[[[114.5625062,22.4816919],[114.5626688,22.4817868],[114.5627437,22.4816129],[114.5625062,22.4816919]]],[[[114.5595776,22.4794756],[114.5597477,22.4794521],[114.5596273,22.4794113],[114.5595776,22.4794756]]],[[[114.5594406,22.479229],[114.5595837,22.4792624],[114.5595641,22.4790939],[114.5594406,22.479229]]],[[[114.5594384,22.479294],[114.5594616,22.4793654],[114.5595367,22.4793582],[114.5594384,22.479294]]],[[[114.5593291,22.4791969],[114.559415,22.4792234],[114.5593743,22.4791064],[114.5593291,22.4791969]]],[[[114.559168,22.4786843],[114.5592615,22.4786829],[114.5592404,22.478598],[114.559168,22.4786843]]],[[[114.5587823,22.4772851],[114.5588441,22.4772726],[114.5588185,22.4772503],[114.5587823,22.4772851]]],[[[114.5583921,22.4773129],[114.5585714,22.4773686],[114.5584855,22.477189],[114.5583921,22.4773129]]],[[[114.5580742,22.4768827],[114.5580817,22.4769551],[114.5581329,22.476944],[114.5580742,22.4768827]]],[[[114.5580681,22.4773213],[114.5581254,22.4773004],[114.5580937,22.4772656],[114.5580681,22.4773213]]],[[[114.5578436,22.4774647],[114.5578783,22.4775385],[114.557931,22.4774382],[114.5578436,22.4774647]]],[[[114.5577019,22.4771294],[114.5577568,22.4774557],[114.5579744,22.4771635],[114.5577019,22.4771294]]],[[[114.5576206,22.4775009],[114.5576538,22.4776123],[114.5577894,22.4775176],[114.5576206,22.4775009]]],[[[114.5575148,22.4774237],[114.5576523,22.4774605],[114.557591,22.4773708],[114.5575148,22.4774237]]],[[[114.5553526,22.4779326],[114.5555887,22.4779376],[114.5555618,22.477779],[114.5553526,22.4779326]]],[[[114.5552292,22.4781532],[114.5557067,22.4783911],[114.5558649,22.4781334],[114.5552292,22.4781532]]],[[[114.5489717,22.5634803],[114.5489797,22.5635434],[114.5490763,22.5635372],[114.5489717,22.5634803]]],[[[114.5429836,22.5714234],[114.5430413,22.5714358],[114.5430346,22.5713727],[114.5429836,22.5714234]]],[[[114.5423453,22.568933],[114.542352,22.5689702],[114.5423841,22.568933],[114.5423453,22.568933]]],[[[114.542246,22.5691039],[114.542297,22.5691151],[114.5422755,22.5690779],[114.542246,22.5691039]]],[[[114.5421347,22.5691163],[114.5421454,22.5691807],[114.542183,22.5691411],[114.5421347,22.5691163]]],[[[114.541499,22.5688649],[114.5415205,22.5689194],[114.5415339,22.5688674],[114.541499,22.5688649]]],[[[114.5411316,22.5688303],[114.5412335,22.5688315],[114.541208,22.5687807],[114.5411316,22.5688303]]],[[[114.5372987,22.465877],[114.5373483,22.4658609],[114.5373255,22.4658088],[114.5372987,22.465877]]],[[[114.5371807,22.4675811],[114.5374489,22.4677459],[114.5375696,22.467669],[114.5371807,22.4675811]]],[[[114.5369486,22.4663653],[114.5371512,22.4663777],[114.5371485,22.4662252],[114.5369486,22.4663653]]],[[[114.5368977,22.4674162],[114.5369366,22.4674955],[114.5369956,22.4674571],[114.5368977,22.4674162]]],[[[114.5368977,22.4655932],[114.5370828,22.4655808],[114.5369688,22.4653639],[114.5368977,22.4655932]]],[[[114.5367528,22.4658683],[114.5369272,22.4660121],[114.5369084,22.4657469],[114.5367528,22.4658683]]],[[[114.536494,22.4681995],[114.5366429,22.4681747],[114.5365825,22.4680669],[114.536494,22.4681995]]],[[[114.5364793,22.4677434],[114.5367971,22.4677384],[114.536549,22.4673803],[114.5364793,22.4677434]]],[[[114.5364109,22.4679727],[114.5364135,22.4680483],[114.536486,22.4680222],[114.5364109,22.4679727]]],[[[114.5363358,22.4681214],[114.5364122,22.4681722],[114.5364498,22.4680879],[114.5363358,22.4681214]]],[[[114.5360662,22.4690125],[114.5362151,22.4689269],[114.5360917,22.468865],[114.5360662,22.4690125]]],[[[114.5345018,22.4659842],[114.5361292,22.4676021],[114.5365785,22.4656899],[114.5345018,22.4659842]]],[[[114.5344006,22.4658417],[114.5346808,22.4656607],[114.5344448,22.4657103],[114.5344006,22.4658417]]],[[[114.5330179,22.5901378],[114.5331439,22.590165],[114.5331198,22.5900437],[114.5330179,22.5901378]]],[[[114.5329508,22.5906331],[114.5330662,22.5907222],[114.5335999,22.5904275],[114.5329508,22.5906331]]],[[[114.5315722,22.589567],[114.5315748,22.5897143],[114.5316701,22.5896351],[114.5315722,22.589567]]],[[[114.5314971,22.5908114],[114.5316178,22.5908287],[114.5315695,22.5907544],[114.5314971,22.5908114]]],[[[114.5313348,22.5894196],[114.5313469,22.5894716],[114.5314005,22.5893961],[114.5313348,22.5894196]]],[[[114.5313214,22.5895459],[114.5314407,22.5895732],[114.5314756,22.5894456],[114.5313214,22.5895459]]],[[[114.5309995,22.5892809],[114.5310786,22.5893354],[114.5311739,22.5891534],[114.5309995,22.5892809]]],[[[114.5309164,22.589874],[114.530966,22.5899966],[114.5310424,22.5899508],[114.5309164,22.589874]]],[[[114.5304792,22.5904102],[114.5305958,22.5904548],[114.5308533,22.5903594],[114.5304792,22.5904102]]],[[[114.529708,22.5907767],[114.5299038,22.5908708],[114.5297912,22.5906727],[114.529708,22.5907767]]],[[[114.5293634,22.464981],[114.529366,22.4651879],[114.5295833,22.4652102],[114.5293634,22.464981]]],[[[114.5292748,22.4667718],[114.5294452,22.4666689],[114.5294036,22.4666342],[114.5292748,22.4667718]]],[[[114.5290187,22.5909847],[114.5290884,22.591059],[114.5291018,22.5909847],[114.5290187,22.5909847]]],[[[114.5289865,22.4644704],[114.5290093,22.464541],[114.5290817,22.4644951],[114.5289865,22.4644704]]],[[[114.5288604,22.5911333],[114.5289275,22.5911903],[114.5289141,22.5910986],[114.5288604,22.5911333]]],[[[114.5285279,22.4637924],[114.5286794,22.463873],[114.5286271,22.4637193],[114.5285279,22.4637924]]],[[[114.5283522,22.5917289],[114.5284568,22.5919517],[114.5286083,22.5918168],[114.5283522,22.5917289]]],[[[114.5282167,22.5920075],[114.5282918,22.5920075],[114.5282355,22.5918762],[114.5282167,22.5920075]]],[[[114.5281255,22.5921882],[114.5281792,22.5921907],[114.5281711,22.5921239],[114.5281255,22.5921882]]],[[[114.5279217,22.5920372],[114.5280021,22.5920248],[114.5279297,22.5919678],[114.5279217,22.5920372]]],[[[114.5277715,22.4626349],[114.5280156,22.4627043],[114.5279498,22.4625816],[114.5277715,22.4626349]]],[[[114.5277232,22.5920619],[114.5277607,22.5921164],[114.5277983,22.5920719],[114.5277232,22.5920619]]],[[[114.5276937,22.467063],[114.5277487,22.4670767],[114.5277178,22.4670159],[114.5276937,22.467063]]],[[[114.5276427,22.5922279],[114.5277178,22.5922328],[114.5276695,22.5921461],[114.5276427,22.5922279]]],[[[114.5275716,22.4629088],[114.5281497,22.4629175],[114.5279485,22.4627415],[114.5275716,22.4629088]]],[[[114.5273128,22.4630463],[114.5273946,22.4630414],[114.5273973,22.4629844],[114.5273128,22.4630463]]],[[[114.5268072,22.4628481],[114.5268702,22.4629187],[114.526877,22.4628195],[114.5268072,22.4628481]]],[[[114.526201,22.4629596],[114.5262587,22.4629918],[114.5262493,22.462941],[114.526201,22.4629596]]],[[[114.5259905,22.4629038],[114.5260589,22.4629707],[114.5260616,22.4629038],[114.5259905,22.4629038]]],[[[114.5258081,22.4627861],[114.5258658,22.4628493],[114.5259342,22.4627439],[114.5258081,22.4627861]]],[[[114.5257786,22.5900301],[114.5259127,22.5899904],[114.5257947,22.5899644],[114.5257786,22.5900301]]],[[[114.5257759,22.462651],[114.5258403,22.4626485],[114.5257786,22.4626027],[114.5257759,22.462651]]],[[[114.5257035,22.5914255],[114.525784,22.591589],[114.5258751,22.5913834],[114.5257035,22.5914255]]],[[[114.5256539,22.4626584],[114.525729,22.4626659],[114.5257196,22.4626175],[114.5256539,22.4626584]]],[[[114.5254205,22.5911209],[114.5256391,22.5912138],[114.5256498,22.5910305],[114.5254205,22.5911209]]],[[[114.525273,22.461864],[114.5254312,22.4618814],[114.5253119,22.4617227],[114.525273,22.461864]]],[[[114.525218,22.4619904],[114.5252569,22.4620065],[114.5252435,22.4619458],[114.525218,22.4619904]]],[[[114.5249766,22.5917103],[114.5250839,22.5917846],[114.5250812,22.5916459],[114.5249766,22.5917103]]],[[[114.5247889,22.4616099],[114.5249619,22.461626],[114.5248613,22.4614984],[114.5247889,22.4616099]]],[[[114.5247875,22.4613373],[114.5247889,22.4614042],[114.5248573,22.4613435],[114.5247875,22.4613373]]],[[[114.5247239,22.5909322],[114.5247958,22.590908],[114.5247352,22.5908639],[114.5247239,22.5909322]]],[[[114.5246199,22.5611111],[114.5247164,22.5611173],[114.5247044,22.5610009],[114.5246199,22.5611111]]],[[[114.5245421,22.5606144],[114.5245703,22.5606789],[114.5245931,22.5606318],[114.5245421,22.5606144]]],[[[114.5244107,22.5609538],[114.5244147,22.5610132],[114.5245448,22.5609872],[114.5244107,22.5609538]]],[[[114.5243476,22.5609773],[114.524349,22.5610603],[114.5243865,22.5610603],[114.5243476,22.5609773]]],[[[114.5243302,22.5608795],[114.5245434,22.5607569],[114.5243651,22.5606801],[114.5243302,22.5608795]]],[[[114.5242377,22.5608646],[114.5243074,22.5608423],[114.5242806,22.5607816],[114.5242377,22.5608646]]],[[[114.5240995,22.5609687],[114.5241813,22.5609848],[114.5241693,22.5608894],[114.5240995,22.5609687]]],[[[114.5240003,22.5603185],[114.5241357,22.5603234],[114.5241344,22.5601686],[114.5240003,22.5603185]]],[[[114.5238622,22.5602974],[114.5239574,22.560259],[114.5238702,22.5602293],[114.5238622,22.5602974]]],[[[114.5237575,22.560394],[114.5237763,22.5604584],[114.5238112,22.5603965],[114.5237575,22.560394]]],[[[114.52372,22.5609315],[114.5243503,22.5604658],[114.5239989,22.5604448],[114.52372,22.5609315]]],[[[114.5236006,22.4606668],[114.5236087,22.46073],[114.5236623,22.4606841],[114.5236006,22.4606668]]],[[[114.522973,22.4599913],[114.5230079,22.4600731],[114.52315,22.4599864],[114.522973,22.4599913]]],[[[114.5221509,22.4594398],[114.5222864,22.4595501],[114.522332,22.4595005],[114.5221509,22.4594398]]],[[[114.5219283,22.4594026],[114.5220785,22.4594584],[114.5220597,22.4593592],[114.5219283,22.4594026]]],[[[114.5211813,22.4590667],[114.5212497,22.459099],[114.5212497,22.4590234],[114.5211813,22.4590667]]],[[[114.5204289,22.451158],[114.5204611,22.4512026],[114.520445,22.4511518],[114.5204289,22.451158]]],[[[114.5204101,22.4582934],[114.5206019,22.45839],[114.5205617,22.4582463],[114.5204101,22.4582934]]],[[[114.5203176,22.4580963],[114.5203203,22.4582264],[114.5204705,22.4581905],[114.5203176,22.4580963]]],[[[114.5202385,22.4514654],[114.5203752,22.4513699],[114.5202626,22.4512857],[114.5202385,22.4514654]]],[[[114.5201191,22.4516897],[114.5203029,22.4517641],[114.5204799,22.4515584],[114.5201191,22.4516897]]],[[[114.5200601,22.5574811],[114.5201312,22.5574984],[114.520103,22.5574303],[114.5200601,22.5574811]]],[[[114.5199703,22.5576322],[114.5199797,22.5576966],[114.5200253,22.557647],[114.5199703,22.5576322]]],[[[114.5199072,22.5578687],[114.5199917,22.5579108],[114.5200185,22.5578328],[114.5199072,22.5578687]]],[[[114.5198643,22.558109],[114.5200641,22.5581684],[114.5200105,22.5579604],[114.5198643,22.558109]]],[[[114.5196363,22.5576136],[114.5198657,22.5577634],[114.5197731,22.5574414],[114.5196363,22.5576136]]],[[[114.5195773,22.5580694],[114.5198818,22.5579145],[114.5196819,22.5578179],[114.5195773,22.5580694]]],[[[114.5195492,22.4578806],[114.5196202,22.4578881],[114.519584,22.4578261],[114.5195492,22.4578806]]],[[[114.5194593,22.5579009],[114.5195143,22.5579034],[114.519521,22.557865],[114.5194593,22.5579009]]],[[[114.5192219,22.5575764],[114.5193399,22.5576706],[114.5193923,22.5574885],[114.5192219,22.5575764]]],[[[114.5192099,22.5577746],[114.5192716,22.5577944],[114.5192394,22.5577312],[114.5192099,22.5577746]]],[[[114.5192045,22.4547214],[114.5192045,22.4547883],[114.5192702,22.4547412],[114.5192045,22.4547214]]],[[[114.5190918,22.557678],[114.5191495,22.5577139],[114.519175,22.5576644],[114.5190918,22.557678]]],[[[114.5189618,22.4535489],[114.5190838,22.4537298],[114.519175,22.4536084],[114.5189618,22.4535489]]],[[[114.5184199,22.4536827],[114.5185956,22.4536604],[114.518483,22.4535898],[114.5184199,22.4536827]]],[[[114.5178741,22.4535836],[114.5180351,22.4536009],[114.5179667,22.4535229],[114.5178741,22.4535836]]],[[[114.5175496,22.4534634],[114.5176904,22.4534435],[114.5175965,22.453363],[114.5175496,22.4534634]]],[[[114.5174383,22.4533394],[114.5175254,22.4533382],[114.5174409,22.4532787],[114.5174383,22.4533394]]],[[[114.5174007,22.4535402],[114.5175536,22.4535501],[114.5175804,22.4534844],[114.5174007,22.4535402]]],[[[114.5160288,22.5917747],[114.5161173,22.5918391],[114.5161226,22.5917747],[114.5160288,22.5917747]]],[[[114.5159242,22.5919555],[114.5159563,22.5920397],[114.5160529,22.5919926],[114.5159242,22.5919555]]],[[[114.5146555,22.5931243],[114.5147145,22.593211],[114.5147279,22.5931268],[114.5146555,22.5931243]]],[[[114.514237,22.5933868],[114.5143336,22.5933571],[114.5143148,22.5932357],[114.514237,22.5933868]]],[[[114.5139313,22.5932605],[114.5139554,22.5933843],[114.5139822,22.5933076],[114.5139313,22.5932605]]],[[[114.5136859,22.5570699],[114.5137341,22.5571108],[114.5138012,22.5570253],[114.5136859,22.5570699]]],[[[114.5135102,22.557304],[114.5138106,22.5573597],[114.5136295,22.5571318],[114.5135102,22.557304]]],[[[114.5121831,22.451968],[114.5122133,22.4519698],[114.5121905,22.451945],[114.5121831,22.451968]]],[[[114.5121033,22.5540677],[114.5122804,22.5540801],[114.5121892,22.55382],[114.5121033,22.5540677]]],[[[114.5120805,22.5538299],[114.5121154,22.5539228],[114.5121409,22.5538312],[114.5120805,22.5538299]]],[[[114.5120765,22.4511382],[114.5122669,22.4512782],[114.5123354,22.4511468],[114.5120765,22.4511382]]],[[[114.5120309,22.5540244],[114.5120671,22.5540368],[114.5120685,22.5539934],[114.5120309,22.5540244]]],[[[114.5119491,22.4519327],[114.5122536,22.4518992],[114.5120309,22.4517281],[114.5119491,22.4519327]]],[[[114.5117721,22.5541408],[114.511878,22.5540801],[114.5117895,22.5540764],[114.5117721,22.5541408]]],[[[114.5117627,22.553903],[114.5119344,22.5540268],[114.5118821,22.5538572],[114.5117627,22.553903]]],[[[114.5116393,22.4520442],[114.5117091,22.4520355],[114.511701,22.4519785],[114.5116393,22.4520442]]],[[[114.5105691,22.4514976],[114.5106067,22.451567],[114.5106791,22.4514604],[114.5105691,22.4514976]]],[[[114.508003923,22.666470464],[114.508493215,22.666197356],[114.5081442,22.6663309],[114.508003923,22.666470464]]],[[[114.5077273,22.4505556],[114.507907,22.4504354],[114.5077367,22.4503747],[114.5077273,22.4505556]]],[[[114.5072325,22.4503288],[114.5075248,22.4501838],[114.5072821,22.450133],[114.5072325,22.4503288]]],[[[114.5070259,22.556219],[114.5070916,22.5561621],[114.507038,22.5561422],[114.5070259,22.556219]]],[[[114.5068221,22.5569869],[114.5068234,22.557034],[114.5068717,22.557029],[114.5068221,22.5569869]]],[[[114.5067389,22.5568779],[114.5069642,22.5568593],[114.5069133,22.5566698],[114.5067389,22.5568779]]],[[[114.506629,22.450542],[114.5068073,22.4505916],[114.5067269,22.450392],[114.506629,22.450542]]],[[[114.5065753,22.5567219],[114.5066129,22.5568519],[114.5066813,22.5567504],[114.5065753,22.5567219]]],[[[114.5061743,22.4507762],[114.5062172,22.4508432],[114.506236,22.4507502],[114.5061743,22.4507762]]],[[[114.5052087,22.4514133],[114.5053133,22.4514121],[114.505249,22.4513464],[114.5052087,22.4514133]]],[[[114.503767,22.4513538],[114.5037992,22.4514108],[114.5038569,22.4513551],[114.503767,22.4513538]]],[[[114.5036222,22.4509089],[114.5037724,22.4509151],[114.503759,22.4508171],[114.5036222,22.4509089]]],[[[114.5036128,22.450956],[114.5037335,22.4510899],[114.5037979,22.4509634],[114.5036128,22.450956]]],[[[114.5033768,22.4510068],[114.5035015,22.4509857],[114.5034961,22.4508432],[114.5033768,22.4510068]]],[[[114.503248,22.4510502],[114.5033607,22.4510576],[114.5033419,22.4509993],[114.503248,22.4510502]]],[[[114.5027243,22.4502117],[114.5028142,22.4501559],[114.5027351,22.4501571],[114.5027243,22.4502117]]],[[[114.5025198,22.4501763],[114.5026211,22.4502036],[114.5026305,22.450115],[114.5025198,22.4501763]]],[[[114.5024219,22.5669169],[114.5024528,22.566907],[114.5024286,22.566881],[114.5024219,22.5669169]]],[[[114.5023093,22.5667262],[114.5023508,22.5667349],[114.5023267,22.5666531],[114.5023093,22.5667262]]],[[[114.5022571,22.4495049],[114.5023265,22.4500018],[114.5029818,22.4494909],[114.5022571,22.4495049]]],[[[114.5022449,22.4500921],[114.5023334,22.4501689],[114.5023361,22.4500821],[114.5022449,22.4500921]]],[[[114.5021671,22.5674445],[114.5022301,22.5675089],[114.502214,22.5674209],[114.5021671,22.5674445]]],[[[114.5016736,22.5675485],[114.5017058,22.5675522],[114.5017058,22.5675262],[114.5016736,22.5675485]]],[[[114.5016521,22.5692798],[114.5016803,22.5693603],[114.5017245,22.5692761],[114.5016521,22.5692798]]],[[[114.5015864,22.5678866],[114.5016038,22.5679138],[114.5016146,22.567894],[114.5015864,22.5678866]]],[[[114.5015341,22.567442],[114.5015636,22.5674531],[114.5015582,22.5674247],[114.5015341,22.567442]]],[[[114.5013034,22.5705021],[114.5013034,22.5705962],[114.5013531,22.5705355],[114.5013034,22.5705021]]],[[[114.501235,22.5695659],[114.5013061,22.5696773],[114.5013048,22.5695634],[114.501235,22.5695659]]],[[[114.5009185,22.5656797],[114.5009628,22.5657565],[114.5009722,22.5657008],[114.5009185,22.5656797]]],[[[114.50083,22.5657342],[114.5008649,22.5657825],[114.5008689,22.5657441],[114.50083,22.5657342]]],[[[114.5007992,22.5710383],[114.5008461,22.5710804],[114.5008823,22.5710135],[114.5007992,22.5710383]]],[[[114.5007542,22.4508909],[114.500777,22.4509634],[114.5008602,22.4509268],[114.5007542,22.4508909]]],[[[114.5006436,22.566003],[114.5007549,22.566221],[114.5009628,22.5660723],[114.5006436,22.566003]]],[[[114.5006007,22.56619],[114.5006517,22.56619],[114.5006047,22.5661454],[114.5006007,22.56619]]],[[[114.5005417,22.5660773],[114.5005417,22.5661181],[114.5005806,22.5660785],[114.5005417,22.5660773]]],[[[114.5000522,22.4522438],[114.5001152,22.4522456],[114.5001199,22.4522121],[114.5000522,22.4522438]]],[[[114.4999603,22.4521527],[114.4999905,22.4521911],[114.5000488,22.4521285],[114.4999603,22.4521527]]],[[[114.4851418,22.5296949],[114.4851445,22.5297395],[114.4852102,22.5297024],[114.4851418,22.5296949]]],[[[114.4850023,22.5283063],[114.4851136,22.5283794],[114.4851015,22.5282728],[114.4850023,22.5283063]]],[[[114.4846375,22.4919784],[114.4846925,22.4919871],[114.4846643,22.4918855],[114.4846375,22.4919784]]],[[[114.4842379,22.5319829],[114.4842808,22.532051],[114.4842982,22.5319854],[114.4842379,22.5319829]]],[[[114.4814792,22.4710139],[114.4815128,22.4710945],[114.4815785,22.4709718],[114.4814792,22.4710139]]],[[[114.4814309,22.4709296],[114.4815718,22.4708925],[114.4814846,22.4708193],[114.4814309,22.4709296]]],[[[114.480232,22.5051531],[114.4802682,22.5052732],[114.4803232,22.5051679],[114.480232,22.5051531]]],[[[114.4791511,22.5400109],[114.4792074,22.5400579],[114.4792369,22.5399725],[114.4791511,22.5400109]]],[[[114.4788614,22.4972135],[114.4788668,22.497268],[114.4789231,22.4972531],[114.4788614,22.4972135]]],[[[114.4775826,22.54753],[114.4776115,22.5475529],[114.4776457,22.5475157],[114.4775826,22.54753]]],[[[114.4774747,22.5476947],[114.4775297,22.5477219],[114.4775149,22.5476619],[114.4774747,22.5476947]]],[[[114.4773372,22.5478613],[114.4773989,22.5478916],[114.4774143,22.5478532],[114.4773372,22.5478613]]],[[[114.4772698,22.5351162],[114.4786683,22.5355968],[114.4781721,22.5348951],[114.4772698,22.5351162]]],[[[114.4772273,22.5348598],[114.4773037,22.5349663],[114.4773332,22.5348387],[114.4772273,22.5348598]]],[[[114.4660565,22.5552703],[114.466137,22.5552815],[114.4661558,22.5552096],[114.4660565,22.5552703]]],[[[114.4657588,22.555305],[114.4658151,22.5553558],[114.4658446,22.5553025],[114.4657588,22.555305]]],[[[114.4635306,22.5559298],[114.4635634,22.5559868],[114.4636244,22.5559447],[114.4635306,22.5559298]]],[[[114.4629244,22.5563807],[114.4630961,22.5562116],[114.4629499,22.5562172],[114.4629244,22.5563807]]],[[[114.4621848,22.5609488],[114.4621861,22.5609885],[114.4622371,22.5609823],[114.4621848,22.5609488]]],[[[114.4617489,22.5604844],[114.4618146,22.5605154],[114.4618683,22.5604398],[114.4617489,22.5604844]]],[[[114.461714,22.5605253],[114.4617502,22.5605476],[114.461765,22.5605228],[114.461714,22.5605253]]],[[[114.4615759,22.5602045],[114.4616054,22.5602417],[114.4616537,22.5601921],[114.4615759,22.5602045]]],[[[114.4615343,22.5602627],[114.4615732,22.5603036],[114.4615853,22.5602763],[114.4615343,22.5602627]]],[[[114.4613975,22.559994],[114.4614284,22.5600274],[114.4614391,22.559994],[114.4613975,22.559994]]],[[[114.4613238,22.5575888],[114.4614633,22.5574799],[114.4613788,22.5574588],[114.4613238,22.5575888]]],[[[114.4612822,22.5586168],[114.4614042,22.5590465],[114.4615759,22.5588484],[114.4612822,22.5586168]]],[[[114.4612755,22.5593227],[114.4613197,22.5593933],[114.4613533,22.5593549],[114.4612755,22.5593227]]],[[[114.4612741,22.5594887],[114.4613063,22.5595816],[114.4613546,22.5594602],[114.4612741,22.5594887]]],[[[114.4611816,22.5597289],[114.4613197,22.5596831],[114.4611856,22.5595989],[114.4611816,22.5597289]]],[[[114.4610971,22.5595308],[114.4612071,22.5595642],[114.4611897,22.5594577],[114.4610971,22.5595308]]],[[[114.4610287,22.5597351],[114.4611038,22.5597426],[114.4611105,22.5596831],[114.4610287,22.5597351]]],[[[114.4610032,22.55719],[114.4610475,22.5572049],[114.4610395,22.5571219],[114.4610032,22.55719]]],[[[114.4608839,22.5578712],[114.4609523,22.5578712],[114.4609228,22.5578056],[114.4608839,22.5578712]]],[[[114.4608074,22.5578043],[114.4608799,22.5578279],[114.4608879,22.5577796],[114.4608074,22.5578043]]],[[[114.460739,22.5579071],[114.4608048,22.5578737],[114.4607484,22.5578378],[114.460739,22.5579071]]],[[[114.4607337,22.557756],[114.4607632,22.5578043],[114.4608316,22.5577387],[114.4607337,22.557756]]],[[[114.4605821,22.5578823],[114.4606411,22.5579207],[114.4606425,22.557844],[114.4605821,22.5578823]]],[[[114.460558,22.5573424],[114.4606103,22.5573597],[114.4606639,22.5572396],[114.460558,22.5573424]]],[[[114.4597684,22.559307],[114.4610611,22.5585969],[114.4598988,22.5579981],[114.4597684,22.559307]]],[[[114.4595126,22.5586998],[114.4595844,22.5587332],[114.4595924,22.558688],[114.4595126,22.5586998]]],[[[114.4590218,22.5689782],[114.4590915,22.568933],[114.4590265,22.5688922],[114.4590218,22.5689782]]],[[[114.4447155,22.5706197],[114.4448134,22.5707287],[114.4448979,22.5705943],[114.4447155,22.5706197]]],[[[114.4431049,22.5696674],[114.443357,22.5694358],[114.443125,22.5693566],[114.4431049,22.5696674]]],[[[114.4428058,22.5694482],[114.4428836,22.5695287],[114.4429278,22.5694569],[114.4428058,22.5694482]]],[[[114.4427119,22.569686],[114.4427656,22.569816],[114.4428903,22.5697095],[114.4427119,22.569686]]],[[[114.4419502,22.5693838],[114.4421634,22.5695498],[114.4420709,22.5693529],[114.4419502,22.5693838]]],[[[114.420125,22.6034578],[114.4201478,22.6035073],[114.420172,22.6034677],[114.420125,22.6034578]]],[[[114.419952,22.602939],[114.4200298,22.6029675],[114.4199681,22.6029044],[114.419952,22.602939]]],[[[114.3795767,22.6124064],[114.3795808,22.6124658],[114.3796545,22.6124411],[114.3795767,22.6124064]]],[[[114.3760255,22.6116587],[114.3760657,22.6116809],[114.3760885,22.6116067],[114.3760255,22.6116587]]],[[[114.3759786,22.6114234],[114.376004,22.6114804],[114.3760724,22.6113677],[114.3759786,22.6114234]]],[[[114.3759732,22.6112142],[114.375992,22.6113256],[114.376059,22.6111635],[114.3759732,22.6112142]]],[[[114.375827,22.6116884],[114.3758941,22.6117193],[114.3759249,22.6115906],[114.375827,22.6116884]]],[[[114.3756782,22.6113653],[114.3757492,22.6114346],[114.3759155,22.6111956],[114.3756782,22.6113653]]],[[[114.3650553,22.6070977],[114.3652269,22.6071188],[114.3652537,22.6069417],[114.3650553,22.6070977]]],[[[114.360761,22.6097261],[114.3609488,22.609611],[114.3608576,22.6095119],[114.360761,22.6097261]]],[[[114.3474613,22.6005297],[114.3475404,22.6005185],[114.3475257,22.6004653],[114.3474613,22.6005297]]],[[[114.3471448,22.6005495],[114.3473071,22.600578],[114.3473057,22.6004492],[114.3471448,22.6005495]]],[[[114.3469343,22.6002907],[114.3470322,22.6002734],[114.347012,22.6001979],[114.3469343,22.6002907]]],[[[114.3469329,22.6004331],[114.3470469,22.6004628],[114.3469839,22.6003675],[114.3469329,22.6004331]]],[[[114.3396494,22.5964847],[114.3399739,22.5967831],[114.3400289,22.5964253],[114.3396494,22.5964847]]],[[[114.3363851,22.5956019],[114.3364441,22.5956787],[114.3364589,22.5956291],[114.3363851,22.5956019]]],[[[114.334112,22.6010101],[114.3342367,22.6009667],[114.3341522,22.6009284],[114.334112,22.6010101]]],[[[114.33204,22.6023163],[114.33204,22.6023881],[114.3320963,22.6023212],[114.33204,22.6023163]]],[[[114.3318441,22.6025391],[114.3319112,22.6025107],[114.3318737,22.6024661],[114.3318441,22.6025391]]],[[[114.3313801,22.602762],[114.3313882,22.6028388],[114.3314217,22.6027818],[114.3313801,22.602762]]],[[[114.3291552,22.6042527],[114.3291593,22.604296],[114.3292062,22.6042502],[114.3291552,22.6042527]]],[[[114.3278772,22.6044173],[114.3279697,22.604348],[114.3278839,22.6043146],[114.3278772,22.6044173]]],[[[114.3229499,22.5987914],[114.3230747,22.5987511],[114.3229768,22.5987257],[114.3229499,22.5987914]]],[[[114.3211696,22.6006584],[114.3211737,22.6006857],[114.3212253,22.6006417],[114.3211696,22.6006584]]],[[[114.3211656,22.6006089],[114.3212199,22.6006064],[114.3212166,22.600578],[114.3211656,22.6006089]]],[[[114.3156196,22.5929533],[114.3156476,22.5930389],[114.3157148,22.592958],[114.3156196,22.5929533]]],[[[114.3142985,22.5937434],[114.3152937,22.5936165],[114.3146418,22.5929373],[114.3142985,22.5937434]]],[[[114.314214,22.594048],[114.3142368,22.5940938],[114.3142542,22.5940517],[114.314214,22.594048]]],[[[114.2682952,22.5837769],[114.2683348,22.5837769],[114.2683013,22.5837441],[114.2682952,22.5837769]]],[[[114.2682872,22.5835355],[114.2683234,22.5835962],[114.268363,22.5835466],[114.2682872,22.5835355]]],[[[114.2682496,22.5834742],[114.2682517,22.5835101],[114.2683026,22.5834736],[114.2682496,22.5834742]]],[[[113.9893084,22.523274],[113.9893744,22.5233487],[113.9893662,22.5232701],[113.9893084,22.523274]]],[[[113.9495732,22.5134452],[113.9496126,22.5135977],[113.9497044,22.5134543],[113.9495732,22.5134452]]],[[[113.9490013,22.5073035],[113.9497322,22.5066911],[113.9491752,22.5057183],[113.9490013,22.5073035]]],[[[113.9146205,22.4806424],[113.9150084,22.4794322],[113.9148595,22.4789842],[113.9146205,22.4806424]]],[[[113.8426226,22.5176066],[113.8426548,22.5176735],[113.8426763,22.5176512],[113.8426226,22.5176066]]],[[[113.8412956,22.5119635],[113.8413177,22.5119827],[113.8413191,22.5119629],[113.8412956,22.5119635]]],[[[113.8401309,22.5200618],[113.8401353,22.5201273],[113.8401869,22.5201243],[113.8401309,22.5200618]]],[[[113.8391498,22.5139018],[113.8391753,22.5139309],[113.83918,22.5139024],[113.8391498,22.5139018]]],[[[113.8364325,22.5246382],[113.836554,22.5248692],[113.8366197,22.5247002],[113.8364325,22.5246382]]],[[[113.8350582,22.5254017],[113.8352454,22.5254637],[113.835311,22.5252947],[113.8350582,22.5254017]]],[[[113.8343903,22.5443566],[113.8343983,22.5444254],[113.8344882,22.5443981],[113.8343903,22.5443566]]],[[[113.8339148,22.5312793],[113.8340363,22.5315103],[113.834102,22.5313413],[113.8339148,22.5312793]]],[[[113.8325576,22.55037],[113.8398466,22.5487915],[113.8345847,22.5445195],[113.8325576,22.55037]]],[[[113.8325475,22.5320469],[113.8327346,22.5321089],[113.8328002,22.5319399],[113.8325475,22.5320469]]],[[[113.831194,22.58079],[113.8313591,22.5808924],[113.8314675,22.5807434],[113.831194,22.58079]]],[[[113.8309844,22.5390311],[113.8311716,22.5390931],[113.8312372,22.5389241],[113.8309844,22.5390311]]],[[[113.8308266,22.5812383],[113.8311,22.5811917],[113.8309349,22.5810893],[113.8308266,22.5812383]]],[[[113.8300241,22.5387181],[113.8302113,22.5387801],[113.8302769,22.5386111],[113.8300241,22.5387181]]],[[[113.8282098,22.5463422],[113.8283969,22.5464042],[113.8284625,22.5462352],[113.8282098,22.5463422]]],[[[113.8272431,22.5460298],[113.8274303,22.5460918],[113.8274959,22.5459228],[113.8272431,22.5460298]]],[[[113.8270116,22.5781887],[113.8271766,22.5782911],[113.827285,22.5781421],[113.8270116,22.5781887]]],[[[113.8266459,22.5787154],[113.8268109,22.5788178],[113.8269193,22.5786688],[113.8266459,22.5787154]]],[[[113.825793,22.5527379],[113.8259801,22.5527999],[113.8260457,22.5526309],[113.825793,22.5527379]]],[[[113.8248157,22.5524167],[113.8250029,22.5524787],[113.8250685,22.5523097],[113.8248157,22.5524167]]],[[[113.8231143,22.5598043],[113.8233015,22.5598663],[113.8233671,22.5596973],[113.8231143,22.5598043]]],[[[113.8225843,22.575232],[113.822641,22.5754834],[113.8227494,22.5753344],[113.8225843,22.575232]]],[[[113.8221395,22.5594856],[113.8223923,22.5593786],[113.8222051,22.5593166],[113.8221395,22.5594856]]],[[[113.8220763,22.5759564],[113.8222413,22.5760588],[113.8223497,22.5759098],[113.8220763,22.5759564]]],[[[113.8204334,22.5668745],[113.8206206,22.5669365],[113.8206862,22.5667675],[113.8204334,22.5668745]]],[[[113.8194517,22.56656],[113.8197045,22.566453],[113.8195173,22.566391],[113.8194517,22.56656]]],[[[113.8185498,22.4002634],[113.8186068,22.4002671],[113.8185967,22.4002101],[113.8185498,22.4002634]]],[[[113.8185424,22.400592],[113.8185693,22.4006162],[113.818576,22.4005932],[113.8185424,22.400592]]],[[[113.8182105,22.5468357],[113.8187393,22.5475071],[113.8194524,22.5470054],[113.8182105,22.5468357]]],[[[113.8181832,22.5726469],[113.8184737,22.5727809],[113.8184301,22.5725686],[113.8181832,22.5726469]]],[[[113.8178135,22.5467366],[113.8178511,22.5467626],[113.8178538,22.5467143],[113.8178135,22.5467366]]],[[[113.8174917,22.4089146],[113.8175708,22.408958],[113.8175252,22.4088787],[113.8174917,22.4089146]]],[[[113.8173442,22.5467465],[113.8176446,22.5471169],[113.8177223,22.5468394],[113.8173442,22.5467465]]],[[[113.8170066,22.5728447],[113.8172971,22.5729786],[113.8172535,22.5727663],[113.8170066,22.5728447]]],[[[113.8168842,22.4096077],[113.8169499,22.4096052],[113.8169231,22.4095581],[113.8168842,22.4096077]]],[[[113.8155203,22.4101507],[113.8155712,22.4101743],[113.8155659,22.410121],[113.8155203,22.4101507]]],[[[113.8152862,22.4101873],[113.8154458,22.4102369],[113.8154472,22.4101098],[113.8152862,22.4101873]]],[[[113.8149697,22.4105146],[113.8150254,22.4104588],[113.8149831,22.4104322],[113.8149697,22.4105146]]],[[[113.8149382,22.4107235],[113.81502,22.4107508],[113.815012,22.4107074],[113.8149382,22.4107235]]],[[[113.8148604,22.4105983],[113.8149201,22.4106002],[113.814894,22.4105568],[113.8148604,22.4105983]]],[[[113.8146687,22.410594],[113.8146975,22.410682],[113.814788,22.4106553],[113.8146687,22.410594]]],[[[113.8145694,22.4107037],[113.8146184,22.4107415],[113.8146257,22.4106888],[113.8145694,22.4107037]]],[[[113.8138888,22.4114036],[113.8138948,22.411455],[113.813929,22.4114246],[113.8138888,22.4114036]]],[[[113.8135301,22.4121729],[113.8135582,22.4121695],[113.8135341,22.412127],[113.8135301,22.4121729]]],[[[113.8135046,22.4123905],[113.8135716,22.4123458],[113.8135227,22.4123303],[113.8135046,22.4123905]]],[[[113.8134992,22.4125231],[113.8135435,22.4125194],[113.8135234,22.4124741],[113.8134992,22.4125231]]],[[[113.8132377,22.4127271],[113.8133041,22.4127283],[113.8132927,22.412662],[113.8132377,22.4127271]]],[[[113.8128059,22.4153145],[113.8128689,22.4153628],[113.8128833,22.4153173],[113.8128059,22.4153145]]],[[[113.812028,22.4177296],[113.8121782,22.4176626],[113.8120803,22.4175808],[113.812028,22.4177296]]],[[[113.8120273,22.4167855],[113.812079,22.4169095],[113.8121789,22.4168549],[113.8120273,22.4167855]]],[[[113.8117813,22.4181957],[113.8120361,22.4179986],[113.8118041,22.4179775],[113.8117813,22.4181957]]],[[[113.8111711,22.4189272],[113.8112287,22.4188887],[113.8111885,22.4188329],[113.8111711,22.4189272]]],[[[113.8078326,22.4902772],[113.8078397,22.4906266],[113.8082904,22.490297],[113.8078326,22.4902772]]],[[[113.8042072,22.4205979],[113.8042374,22.420601],[113.8042362,22.4205785],[113.8042072,22.4205979]]],[[[113.8031133,22.4922114],[113.8034597,22.4922572],[113.8031857,22.4919835],[113.8031133,22.4922114]]],[[[113.7996966,22.4212433],[113.7997562,22.4212665],[113.7997093,22.4212216],[113.7996966,22.4212433]]],[[[113.7993506,22.4231596],[113.7993693,22.4231906],[113.7994042,22.4231249],[113.7993506,22.4231596]]],[[[113.7990374,22.4216062],[113.7990445,22.4216295],[113.7990723,22.4216],[113.7990374,22.4216062]]],[[[113.797752,22.4065552],[113.7978163,22.4065316],[113.7977841,22.406518],[113.797752,22.4065552]]],[[[113.7972571,22.4259563],[113.7972625,22.4259848],[113.797296,22.4259538],[113.7972571,22.4259563]]],[[[113.7935033,22.4116633],[113.7935516,22.4116869],[113.7935396,22.4116559],[113.7935033,22.4116633]]],[[[113.7932204,22.4121716],[113.7932941,22.4121753],[113.7932754,22.4121493],[113.7932204,22.4121716]]],[[[113.7878895,22.4136544],[113.7880611,22.4135652],[113.7879753,22.4135676],[113.7878895,22.4136544]]],[[[113.7848653,22.4199274],[113.7849196,22.4199212],[113.7849005,22.4198787],[113.7848653,22.4199274]]],[[[113.7823645,22.4195507],[113.7824,22.4196137],[113.7824101,22.4195418],[113.7823645,22.4195507]]],[[[113.7661177,22.6734553],[113.7671734,22.6731937],[113.7675021,22.6725721],[113.7661177,22.6734553]]],[[[113.7620306,22.5709162],[113.7642131,22.5752256],[113.7667987,22.5716792],[113.7620306,22.5709162]]],[[[113.7383022,22.5596581],[113.7388193,22.5599296],[113.7387159,22.5590207],[113.7383022,22.5596581]]],[[[113.7331144,22.5577042],[113.7333901,22.5577792],[113.7333234,22.5573559],[113.7331144,22.5577042]]],[[[113.7330234,22.5579071],[113.7331053,22.5581605],[113.7333844,22.5580053],[113.7330234,22.5579071]]]]}},{"type":"Feature","properties":{"name":"珠海市","osm_relation":3464829},"geometry":{"type":"MultiPolygon","coordinates":[[[[113.079330564,22.106313266],[113.0818462,22.1199939],[113.0967807,22.1425739],[113.0959224,22.1700784],[113.0909231,22.1773273],[113.0924155,22.1906372],[113.0954002,22.1972916],[113.107457,22.2097997],[113.1049658,22.2157495],[113.1119744,22.2191718],[113.115854,22.2138082],[113.1244228,22.2207433],[113.1475938,22.229214],[113.1589044,22.2359757],[113.1635346,22.2431495],[113.1665323,22.260818],[113.1703743,22.2716563],[113.1702508,22.2806829],[113.1802688,22.2972885],[113.1832142,22.3348552],[113.1882334,22.3621018],[113.1828689,22.3632131],[113.1763887,22.3749998],[113.1598469,22.3855578],[113.1601278,22.4014159],[113.1746399,22.4070115],[113.1823325,22.3984066],[113.1863987,22.3850297],[113.1972241,22.3864483],[113.2083177,22.3959714],[113.2068479,22.4023446],[113.2133174,22.4033018],[113.2134783,22.3984562],[113.2241428,22.4005591],[113.2310146,22.3956044],[113.2437375,22.4040666],[113.2574658,22.394955],[113.2684934,22.3876855],[113.3019535,22.3492021],[113.3155137,22.3322634],[113.3162127,22.3147192],[113.3241811,22.2958793],[113.3311709,22.2833755],[113.334452,22.2703341],[113.3439076,22.254348],[113.3511554,22.2479551],[113.3670921,22.239149],[113.3698498,22.2409045],[113.3775939,22.2339123],[113.3822512,22.2371257],[113.3890862,22.2317618],[113.3970594,22.2199861],[113.4085685,22.2068322],[113.4236788,22.2062507],[113.4333235,22.2082833],[113.4520013,22.2160887],[113.4574177,22.2217464],[113.4812338,22.2297646],[113.4741574,22.2364308],[113.477319,22.2458792],[113.4816972,22.2451261],[113.5015619,22.2494054],[113.5073435,22.2529853],[113.5090734,22.2642534],[113.5037383,22.2720394],[113.499408,22.2696852],[113.4897293,22.2828859],[113.4908947,22.2855068],[113.4751299,22.3065728],[113.4643788,22.3125142],[113.4777189,22.3215691],[113.4848484,22.3205363],[113.4978678,22.3274066],[113.492504,22.3435399],[113.4848135,22.3444281],[113.4844975,22.3526097],[113.4896497,22.357885],[113.4894847,22.3650859],[113.4840606,22.3689748],[113.4871394,22.3797806],[113.4805655,22.3936622],[113.4901694,22.4008138],[113.4893292,22.4111217],[113.4982195,22.4130596],[113.5033263,22.4183165],[113.512651,22.4117529],[113.5139165,22.4175398],[113.5288862,22.4186076],[113.540761991,22.416623454],[113.5623895,22.4154],[113.5637393,22.401866],[113.5382684,22.3977743],[113.5639076,22.4005058],[113.5669618,22.3860311],[113.5720944,22.3921653],[113.5858038,22.3873671],[113.6077909,22.38253],[113.6099428,22.3742458],[113.6161135,22.3784617],[113.6263654,22.3757412],[113.6205953,22.3668758],[113.6231753,22.3607354],[113.6182467,22.3512722],[113.6106197,22.3484284],[113.5971208,22.349991],[113.5909582,22.3471946],[113.5898516,22.3395926],[113.5995638,22.3286455],[113.6001153,22.3218763],[113.6077724,22.31931],[113.6007728,22.3157495],[113.5894058,22.3175778],[113.5809804,22.3125075],[113.5748169,22.3032085],[113.5733376,22.2928351],[113.5788205,22.26569],[113.5856203,22.2608638],[113.5915746,22.2496525],[113.5885792,22.2412199],[113.5837082,22.2427804],[113.5847125,22.2342347],[113.5778346,22.2364047],[113.5609491,22.2317241],[113.5525806,22.2184478],[113.5417167,22.2132333],[113.5330833,22.2123056],[113.5347605,22.2063924],[113.5291646,22.2046698],[113.5307118,22.1965294],[113.5207486,22.171304],[113.5304484,22.1697281],[113.5367677,22.1582718],[113.5477567,22.1436545],[113.5474137,22.1361004],[113.5401725,22.1354523],[113.5407564,22.1240579],[113.5456658,22.1205986],[113.545159,22.1066387],[113.5472766,22.0961676],[113.5545279,22.091181],[113.5507996,22.0875238],[113.5513294,22.076466],[113.543905,22.0788633],[113.540854,22.0842356],[113.5291904,22.0842245],[113.5205872,22.0815911],[113.5040501,22.0710673],[113.5011506,22.0624841],[113.4923717,22.0604382],[113.4796151,22.0749697],[113.4841494,22.0795245],[113.4972595,22.0641396],[113.4977281,22.0762411],[113.4713244,22.0907896],[113.4562612,22.1192099],[113.432147,22.169664],[113.4144873,22.1600317],[113.39233,22.14212],[113.3782008,22.133462],[113.3654912,22.1523508],[113.3627329,22.1481859],[113.3780251,22.0914525],[113.3961073,22.0957352],[113.4049264,22.0807809],[113.4152922,22.0680804],[113.4125131,22.0658557],[113.3994282,22.0445385],[113.4011939,22.0402489],[113.3926156,22.0332992],[113.3905229,22.0278807],[113.3957229,22.0206446],[113.3903789,22.0156619],[113.4033487,22.0154273],[113.4042904,22.006762],[113.3992695,22.0093376],[113.3760996,21.9988422],[113.3701666,21.9909244],[113.3573853,21.9853209],[113.3557511,22.0023398],[113.3515976,22.001121],[113.3446357,22.0072395],[113.3334,22.0021001],[113.3271839,22.0084911],[113.31326,22.00251],[113.3043285,22.0015894],[113.2851369,22.0156843],[113.2771072,22.0278964],[113.2797438,22.0557221],[113.2776,22.0674701],[113.26614,22.0847499],[113.2612831,22.0829986],[113.272297,22.0677044],[113.2688445,22.0399811],[113.2620413,22.0441508],[113.2506535,22.0452854],[113.2317111,22.0337607],[113.2146094,22.0336971],[113.2266852,22.0319348],[113.23846,22.0361],[113.2446,22.0409101],[113.2527756,22.042401],[113.2482901,22.01217],[113.2534929,22.0085144],[113.2398096,21.9936851],[113.254475,21.9785783],[113.2589293,21.9643407],[113.2489413,21.9542476],[113.2487526,21.9483217],[113.2573383,21.9477647],[113.2634773,21.9504665],[113.2553545,21.9810438],[113.2643297,21.950968],[113.2702929,21.9515813],[113.2752571,21.9438265],[113.2728479,21.9391004],[113.2830323,21.9242022],[113.294842,21.9220663],[113.290749,21.9161182],[113.2831322,21.9186594],[113.2763477,21.9073156],[113.2866664,21.8992555],[113.271186,21.8958236],[113.2719076,21.8909145],[113.2613347,21.8749156],[113.2520724,21.8803329],[113.2453767,21.8888729],[113.235915,21.888849],[113.2289198,21.9055373],[113.2190299,21.9021886],[113.2140598,21.9241474],[113.2318777,21.9449038],[113.2250172,21.9514942],[113.2089025,21.9324965],[113.2022908,21.9413911],[113.2151306,21.9576189],[113.2138431,21.9640866],[113.2084331,21.9573652],[113.1967574,21.9514096],[113.1924927,21.9586164],[113.1871471,21.9568726],[113.1833571,21.9631463],[113.1764591,21.9635076],[113.1540084,21.9897929],[113.1578763,21.9933121],[113.1265506,22.0336383],[113.108671,22.0591276],[113.1056696,22.0705055],[113.1050044,22.0973208],[113.079330564,22.106313266]],[[113.5469596,22.1381506],[113.5469599,22.1380162],[113.5470302,22.1381595],[113.5469596,22.1381506]],[[113.5449743,22.1429504],[113.5452535,22.1378409],[113.545773,22.1393839],[113.5449743,22.1429504]]],[[[113.1126326,21.8932415],[113.1193569,21.8991473],[113.123399,21.9126203],[113.1304425,21.9157308],[113.1342459,21.9220523],[113.1319915,21.9291251],[113.1394038,21.9378059],[113.1473746,21.9368182],[113.1527974,21.9303492],[113.1508548,21.9228788],[113.1413919,21.9168368],[113.1339025,21.9154471],[113.1284027,21.9062435],[113.1189861,21.8982103],[113.1155415,21.8940865],[113.1146377,21.8917562],[113.1312874,21.8612224],[113.1323227,21.8716996],[113.1368476,21.874816],[113.1455272,21.8656708],[113.1551188,21.8676472],[113.1593272,21.877651],[113.1651235,21.8756075],[113.1671599,21.86708],[113.1783065,21.8630023],[113.1898347,21.8737482],[113.1989703,21.869763],[113.188287,21.8575979],[113.1821018,21.8583696],[113.1829146,21.8530398],[113.1763834,21.8516842],[113.1732691,21.8572662],[113.1636482,21.8588799],[113.1535631,21.855101],[113.1407073,21.8430193],[113.1372687,21.8356099],[113.1336531,21.8414956],[113.130936,21.8596021],[113.1126326,21.8932415]]],[[[114.2178583,22.0218676],[114.2224878,22.0311048],[114.2344773,22.0368183],[114.2492938,22.039767],[114.2516863,22.0432377],[114.264396,22.0433694],[114.2635953,22.0457735],[114.2775053,22.0518742],[114.2990971,22.052451],[114.3052661,22.0581487],[114.3002182,22.0618477],[114.3100727,22.0662425],[114.3192726,22.0641098],[114.3175024,22.059552],[114.3087208,22.0574776],[114.3012992,22.0437697],[114.2943227,22.0395407],[114.2793024,22.0393642],[114.2622167,22.030886],[114.2487574,22.0300356],[114.2367893,22.0265596],[114.228158,22.0196099],[114.2178583,22.0218676]]],[[[113.6052429,22.4143706],[113.6066433,22.4217895],[113.6138594,22.4376158],[113.6235047,22.4451177],[113.6460686,22.4378201],[113.6522613,22.440507],[113.6610961,22.4315261],[113.6558999,22.4271024],[113.6596301,22.4173899],[113.6477621,22.4113205],[113.6441678,22.4039852],[113.646813,22.4008191],[113.6279253,22.3923283],[113.6269366,22.3874794],[113.6140817,22.3921503],[113.6073925,22.4018654],[113.6052429,22.4143706]]],[[[114.1195084,21.9853049],[114.1250166,21.9876211],[114.1323629,21.9918224],[114.1373116,21.9890916],[114.1479063,21.9942124],[114.1470815,22.001437],[114.1552716,21.9952047],[114.1593593,21.999491],[114.167923,22.0004708],[114.1616379,21.9921507],[114.1624412,21.9868482],[114.1563821,21.9854392],[114.151369,21.9834022],[114.1366947,21.9876291],[114.1325346,21.9844991],[114.1195084,21.9853049]]],[[[113.7947078,22.1686663],[113.7964435,22.1765791],[113.8028294,22.1775472],[113.8082916,22.1631273],[113.8143079,22.1568385],[113.8211992,22.1575197],[113.8231524,22.1480527],[113.8308916,22.1428261],[113.8338987,22.1335297],[113.8235542,22.1209019],[113.8155757,22.125196],[113.8135364,22.1366488],[113.8180535,22.1387757],[113.8177834,22.1495734],[113.8139404,22.1564062],[113.7947078,22.1686663]]],[[[113.7383914,21.9896277],[113.741903,21.9980759],[113.7615933,21.9943963],[113.7613168,22.0001239],[113.7696424,21.9973883],[113.7748674,21.9917552],[113.7724131,21.9793393],[113.7623602,21.9753199],[113.7628645,21.9683154],[113.7587151,21.9654025],[113.7530704,21.9690529],[113.7518996,21.9778171],[113.7478065,21.9758497],[113.7462187,21.9834283],[113.7383914,21.9896277]]],[[[113.7117863,21.9382946],[113.7149072,21.9483956],[113.7129855,21.9537023],[113.7218403,21.9578389],[113.7379333,21.9533253],[113.7394668,21.9476209],[113.7464279,21.9425749],[113.737922,21.931237],[113.7261341,21.9296475],[113.7226167,21.9256936],[113.7148437,21.9268541],[113.7201812,21.9342431],[113.7201838,21.9371615],[113.7117863,21.9382946]]],[[[113.6904837,22.0246811],[113.6978826,22.0318034],[113.702207,22.0284295],[113.7068975,22.0328402],[113.7171671,22.0316596],[113.7083342,22.0203469],[113.7165347,22.0246923],[113.7226018,22.023745],[113.7191069,22.0165986],[113.7088287,22.0131372],[113.7012139,22.0146615],[113.6986363,22.021476],[113.6904837,22.0246811]]],[[[113.3792283,22.1310956],[113.3984109,22.1433223],[113.4002724,22.1470865],[113.4132918,22.1568729],[113.4182453,22.1504667],[113.4460719,22.0900411],[113.4479691,22.0844428],[113.4390378,22.0812284],[113.4318387,22.0729665],[113.4266224,22.0717013],[113.4238614,22.0695373],[113.4241783,22.0834554],[113.3792283,22.1310956]]],[[[114.0302432,21.8890877],[114.0354305,21.8957726],[114.0521032,21.9012353],[114.056038,21.9116995],[114.0609223,21.907718],[114.0564644,21.9008221],[114.0685263,21.9010561],[114.0552977,21.8936671],[114.0479833,21.8960339],[114.0410686,21.8932142],[114.0363291,21.8838362],[114.0302432,21.8890877]]],[[[114.022674,22.104601],[114.0296075,22.1056372],[114.0407521,22.1130325],[114.0436086,22.1040393],[114.0493995,22.1025806],[114.0510719,22.09641],[114.0455264,22.0891828],[114.0419979,22.0930723],[114.0301493,22.0940602],[114.022674,22.104601]]],[[[113.6760581,21.9441031],[113.6775291,21.9521121],[113.6861454,21.9641707],[113.6905627,21.9652441],[113.7017128,21.9598983],[113.7017597,21.9479496],[113.6890306,21.9458919],[113.6793174,21.9415588],[113.6760581,21.9441031]]],[[[114.175987,21.9941253],[114.1768527,22.0116949],[114.2145981,22.0119368],[114.2191196,22.0069527],[114.2141461,21.9978483],[114.1992879,21.9965844],[114.1848068,21.9913958],[114.175987,21.9941253]]],[[[114.0047784,21.8640791],[114.0115566,21.8713842],[114.0153983,21.8700591],[114.0265982,21.8747691],[114.0187483,21.8681991],[114.0110683,21.8659992],[114.0072137,21.8568088],[114.0047784,21.8640791]]],[[[113.8201185,22.0062837],[113.8253532,22.0063391],[113.82612,21.9992301],[113.8380156,22.0024359],[113.8344374,21.9951563],[113.8276741,21.9912387],[113.8212757,21.9928063],[113.8201185,22.0062837]]],[[[113.428972,22.0692042],[113.4415001,22.0802457],[113.4511739,22.0757097],[113.4539223,22.0649102],[113.4652761,22.0605451],[113.4539713,22.0532153],[113.4344099,22.0602888],[113.428972,22.0692042]]],[[[113.8828558,22.1140712],[113.8851276,22.1190322],[113.8855648,22.1250105],[113.8918653,22.1275685],[113.8974792,22.1219817],[113.8955426,22.1163579],[113.8828558,22.1140712]]],[[[113.6602485,22.0402194],[113.6664806,22.0479575],[113.6666852,22.0387528],[113.6705697,22.0330292],[113.6650819,22.0256546],[113.6660904,22.0326761],[113.6602485,22.0402194]]],[[[113.9152837,22.0368332],[113.9196624,22.0519165],[113.9222199,22.0471893],[113.9299312,22.0447716],[113.9328065,22.0392598],[113.9152837,22.0368332]]],[[[113.2504599,21.9525791],[113.2593524,21.9621914],[113.2616512,21.9513542],[113.2581965,21.9511153],[113.2513279,21.9484758],[113.2504599,21.9525791]]],[[[113.7023713,22.139149],[113.7029452,22.1453721],[113.7150112,22.1458569],[113.7114562,22.1398388],[113.7023713,22.139149]]],[[[113.5714987,22.2040289],[113.5729518,22.2147204],[113.5850548,22.2122289],[113.5809867,22.2040527],[113.5714987,22.2040289]]],[[[114.3170384,22.0663569],[114.3171389,22.0664352],[114.3171068,22.066337],[114.3170384,22.0663569]]],[[[114.3167286,22.0661767],[114.31674,22.066245],[114.3167856,22.0662171],[114.3167286,22.0661767]]],[[[114.307031,22.0508699],[114.3071536,22.0508554],[114.3070391,22.0507879],[114.307031,22.0508699]]],[[[114.3034637,22.0441874],[114.3037641,22.0442172],[114.3036675,22.0440581],[114.3034637,22.0441874]]],[[[114.3012026,22.06972],[114.3013367,22.0697399],[114.3012965,22.0696927],[114.3012026,22.06972]]],[[[114.2913099,22.038683],[114.2918766,22.0386401],[114.2913582,22.0385512],[114.2913099,22.038683]]],[[[114.286091,22.0376263],[114.2861326,22.0376251],[114.2860977,22.0375853],[114.286091,22.0376263]]],[[[114.2858322,22.0369202],[114.2858683,22.0369229],[114.285871,22.0368918],[114.2858322,22.0369202]]],[[[114.2129391,22.0158912],[114.2129821,22.015926],[114.2130102,22.0158564],[114.2129391,22.0158912]]],[[[114.2129365,21.9948913],[114.2133147,21.9947869],[114.2129968,21.9947533],[114.2129365,21.9948913]]],[[[114.2123209,21.9947061],[114.2123611,21.9948167],[114.2124054,21.9947956],[114.2123209,21.9947061]]],[[[114.2112359,22.0158066],[114.2136486,22.0152447],[114.2118005,22.0145832],[114.2112359,22.0158066]]],[[[114.2106137,21.9960913],[114.2106767,21.9960739],[114.2106365,21.9959769],[114.2106137,21.9960913]]],[[[114.2097835,21.996267],[114.2098643,21.9963086],[114.2098422,21.9962489],[114.2097835,21.996267]]],[[[114.2083713,21.9960397],[114.2084263,21.9960245],[114.2083787,21.995999],[114.2083713,21.9960397]]],[[[114.1992414,21.9964811],[114.1992961,21.9964905],[114.1992564,21.9964463],[114.1992414,21.9964811]]],[[[114.1677845,21.9982229],[114.1678348,21.9981925],[114.1677912,21.9981785],[114.1677845,21.9982229]]],[[[114.1638976,22.0012703],[114.1639359,22.0012567],[114.163899,22.0012417],[114.1638976,22.0012703]]],[[[114.1628382,21.9874905],[114.1629682,21.9876609],[114.1631319,21.987521],[114.1628382,21.9874905]]],[[[114.1627014,21.9877411],[114.1628529,21.9877952],[114.1628502,21.9876938],[114.1627014,21.9877411]]],[[[114.1602143,21.9997885],[114.1602673,21.9998024],[114.1602716,21.9997561],[114.1602143,21.9997885]]],[[[114.1567331,21.9852636],[114.1567506,21.9853233],[114.1567834,21.9852934],[114.1567331,21.9852636]]],[[[114.1565832,21.9852151],[114.156599,21.9852685],[114.1566278,21.9852496],[114.1565832,21.9852151]]],[[[114.1540331,21.9844587],[114.1541069,21.9844555],[114.1540425,21.9843977],[114.1540331,21.9844587]]],[[[114.1530407,21.997678],[114.1530759,21.9976774],[114.1530659,21.9976519],[114.1530407,21.997678]]],[[[114.1506458,21.999832],[114.1506676,21.9998043],[114.1506489,21.9998003],[114.1506458,21.999832]]],[[[114.1483733,22.0015336],[114.1484987,22.0015482],[114.1484652,22.0014724],[114.1483733,22.0015336]]],[[[114.147734,21.9818471],[114.1478118,21.9818931],[114.1478037,21.9818241],[114.147734,21.9818471]]],[[[114.1472056,21.9797342],[114.1472451,21.9802484],[114.14759,21.9799684],[114.1472056,21.9797342]]],[[[114.1437143,21.9844636],[114.1438169,21.984482],[114.1437656,21.9844235],[114.1437143,21.9844636]]],[[[114.1422804,21.9724345],[114.1424681,21.9726571],[114.1426076,21.972432],[114.1422804,21.9724345]]],[[[114.1417681,21.9729059],[114.1417882,21.9729668],[114.141815,21.9729009],[114.1417681,21.9729059]]],[[[114.1415642,21.9729482],[114.1417412,21.972825],[114.1415709,21.9727728],[114.1415642,21.9729482]]],[[[114.1396297,21.9909771],[114.1396733,21.9909606],[114.1396401,21.9909454],[114.1396297,21.9909771]]],[[[114.1377193,21.9690616],[114.1377568,21.9694546],[114.1379553,21.9694049],[114.1377193,21.9690616]]],[[[114.1376764,21.9904458],[114.1376978,21.9904483],[114.1377005,21.9904197],[114.1376764,21.9904458]]],[[[114.1372549,21.9893201],[114.1373049,21.9892974],[114.1372667,21.989288],[114.1372549,21.9893201]]],[[[114.1353911,21.9734979],[114.1354971,21.9735489],[114.1354126,21.9733934],[114.1353911,21.9734979]]],[[[114.1349928,21.9861605],[114.1350552,21.986209],[114.135092,21.9861561],[114.1349928,21.9861605]]],[[[114.1347004,21.9731708],[114.1347004,21.9732317],[114.134738,21.9732143],[114.1347004,21.9731708]]],[[[114.1345462,21.9732342],[114.1345811,21.9732579],[114.134565,21.9731969],[114.1345462,21.9732342]]],[[[114.1341747,21.9732392],[114.1342257,21.9732243],[114.1342016,21.9732044],[114.1341747,21.9732392]]],[[[114.1334975,21.9730464],[114.1415037,21.9730026],[114.1364813,21.9690348],[114.1334975,21.9730464]]],[[[114.1263413,21.9657607],[114.1263521,21.966007],[114.1268161,21.9662333],[114.1263413,21.9657607]]],[[[114.1249074,21.9876643],[114.1249114,21.9877069],[114.1249657,21.987677],[114.1249074,21.9876643]]],[[[114.0842468,21.9032286],[114.0850219,21.9038756],[114.0851739,21.9032584],[114.0842468,21.9032286]]],[[[114.0841963,21.9023638],[114.0846265,21.9027294],[114.0847436,21.9021772],[114.0841963,21.9023638]]],[[[114.0769739,21.9022245],[114.0771537,21.902166],[114.0770155,21.9020577],[114.0769739,21.9022245]]],[[[114.0711549,21.9047939],[114.0712139,21.9049009],[114.0712541,21.9047554],[114.0711549,21.9047939]]],[[[114.0711442,21.904672],[114.0712675,21.9047155],[114.071238,21.9046247],[114.0711442,21.904672]]],[[[114.0625557,21.9065359],[114.06284,21.9065011],[114.0625718,21.9063816],[114.0625557,21.9065359]]],[[[114.0603121,21.9317214],[114.0616478,21.9321469],[114.0614196,21.9310809],[114.0603121,21.9317214]]],[[[114.0601069,21.9059436],[114.0612629,21.9064886],[114.0606286,21.9056276],[114.0601069,21.9059436]]],[[[114.0599486,21.905543],[114.0600787,21.9057452],[114.0602987,21.9056089],[114.0599486,21.905543]]],[[[114.0590528,21.915243],[114.0595087,21.9153264],[114.0591507,21.9149245],[114.0590528,21.915243]]],[[[114.0542664,22.1109762],[114.0545681,22.1108421],[114.0543723,22.1106607],[114.0542664,22.1109762]]],[[[114.0510665,22.0966137],[114.0511402,22.0966647],[114.0511121,22.0965504],[114.0510665,22.0966137]]],[[[114.0506668,22.0947896],[114.0507627,22.0948436],[114.0507741,22.0947828],[114.0506668,22.0947896]]],[[[114.0474066,22.1056124],[114.0474804,22.1057118],[114.0475233,22.1056186],[114.0474066,22.1056124]]],[[[114.047302,22.1056956],[114.0473784,22.1057031],[114.0473355,22.105626],[114.047302,22.1056956]]],[[[114.0464149,22.1058193],[114.0464658,22.1057932],[114.046445,22.1057559],[114.0464149,22.1058193]]],[[[114.0452327,22.1054987],[114.0452568,22.105549],[114.0452696,22.1054968],[114.0452327,22.1054987]]],[[[114.0451033,22.1054415],[114.0451442,22.1055136],[114.0451448,22.1054403],[114.0451033,22.1054415]]],[[[114.0445943,21.8845405],[114.0446332,21.8846998],[114.0446788,21.8845828],[114.0445943,21.8845405]]],[[[114.0444253,21.8845306],[114.0444508,21.8846476],[114.0445045,21.8845679],[114.0444253,21.8845306]]],[[[114.044078,21.8843713],[114.0441383,21.884716],[114.0443838,21.8845281],[114.044078,21.8843713]]],[[[114.0428348,22.1092318],[114.0429179,22.109274],[114.0429139,22.1092181],[114.0428348,22.1092318]]],[[[114.0425696,22.0922438],[114.0426175,22.0922807],[114.0426145,22.0921981],[114.0425696,22.0922438]]],[[[114.042468,22.0924292],[114.0425119,22.0924357],[114.0425237,22.0923786],[114.042468,22.0924292]]],[[[114.0424479,22.0924792],[114.0424724,22.0925156],[114.0424858,22.0924817],[114.0424479,22.0924792]]],[[[114.040457,22.0923217],[114.0405804,22.0922944],[114.0405402,22.0921875],[114.040457,22.0923217]]],[[[114.0386492,22.0920912],[114.038737,22.0920365],[114.0386526,22.0920055],[114.0386492,22.0920912]]],[[[114.0386344,22.0917874],[114.0387216,22.0918085],[114.038668,22.0917029],[114.0386344,22.0917874]]],[[[114.0367472,21.8834193],[114.037784,21.8832293],[114.036836,21.8824075],[114.0367472,21.8834193]]],[[[114.0351157,22.1116186],[114.0351848,22.1116329],[114.0351372,22.1115708],[114.0351157,22.1116186]]],[[[114.0343268,21.88382],[114.0343402,21.8840539],[114.0345629,21.8839059],[114.0343268,21.88382]]],[[[114.0293902,21.874923],[114.0293983,21.8751221],[114.029704,21.8751022],[114.0293902,21.874923]]],[[[114.0260227,22.1062896],[114.0260629,22.106389],[114.026197,22.1062871],[114.0260227,22.1062896]]],[[[114.0224366,22.106297],[114.0225157,22.1062771],[114.0224674,22.1062187],[114.0224366,22.106297]]],[[[114.0220705,22.1063952],[114.0221912,22.1065095],[114.0222394,22.1064026],[114.0220705,22.1063952]]],[[[114.0211692,22.0437597],[114.0213248,22.0438294],[114.0212551,22.0436777],[114.0211692,22.0437597]]],[[[114.0167329,22.0328477],[114.0168737,22.0328814],[114.0168335,22.0327841],[114.0167329,22.0328477]]],[[[114.0159202,22.0495722],[114.0165719,22.0494255],[114.0162044,22.0487692],[114.0159202,22.0495722]]],[[[114.0156895,22.0346552],[114.0157163,22.0348616],[114.0158772,22.0348293],[114.0156895,22.0346552]]],[[[114.0155621,22.0410076],[114.0156104,22.041061],[114.0157311,22.0409156],[114.0155621,22.0410076]]],[[[114.0154615,22.0329621],[114.0155607,22.0329546],[114.0154695,22.0328875],[114.0154615,22.0329621]]],[[[114.0154427,22.037323],[114.0155339,22.0374125],[114.015601,22.0373006],[114.0154427,22.037323]]],[[[114.015255,22.0341555],[114.0163574,22.0332853],[114.0157499,22.0330317],[114.015255,22.0341555]]],[[[114.0151879,22.0329919],[114.015314,22.0330267],[114.0152684,22.0329223],[114.0151879,22.0329919]]],[[[114.0151491,22.0412243],[114.0158303,22.0468773],[114.0213704,22.044339],[114.0151491,22.0412243]]],[[[114.015061,21.8765217],[114.0159886,21.8767724],[114.0156613,21.8760655],[114.015061,21.8765217]]],[[[114.0146461,22.0342002],[114.0148365,22.0341729],[114.0148714,22.0340759],[114.0146461,22.0342002]]],[[[114.0146106,21.8746081],[114.0171714,21.874368],[114.0163882,21.8725111],[114.0146106,21.8746081]]],[[[114.0144825,22.0338198],[114.0146139,22.0340511],[114.0149948,22.0337825],[114.0144825,22.0338198]]],[[[114.0144342,22.0332828],[114.0146984,22.0334655],[114.0147561,22.0332554],[114.0144342,22.0332828]]],[[[114.0143712,22.0493522],[114.0144677,22.0494131],[114.0144637,22.0493348],[114.0143712,22.0493522]]],[[[114.0103063,22.0405141],[114.0103626,22.0405016],[114.0103264,22.0404507],[114.0103063,22.0405141]]],[[[114.0097176,22.040923],[114.0099375,22.0410971],[114.0099737,22.0408758],[114.0097176,22.040923]]],[[[114.0085991,21.846567],[114.0086782,21.846638],[114.0087533,21.8465371],[114.0085991,21.846567]]],[[[114.0082517,21.853092],[114.0110734,21.8476724],[114.0086621,21.8467413],[114.0082517,21.853092]]],[[[114.0074497,22.0530862],[114.0075141,22.0530886],[114.0074766,22.0530377],[114.0074497,22.0530862]]],[[[114.0071854,22.0546278],[114.0095526,22.0539712],[114.0077408,22.0530439],[114.0071854,22.0546278]]],[[[114.0067036,21.8447819],[114.0094654,21.8454044],[114.0082338,21.8438098],[114.0067036,21.8447819]]],[[[114.0040782,22.0474914],[114.0041614,22.0474665],[114.004097,22.0474317],[114.0040782,22.0474914]]],[[[114.0040165,22.047745],[114.0041479,22.0477499],[114.0040326,22.0476082],[114.0040165,22.047745]]],[[[114.003582,22.0481775],[114.0040138,22.0482049],[114.0039495,22.047914],[114.003582,22.0481775]]],[[[114.0032655,22.0485032],[114.0035927,22.0486151],[114.0035123,22.048354],[114.0032655,22.0485032]]],[[[114.0030187,22.028463],[114.0088291,22.0409304],[114.0136155,22.031581],[114.0030187,22.028463]]],[[[114.0027492,22.0492179],[114.0027693,22.0493261],[114.0029812,22.0493025],[114.0027492,22.0492179]]],[[[113.997134,22.0530551],[113.9972292,22.0529693],[113.9971407,22.0529171],[113.997134,22.0530551]]],[[[113.9970709,22.0530998],[113.9971004,22.0532726],[113.9972506,22.0531533],[113.9970709,22.0530998]]],[[[113.9963172,21.82422],[113.9963803,21.8243831],[113.9964473,21.8242935],[113.9963172,21.82422]]],[[[113.9961603,21.8242188],[113.9962327,21.8242486],[113.996222,21.8241739],[113.9961603,21.8242188]]],[[[113.9960906,21.8240893],[113.996112,21.8241789],[113.9961684,21.8240768],[113.9960906,21.8240893]]],[[[113.9955005,21.8226899],[113.9957258,21.822782],[113.995648,21.8226003],[113.9955005,21.8226899]]],[[[113.9950867,21.8247404],[113.9961858,21.8246134],[113.9953522,21.8237582],[113.9950867,21.8247404]]],[[[113.9949211,21.8232788],[113.9950808,21.8232228],[113.9949654,21.823036],[113.9949211,21.8232788]]],[[[113.9949185,21.8248238],[113.9949372,21.8255235],[113.9954106,21.8251961],[113.9949185,21.8248238]]],[[[113.9947924,22.0519985],[113.9948085,22.052098],[113.9948836,22.0519811],[113.9947924,22.0519985]]],[[[113.9938617,22.0401921],[113.9938751,22.0402443],[113.9939448,22.0402319],[113.9938617,22.0401921]]],[[[113.9894131,22.050071],[114.0005497,22.0492704],[113.9955863,22.0384542],[113.9894131,22.050071]]],[[[113.9833139,21.8677941],[113.9841655,21.8685508],[113.9850227,21.866625],[113.9833139,21.8677941]]],[[[113.9832656,21.8683044],[113.9834239,21.8683803],[113.9834601,21.8682322],[113.9832656,21.8683044]]],[[[113.9819969,22.0593979],[113.982123,22.0594004],[113.982123,22.0593208],[113.9819969,22.0593979]]],[[[113.9810286,22.0550525],[113.9811735,22.0549929],[113.9810836,22.0549444],[113.9810286,22.0550525]]],[[[113.9777617,22.054625],[113.9778073,22.0546834],[113.9778408,22.0545641],[113.9777617,22.054625]]],[[[113.9777604,22.0544758],[113.9778449,22.0544559],[113.9777765,22.0544348],[113.9777604,22.0544758]]],[[[113.9776075,22.0544335],[113.9777336,22.0544174],[113.9776424,22.0543726],[113.9776075,22.0544335]]],[[[113.9761175,22.0557648],[113.976143,22.0558108],[113.9761591,22.0557648],[113.9761175,22.0557648]]],[[[113.9749923,22.0640986],[113.9750326,22.0641147],[113.9750513,22.0640327],[113.9749923,22.0640986]]],[[[113.9749642,22.0568673],[113.975046,22.0568747],[113.9750648,22.0568176],[113.9749642,22.0568673]]],[[[113.9747858,21.8111657],[113.9748193,21.8111707],[113.9748113,21.8111159],[113.9747858,21.8111657]]],[[[113.9746316,22.0574278],[113.9747147,22.0574614],[113.9747094,22.0574092],[113.9746316,22.0574278]]],[[[113.9732006,21.820348],[113.9739355,21.8233871],[113.9764729,21.8210005],[113.9732006,21.820348]]],[[[113.9726895,22.064386],[113.9818695,22.0586683],[113.9760907,22.0561314],[113.9726895,22.064386]]],[[[113.972518,22.0634299],[113.9726172,22.0634324],[113.9725623,22.063318],[113.972518,22.0634299]]],[[[113.9703669,22.0651414],[113.9705465,22.0657643],[113.9713494,22.0648952],[113.9703669,22.0651414]]],[[[113.9702743,22.0658746],[113.9704473,22.0659107],[113.9704554,22.0657305],[113.9702743,22.0658746]]],[[[113.9702274,22.0684026],[113.9719478,22.0682961],[113.9706244,22.0673673],[113.9702274,22.0684026]]],[[[113.9701737,22.0644043],[113.9702368,22.0643807],[113.9701751,22.0643583],[113.9701737,22.0644043]]],[[[113.9697701,22.0641048],[113.9697741,22.0642241],[113.9698774,22.0641359],[113.9697701,22.0641048]]],[[[113.9691009,21.8368237],[113.9736445,21.8379889],[113.9727688,21.8340687],[113.9691009,21.8368237]]],[[[113.9668473,21.8083747],[113.9675036,21.8083157],[113.9670196,21.8081075],[113.9668473,21.8083747]]],[[[113.9667539,21.8156381],[113.9668331,21.8156692],[113.9667754,21.8156082],[113.9667539,21.8156381]]],[[[113.9655203,21.8226947],[113.9659245,21.8222249],[113.9655255,21.821984],[113.9655203,21.8226947]]],[[[113.9650988,21.8126093],[113.9706887,21.8145905],[113.9688152,21.8095048],[113.9650988,21.8126093]]],[[[113.9633381,21.826568],[113.9634508,21.8265319],[113.9634427,21.8264199],[113.9633381,21.826568]]],[[[113.9631088,21.825968],[113.9631799,21.8262655],[113.9632738,21.8261049],[113.9631088,21.825968]]],[[[113.9629117,21.8304485],[113.9682195,21.8241604],[113.9670221,21.822609],[113.9629117,21.8304485]]],[[[113.9624691,21.8277084],[113.9625147,21.8278441],[113.962567,21.8277395],[113.9624691,21.8277084]]],[[[113.961793,21.8246478],[113.9621915,21.8258821],[113.9630284,21.8250629],[113.961793,21.8246478]]],[[[113.9583962,21.8244678],[113.9584967,21.82453],[113.958545,21.8242935],[113.9583962,21.8244678]]],[[[113.9552513,21.8218359],[113.9582433,21.8245768],[113.9586322,21.8213951],[113.9552513,21.8218359]]],[[[113.9406287,22.0670528],[113.9407467,22.0669683],[113.9406663,22.0668987],[113.9406287,22.0670528]]],[[[113.9406279,22.0667074],[113.9407191,22.0666751],[113.9406855,22.0666303],[113.9406279,22.0667074]]],[[[113.940255,22.0709194],[113.9403382,22.0709082],[113.9403489,22.0708262],[113.940255,22.0709194]]],[[[113.9401071,22.0674504],[113.9402403,22.0679129],[113.9407861,22.0670255],[113.9401071,22.0674504]]],[[[113.9397919,22.0679439],[113.9398831,22.0680234],[113.9398831,22.0679489],[113.9397919,22.0679439]]],[[[113.9390007,22.071532],[113.9406382,22.0702059],[113.939918,22.0693769],[113.9390007,22.071532]]],[[[113.9385715,22.0708335],[113.9387565,22.0706496],[113.9386761,22.070575],[113.9385715,22.0708335]]],[[[113.9382689,22.0714016],[113.9383493,22.0714873],[113.9384754,22.0712835],[113.9382689,22.0714016]]],[[[113.938061,22.0715594],[113.9381495,22.0716278],[113.9381576,22.0714625],[113.938061,22.0715594]]],[[[113.9370418,21.8137393],[113.9378773,21.8145598],[113.9378613,21.8131323],[113.9370418,21.8137393]]],[[[113.9365911,21.813875],[113.9366716,21.8139174],[113.9366743,21.8138676],[113.9365911,21.813875]]],[[[113.9330426,22.0392511],[113.9332531,22.0393095],[113.9332397,22.0391268],[113.9330426,22.0392511]]],[[[113.9328575,22.0389714],[113.9329903,22.0389515],[113.9328977,22.0388906],[113.9328575,22.0389714]]],[[[113.9327385,22.0412071],[113.9327569,22.0412615],[113.9327801,22.0412012],[113.9327385,22.0412071]]],[[[113.9300278,22.0472999],[113.9302263,22.0471247],[113.9301015,22.0470377],[113.9300278,22.0472999]]],[[[113.9154044,22.0421723],[113.9154486,22.042227],[113.9154513,22.0421723],[113.9154044,22.0421723]]],[[[113.915169,22.042636],[113.9151791,22.0426789],[113.915279,22.0426341],[113.915169,22.042636]]],[[[113.9064361,22.04116],[113.9138831,22.0405848],[113.9077775,22.0341157],[113.9064361,22.04116]]],[[[113.9047775,22.0340884],[113.9048928,22.0340622],[113.9048271,22.0340063],[113.9047775,22.0340884]]],[[[113.8987941,22.1220531],[113.8988686,22.1220661],[113.8988498,22.1220003],[113.8987941,22.1220531]]],[[[113.8987479,22.1218698],[113.8988498,22.1219767],[113.8988779,22.1218525],[113.8987479,22.1218698]]],[[[113.8985279,22.1230849],[113.8987103,22.1230998],[113.8987398,22.1228464],[113.8985279,22.1230849]]],[[[113.8967878,22.1189732],[113.8968649,22.1189875],[113.8968542,22.1189397],[113.8967878,22.1189732]]],[[[113.8966987,22.123506],[113.8967449,22.1235478],[113.8967483,22.1234893],[113.8966987,22.123506]]],[[[113.8947091,22.1155739],[113.894753,22.1156159],[113.894796,22.1155795],[113.8947091,22.1155739]]],[[[113.8935196,22.1152236],[113.8935712,22.1151913],[113.8935296,22.1151813],[113.8935196,22.1152236]]],[[[113.8898657,22.1287413],[113.8901179,22.128863],[113.8902178,22.1285903],[113.8898657,22.1287413]]],[[[113.8879748,22.1129592],[113.8879815,22.1129928],[113.8880291,22.1129897],[113.8879748,22.1129592]]],[[[113.8850538,22.1216661],[113.8851115,22.1217357],[113.8851243,22.121658],[113.8850538,22.1216661]]],[[[113.8849499,22.1200115],[113.884966,22.120051],[113.8849784,22.1200181],[113.8849499,22.1200115]]],[[[113.8848842,22.1201908],[113.8849372,22.1201808],[113.8849197,22.1201305],[113.8848842,22.1201908]]],[[[113.8847447,22.1186806],[113.8847943,22.1186651],[113.8847585,22.1186437],[113.8847447,22.1186806]]],[[[113.8837578,22.1177094],[113.8837885,22.1177212],[113.8837905,22.1176941],[113.8837578,22.1177094]]],[[[113.8820028,22.115136],[113.8820169,22.115177],[113.882035,22.1151447],[113.8820028,22.115136]]],[[[113.8819753,22.1152435],[113.8820109,22.1152497],[113.8819867,22.115213],[113.8819753,22.1152435]]],[[[113.8819237,22.1169114],[113.8819331,22.1170444],[113.8820424,22.1169343],[113.8819237,22.1169114]]],[[[113.8818748,22.1151068],[113.8819103,22.1151161],[113.8818949,22.115077],[113.8818748,22.1151068]]],[[[113.8719459,22.1203243],[113.8719727,22.1203119],[113.8719486,22.1202833],[113.8719459,22.1203243]]],[[[113.8712941,22.1197739],[113.8713437,22.1197789],[113.8713384,22.1197565],[113.8712941,22.1197739]]],[[[113.8712016,22.1198013],[113.8712163,22.1198398],[113.8712284,22.1198013],[113.8712016,22.1198013]]],[[[113.8711976,22.1199516],[113.8713062,22.1199764],[113.871329,22.1198149],[113.8711976,22.1199516]]],[[[113.8711198,22.1200348],[113.8712981,22.1200535],[113.8712941,22.1200013],[113.8711198,22.1200348]]],[[[113.8708616,22.1153888],[113.8708844,22.1154236],[113.8708878,22.1153863],[113.8708616,22.1153888]]],[[[113.8707523,22.1186036],[113.8708234,22.1186819],[113.8708448,22.1186098],[113.8707523,22.1186036]]],[[[113.8707241,22.1121056],[113.8720398,22.1202609],[113.8792267,22.114895],[113.8707241,22.1121056]]],[[[113.8705471,22.1155013],[113.8706162,22.1154963],[113.8706021,22.1154497],[113.8705471,22.1155013]]],[[[113.8705029,22.1117925],[113.8705297,22.1118211],[113.870535,22.1117925],[113.8705029,22.1117925]]],[[[113.8704948,22.1161939],[113.8705605,22.11612],[113.8705029,22.1161138],[113.8704948,22.1161939]]],[[[113.8702735,22.1116279],[113.8703339,22.1116521],[113.8703037,22.1116056],[113.8702735,22.1116279]]],[[[113.8695936,22.116289],[113.8696251,22.1162803],[113.8696023,22.1162685],[113.8695936,22.116289]]],[[[113.869485,22.1166691],[113.8695373,22.1166331],[113.8694957,22.116592],[113.869485,22.1166691]]],[[[113.8692053,22.1108899],[113.8692362,22.1109141],[113.8692597,22.1108768],[113.8692053,22.1108899]]],[[[113.868459,22.1161504],[113.8685153,22.1161573],[113.8684925,22.1161293],[113.868459,22.1161504]]],[[[113.8679279,22.115838],[113.8679729,22.1158672],[113.8679816,22.1158423],[113.8679279,22.115838]]],[[[113.8678642,22.1113428],[113.867885,22.1113763],[113.8678971,22.1113428],[113.8678642,22.1113428]]],[[[113.867767,22.1111614],[113.8677925,22.1112881],[113.8679843,22.1110794],[113.867767,22.1111614]]],[[[113.8670656,22.1129145],[113.8671112,22.1129754],[113.8672172,22.1129095],[113.8670656,22.1129145]]],[[[113.8664876,22.1136761],[113.8665774,22.1136805],[113.8664956,22.1136525],[113.8664876,22.1136761]]],[[[113.8664078,22.1138594],[113.8664494,22.1138637],[113.8664547,22.113801],[113.8664078,22.1138594]]],[[[113.8661503,22.1143495],[113.8661879,22.114398],[113.8662207,22.114339],[113.8661503,22.1143495]]],[[[113.8660269,22.1144651],[113.8661791,22.1145185],[113.8661295,22.1144259],[113.8660269,22.1144651]]],[[[113.8654482,22.1150316],[113.8654704,22.1151546],[113.865585,22.11509],[113.8654482,22.1150316]]],[[[113.8652752,22.1150639],[113.8654576,22.1149533],[113.8653691,22.1148925],[113.8652752,22.1150639]]],[[[113.8650761,22.1157429],[113.8651096,22.115846],[113.8652182,22.1157659],[113.8650761,22.1157429]]],[[[113.841252,21.9943828],[113.8412547,21.9944586],[113.8413446,21.994425],[113.841252,21.9943828]]],[[[113.8411948,22.2831446],[113.8458412,22.2828637],[113.8452058,22.2808925],[113.8411948,22.2831446]]],[[[113.8410053,21.994093],[113.8411703,21.994144],[113.8411501,21.9940047],[113.8410053,21.994093]]],[[[113.8397031,21.9953763],[113.8417879,21.9953799],[113.8407853,21.9938965],[113.8397031,21.9953763]]],[[[113.8394161,21.9941875],[113.8394161,21.9942547],[113.8395113,21.9942012],[113.8394161,21.9941875]]],[[[113.8392485,21.9952432],[113.8393397,21.9952395],[113.8392981,21.9951649],[113.8392485,21.9952432]]],[[[113.8346364,22.1294711],[113.8361183,22.1285114],[113.8356301,22.1282406],[113.8346364,22.1294711]]],[[[113.8345116,22.1294072],[113.8345183,22.1294264],[113.8345385,22.1293929],[113.8345116,22.1294072]]],[[[113.8343889,22.1297271],[113.8344225,22.1297438],[113.8344432,22.1297109],[113.8343889,22.1297271]]],[[[113.8337888,22.1300078],[113.8337982,22.1300333],[113.8338136,22.1300165],[113.8337888,22.1300078]]],[[[113.8336499,22.1214299],[113.8340967,22.1272111],[113.8354558,22.1199069],[113.8336499,22.1214299]]],[[[113.8215626,22.1586805],[113.8216799,22.1586438],[113.8215834,22.1585929],[113.8215626,22.1586805]]],[[[113.8200639,22.1581166],[113.8200733,22.1582147],[113.8201437,22.1581172],[113.8200639,22.1581166]]],[[[113.8145359,22.0041277],[113.8145815,22.0043242],[113.8146807,22.0041712],[113.8145359,22.0041277]]],[[[113.8123935,22.0022551],[113.8124572,22.0023074],[113.8124552,22.0022464],[113.8123935,22.0022551]]],[[[113.8120334,22.1630586],[113.8121702,22.1629605],[113.8120683,22.1629257],[113.8120334,22.1630586]]],[[[113.8120186,22.002234],[113.812205,22.0022912],[113.8121876,22.0021793],[113.8120186,22.002234]]],[[[113.8117793,22.1414644],[113.8140361,22.1480534],[113.8141903,22.1478931],[113.8117793,22.1414644]]],[[[113.8110222,22.0017627],[113.8111255,22.001759],[113.8110772,22.0017192],[113.8110222,22.0017627]]],[[[113.8074213,22.0001904],[113.8074904,22.0002656],[113.8075608,22.000155],[113.8074213,22.0001904]]],[[[113.8068581,22.0018261],[113.8069023,22.0018237],[113.806909,22.0017901],[113.8068581,22.0018261]]],[[[113.8068554,22.0064293],[113.8069238,22.0064429],[113.8069318,22.006392],[113.8068554,22.0064293]]],[[[113.8062653,22.008696],[113.8063484,22.0087183],[113.8063914,22.0085418],[113.8062653,22.008696]]],[[[113.8060829,22.0013909],[113.8062291,22.001325],[113.8061728,22.0012305],[113.8060829,22.0013909]]],[[[113.8057597,22.0022191],[113.8058469,22.0022551],[113.8057879,22.0021743],[113.8057597,22.0022191]]],[[[113.8043301,22.0788409],[113.8043891,22.0788385],[113.8043515,22.0788111],[113.8043301,22.0788409]]],[[[113.8042174,22.0787341],[113.8042201,22.078785],[113.8042764,22.0787639],[113.8042174,22.0787341]]],[[[113.802242,22.0803012],[113.8031821,22.0803372],[113.8028267,22.0794959],[113.802242,22.0803012]]],[[[113.8017967,22.0807187],[113.8021119,22.080738],[113.8021602,22.0805373],[113.8017967,22.0807187]]],[[[113.8008915,22.0723349],[113.8021173,22.0716477],[113.8015124,22.0712661],[113.8008915,22.0723349]]],[[[113.8001391,22.0042247],[113.8056698,22.0085119],[113.808826,22.0013731],[113.8001391,22.0042247]]],[[[113.7991145,22.0768165],[113.7991253,22.0768662],[113.7991682,22.0768538],[113.7991145,22.0768165]]],[[[113.7987719,22.0773533],[113.7995591,22.0773111],[113.7991507,22.0769358],[113.7987719,22.0773533]]],[[[113.7948257,22.1800794],[113.7963237,22.1802781],[113.7959817,22.17713],[113.7948257,22.1800794]]],[[[113.786307,21.9863159],[113.7923688,21.9869203],[113.7865187,21.9802015],[113.786307,21.9863159]]],[[[113.7812218,22.2824103],[113.7823842,22.2839874],[113.786275,22.2827212],[113.7812218,22.2824103]]],[[[113.7709916,21.9992099],[113.7710586,21.9993368],[113.7711512,21.9992099],[113.7709916,21.9992099]]],[[[113.770557,22.0048017],[113.7706174,22.0048464],[113.7706107,22.0047942],[113.770557,22.0048017]]],[[[113.7704672,22.0048041],[113.7705168,22.004875],[113.7705356,22.0048041],[113.7704672,22.0048041]]],[[[113.7702835,22.0053637],[113.7704605,22.0053587],[113.7704524,22.005202],[113.7702835,22.0053637]]],[[[113.7701279,22.0055004],[113.7702405,22.0055278],[113.7702352,22.0054283],[113.7701279,22.0055004]]],[[[113.7700327,22.0040432],[113.7700904,22.0041115],[113.7701856,22.0040146],[113.7700327,22.0040432]]],[[[113.7697564,21.9979895],[113.7697846,21.9980921],[113.7699264,21.998001],[113.7697564,21.9979895]]],[[[113.7688619,22.0055029],[113.770439,22.0043764],[113.7692535,22.0038567],[113.7688619,22.0055029]]],[[[113.7683831,22.0015327],[113.7684971,22.0016931],[113.7687774,22.0014444],[113.7683831,22.0015327]]],[[[113.7677468,22.001845],[113.7680358,22.0018958],[113.768015,22.0015018],[113.7677468,22.001845]]],[[[113.7612565,21.9651152],[113.7614295,21.9652893],[113.761514,21.9651376],[113.7612565,21.9651152]]],[[[113.7605493,22.0010263],[113.7608348,22.0006006],[113.7606936,22.0004287],[113.7605493,22.0010263]]],[[[113.7559926,22.1187539],[113.7619238,22.1219247],[113.7586574,22.1171003],[113.7559926,22.1187539]]],[[[113.7558773,22.1181414],[113.7559437,22.1181402],[113.7559048,22.1180886],[113.7558773,22.1181414]]],[[[113.7556782,22.1182377],[113.7558773,22.1183253],[113.755882,22.1181793],[113.7556782,22.1182377]]],[[[113.75473,22.1218133],[113.754795,22.1221059],[113.7552685,22.1218735],[113.75473,22.1218133]]],[[[113.7544906,22.1219158],[113.7545577,22.1218934],[113.7545161,22.1218537],[113.7544906,22.1219158]]],[[[113.7502956,21.9970836],[113.7503728,21.9972092],[113.7504519,21.9971476],[113.7502956,21.9970836]]],[[[113.747879,21.9756059],[113.7481019,21.9755928],[113.7479326,21.9755064],[113.747879,21.9756059]]],[[[113.7456313,21.9473589],[113.7459498,21.9474602],[113.7459089,21.9472339],[113.7456313,21.9473589]]],[[[113.7246189,22.0207748],[113.7247959,22.0208308],[113.7247221,22.0206878],[113.7246189,22.0207748]]],[[[113.7244794,22.0193053],[113.7247543,22.0193873],[113.7248013,22.0191859],[113.7244794,22.0193053]]],[[[113.7244405,22.0208606],[113.7245277,22.020883],[113.7245907,22.0207263],[113.7244405,22.0208606]]],[[[113.7243855,22.0198163],[113.7244418,22.020004],[113.7245317,22.0197367],[113.7243855,22.0198163]]],[[[113.7242165,22.0189696],[113.7243868,22.0191474],[113.7245598,22.0190454],[113.7242165,22.0189696]]],[[[113.723721,21.9577311],[113.7239543,21.9585619],[113.7248234,21.9579947],[113.723721,21.9577311]]],[[[113.7230531,21.9578104],[113.7231711,21.9578633],[113.7232288,21.9577563],[113.7230531,21.9578104]]],[[[113.7230249,21.9576413],[113.7232912,21.9577172],[113.7232563,21.9576027],[113.7230249,21.9576413]]],[[[113.7225676,22.0208233],[113.7226625,22.0208606],[113.7226528,22.0208177],[113.7225676,22.0208233]]],[[[113.7224865,22.1661189],[113.7225777,22.1661065],[113.7225348,22.1660767],[113.7224865,22.1661189]]],[[[113.7224798,22.0243554],[113.7229753,22.0247812],[113.7234648,22.0243865],[113.7224798,22.0243554]]],[[[113.7221059,22.1670724],[113.7293451,22.1678739],[113.725563,22.1641864],[113.7221059,22.1670724]]],[[[113.7199873,21.9346648],[113.7199894,21.9347668],[113.7200611,21.9347413],[113.7199873,21.9346648]]],[[[113.7198284,22.0159956],[113.7200283,22.0161548],[113.7199827,22.015977],[113.7198284,22.0159956]]],[[[113.7198259,21.9345822],[113.719846,21.9346152],[113.7198559,21.9345843],[113.7198259,21.9345822]]],[[[113.7197909,22.0165278],[113.7198754,22.0165365],[113.7198351,22.0164842],[113.7197909,22.0165278]]],[[[113.7179992,22.013652],[113.7181634,22.0135401],[113.7180464,22.0134502],[113.7179992,22.013652]]],[[[113.7173501,22.0130054],[113.7173662,22.0131596],[113.7174292,22.0131111],[113.7173501,22.0130054]]],[[[113.7147832,22.0258336],[113.7149361,22.0257863],[113.7148288,22.0256123],[113.7147832,22.0258336]]],[[[113.7102476,22.1304109],[113.7103347,22.13036],[113.7102583,22.1303016],[113.7102476,22.1304109]]],[[[113.7100048,22.1301525],[113.7101939,22.1300892],[113.7100866,22.1299973],[113.7100048,22.1301525]]],[[[113.7092096,22.1307178],[113.7100832,22.1308618],[113.7099807,22.1303749],[113.7092096,22.1307178]]],[[[113.7066816,22.0124434],[113.7066836,22.0125261],[113.7067439,22.0125162],[113.7066816,22.0124434]]],[[[113.7057545,22.0117546],[113.7058367,22.0118951],[113.7058655,22.0117005],[113.7057545,22.0117546]]],[[[113.704733,22.1300382],[113.7052976,22.1317998],[113.7064187,22.1309688],[113.704733,22.1300382]]],[[[113.7046444,22.0314404],[113.7047517,22.0314006],[113.7046847,22.0313708],[113.7046444,22.0314404]]],[[[113.7043538,22.011694],[113.7043729,22.0117478],[113.7044108,22.0116937],[113.7043538,22.011694]]],[[[113.7039334,21.9585808],[113.7048376,21.959257],[113.705205,21.9585816],[113.7039334,21.9585808]]],[[[113.7036668,22.0110136],[113.7038572,22.0111342],[113.7038787,22.0110111],[113.7036668,22.0110136]]],[[[113.7035816,22.01169],[113.7037593,22.0117273],[113.7036795,22.0116067],[113.7035816,22.01169]]],[[[113.7017222,22.0108047],[113.7019515,22.0107214],[113.7018187,22.0106269],[113.7017222,22.0108047]]],[[[113.7014655,22.010936],[113.7015264,22.0109197],[113.7014888,22.0108927],[113.7014655,22.010936]]],[[[113.7010986,22.0107289],[113.7011616,22.0108059],[113.7012005,22.0106928],[113.7010986,22.0107289]]],[[[113.7008525,22.0139429],[113.7009095,22.0139597],[113.7008786,22.0139162],[113.7008525,22.0139429]]],[[[113.7002617,22.1244068],[113.7007405,22.1244217],[113.7007727,22.1241893],[113.7002617,22.1244068]]],[[[113.6998165,21.9464328],[113.6998379,21.9465323],[113.6999841,21.9464962],[113.6998165,21.9464328]]],[[[113.6972174,22.0208034],[113.6972335,22.020832],[113.6972496,22.0208047],[113.6972174,22.0208034]]],[[[113.697082,22.0207276],[113.697098,22.0207935],[113.6971973,22.0207773],[113.697082,22.0207276]]],[[[113.6970229,22.0206791],[113.697031,22.0207127],[113.6970632,22.0206791],[113.6970229,22.0206791]]],[[[113.696516,22.0206555],[113.6965469,22.0206965],[113.6965683,22.020648],[113.696516,22.0206555]]],[[[113.6963363,22.0452875],[113.696677,22.0455074],[113.6964798,22.0451284],[113.6963363,22.0452875]]],[[[113.6960117,22.1179743],[113.7003314,22.1180979],[113.6983091,22.1136948],[113.6960117,22.1179743]]],[[[113.6959085,22.1026365],[113.6959849,22.1026626],[113.6959997,22.1026104],[113.6959085,22.1026365]]],[[[113.6957221,22.0989821],[113.6958092,22.0989958],[113.6957757,22.0989237],[113.6957221,22.0989821]]],[[[113.695588,22.021039],[113.6956336,22.0210881],[113.6956255,22.0210129],[113.695588,22.021039]]],[[[113.6951132,21.9631588],[113.6951829,21.9632807],[113.6951843,21.9631476],[113.6951132,21.9631588]]],[[[113.6950743,22.1006894],[113.7009966,22.1038815],[113.7048081,22.0946914],[113.6950743,22.1006894]]],[[[113.6949375,22.0428312],[113.6950596,22.0428038],[113.6949402,22.0427442],[113.6949375,22.0428312]]],[[[113.6942965,22.0413519],[113.6943394,22.041378],[113.6943528,22.0413171],[113.6942965,22.0413519]]],[[[113.692543,21.9459906],[113.6926188,21.946021],[113.6926228,21.9459794],[113.692543,21.9459906]]],[[[113.6924853,22.0375604],[113.6925517,22.0375555],[113.692494,22.0374995],[113.6924853,22.0375604]]],[[[113.6923961,21.9461],[113.6924632,21.9460975],[113.6924082,21.9460527],[113.6923961,21.9461]]],[[[113.6923023,22.0376394],[113.6923707,22.0376456],[113.6923606,22.0375865],[113.6923023,22.0376394]]],[[[113.6921829,22.040304],[113.692262,22.0402704],[113.6922285,22.0402468],[113.6921829,22.040304]]],[[[113.6920448,21.9459004],[113.6921004,21.9460279],[113.6922191,21.9459234],[113.6920448,21.9459004]]],[[[113.691918,21.9455906],[113.6919844,21.945692],[113.6919891,21.9455931],[113.691918,21.9455906]]],[[[113.6914245,22.0382106],[113.6915016,22.0382156],[113.6914406,22.0381422],[113.6914245,22.0382106]]],[[[113.6913461,22.0333536],[113.6914144,22.0333002],[113.6913823,22.0332381],[113.6913461,22.0333536]]],[[[113.6912589,21.9452884],[113.6917511,21.945766],[113.6917537,21.9454239],[113.6912589,21.9452884]]],[[[113.6910591,22.0396998],[113.6911073,22.0397819],[113.6911891,22.0397508],[113.6910591,22.0396998]]],[[[113.6909357,22.0253114],[113.6910014,22.0253898],[113.6910121,22.0252866],[113.6909357,22.0253114]]],[[[113.6907003,22.0387489],[113.6907707,22.0388483],[113.6907955,22.0387526],[113.6907003,22.0387489]]],[[[113.6904247,22.0391734],[113.6904656,22.039202],[113.690468,22.0391609],[113.6904247,22.0391734]]],[[[113.6903483,22.0235348],[113.6905105,22.0234826],[113.6903992,22.023418],[113.6903483,22.0235348]]],[[[113.6897662,22.0342083],[113.6898091,22.0342152],[113.6897977,22.0341748],[113.6897662,22.0342083]]],[[[113.6894926,22.0408646],[113.6895342,22.0408808],[113.6895061,22.0408323],[113.6894926,22.0408646]]],[[[113.6892915,22.0431941],[113.6893129,22.0432836],[113.6893961,22.0432513],[113.6892915,22.0431941]]],[[[113.689207,22.0432476],[113.6892191,22.0434278],[113.6892848,22.0433843],[113.689207,22.0432476]]],[[[113.6891601,22.0343388],[113.6891708,22.0343798],[113.6892157,22.0343519],[113.6891601,22.0343388]]],[[[113.689042,22.0430997],[113.6890903,22.04326],[113.6891735,22.0431743],[113.689042,22.0430997]]],[[[113.6890085,22.0361843],[113.6908331,22.0387283],[113.6919093,22.0333437],[113.6890085,22.0361843]]],[[[113.6890005,22.043495],[113.6890313,22.0435124],[113.6890326,22.0434527],[113.6890005,22.043495]]],[[[113.6887872,22.0443962],[113.6971557,22.0478693],[113.6938258,22.0406073],[113.6887872,22.0443962]]],[[[113.6887524,22.0433359],[113.6888221,22.043439],[113.6889777,22.0434539],[113.6887524,22.0433359]]],[[[113.6887389,22.0431904],[113.6887912,22.0432849],[113.6888529,22.0432439],[113.6887389,22.0431904]]],[[[113.6886759,22.0431705],[113.6887309,22.043137],[113.6886813,22.043132],[113.6886759,22.0431705]]],[[[113.6851857,21.9646416],[113.6854324,21.9650296],[113.6858401,21.9647908],[113.6851857,21.9646416]]],[[[113.6550947,22.0356634],[113.6558792,22.0364279],[113.6562534,22.0359344],[113.6550947,22.0356634]]],[[[113.6546595,22.0358841],[113.655125,22.0358684],[113.6546695,22.0354148],[113.6546595,22.0358841]]],[[[113.6481812,22.4039837],[113.6484559,22.4041398],[113.6485621,22.4039118],[113.6481812,22.4039837]]],[[[113.6469619,22.4048456],[113.6476204,22.405055],[113.647942,22.4039894],[113.6469619,22.4048456]]],[[[113.6369462,22.030495],[113.6369991,22.0305528],[113.6370749,22.030495],[113.6369462,22.030495]]],[[[113.6345342,22.0290622],[113.6346844,22.0290125],[113.6345999,22.0289566],[113.6345342,22.0290622]]],[[[113.6342244,22.0307778],[113.6342539,22.0308126],[113.6343008,22.030784],[113.6342244,22.0307778]]],[[[113.6339857,22.0303439],[113.6370313,22.0304422],[113.6354328,22.0286752],[113.6339857,22.0303439]]],[[[113.6319901,22.0298603],[113.6328525,22.0309295],[113.6335377,22.0297037],[113.6319901,22.0298603]]],[[[113.6318426,22.0295657],[113.6319365,22.0296913],[113.6319391,22.0294998],[113.6318426,22.0295657]]],[[[113.6317769,22.0294376],[113.6317983,22.0294774],[113.6318345,22.0294526],[113.6317769,22.0294376]]],[[[113.6219278,22.2457115],[113.6219827,22.2457165],[113.6219398,22.2456631],[113.6219278,22.2457115]]],[[[113.6218527,22.2455303],[113.6218876,22.2455787],[113.6219425,22.2455651],[113.6218527,22.2455303]]],[[[113.6217883,22.2453479],[113.6220337,22.2455837],[113.6222537,22.245328],[113.6217883,22.2453479]]],[[[113.6209662,22.2430725],[113.6210346,22.243111],[113.6211003,22.2429621],[113.6209662,22.2430725]]],[[[113.6209206,22.2427964],[113.6240966,22.2419528],[113.6218956,22.2408357],[113.6209206,22.2427964]]],[[[113.6209132,22.2429701],[113.6209796,22.2429689],[113.6209239,22.2429068],[113.6209132,22.2429701]]],[[[113.620816,22.2430005],[113.6208924,22.2430713],[113.6209166,22.2430055],[113.620816,22.2430005]]],[[[113.6206887,22.2444095],[113.6207664,22.2444144],[113.6207705,22.2443698],[113.6206887,22.2444095]]],[[[113.6205042,22.2433556],[113.6205753,22.2435157],[113.6205853,22.24335],[113.6205042,22.2433556]]],[[[113.6199376,22.2435082],[113.6200717,22.24451],[113.6206462,22.2440913],[113.6199376,22.2435082]]],[[[113.6190913,22.2439687],[113.6192053,22.2439216],[113.6191423,22.2438794],[113.6190913,22.2439687]]],[[[113.6187239,22.2869472],[113.6188755,22.2869149],[113.618803,22.2868467],[113.6187239,22.2869472]]],[[[113.6182988,22.2876315],[113.6185093,22.2873803],[113.6183833,22.2872438],[113.6182988,22.2876315]]],[[[113.6181539,22.2877525],[113.6182746,22.2877234],[113.6182659,22.2876502],[113.6181539,22.2877525]]],[[[113.6178616,22.2875751],[113.6182049,22.2875335],[113.6181645,22.2870785],[113.6178616,22.2875751]]],[[[113.6171776,22.2875317],[113.6172152,22.2875304],[113.6171991,22.2875093],[113.6171776,22.2875317]]],[[[113.6168465,22.3868705],[113.6172558,22.3876871],[113.6180097,22.3866838],[113.6168465,22.3868705]]],[[[113.6166626,22.287956],[113.6177246,22.2880018],[113.6175449,22.2875371],[113.6166626,22.287956]]],[[[113.6162978,22.2569311],[113.6177484,22.2570632],[113.6167779,22.2558003],[113.6162978,22.2569311]]],[[[113.6159974,22.2406421],[113.6160269,22.2407302],[113.61609,22.240688],[113.6159974,22.2406421]]],[[[113.6157587,22.2478763],[113.6158741,22.2480812],[113.6159532,22.2479943],[113.6157587,22.2478763]]],[[[113.6156461,22.2481755],[113.6156823,22.2483046],[113.6157346,22.2482053],[113.6156461,22.2481755]]],[[[113.6154349,22.2401152],[113.6163789,22.2405435],[113.6163018,22.2379273],[113.6154349,22.2401152]]],[[[113.6153229,22.2482177],[113.6154529,22.2482475],[113.615351,22.2481631],[113.6153229,22.2482177]]],[[[113.6151056,22.248209],[113.6151713,22.2483964],[113.615343,22.2482909],[113.6151056,22.248209]]],[[[113.6149648,22.2483195],[113.6150292,22.248312],[113.6150184,22.2482636],[113.6149648,22.2483195]]],[[[113.6148561,22.2477125],[113.6151887,22.2481507],[113.6157681,22.2478155],[113.6148561,22.2477125]]],[[[113.6148521,22.2480588],[113.6149272,22.2481904],[113.6150318,22.2481097],[113.6148521,22.2480588]]],[[[113.614423,22.2407389],[113.6144444,22.2408357],[113.6144967,22.2407749],[113.614423,22.2407389]]],[[[113.6142929,22.2407364],[113.6143626,22.2406954],[113.6142942,22.2406458],[113.6142929,22.2407364]]],[[[113.6140957,22.2403541],[113.6141025,22.2404248],[113.6142124,22.2404112],[113.6140957,22.2403541]]],[[[113.6140434,22.2418238],[113.6140823,22.2418573],[113.6141185,22.2418164],[113.6140434,22.2418238]]],[[[113.6140287,22.2405676],[113.6140434,22.2406694],[113.6141226,22.2405577],[113.6140287,22.2405676]]],[[[113.6140032,22.2463682],[113.6140488,22.2464315],[113.6140877,22.2463595],[113.6140032,22.2463682]]],[[[113.6138061,22.2491946],[113.6139281,22.2491983],[113.6138678,22.2491337],[113.6138061,22.2491946]]],[[[113.613393,22.2475114],[113.6134507,22.247566],[113.6135097,22.2475139],[113.613393,22.2475114]]],[[[113.6132911,22.2400785],[113.6133622,22.2401306],[113.6134078,22.2400512],[113.6132911,22.2400785]]],[[[113.6132522,22.2471912],[113.6132844,22.2473203],[113.6135003,22.2471825],[113.6132522,22.2471912]]],[[[113.6127144,22.248605],[113.6141132,22.2489513],[113.6142366,22.2478418],[113.6127144,22.248605]]],[[[113.6115906,22.2390618],[113.611722,22.2390569],[113.6116871,22.2389824],[113.6115906,22.2390618]]],[[[113.6114041,22.3274734],[113.6115114,22.3274623],[113.6114243,22.3274015],[113.6114041,22.3274734]]],[[[113.6113438,22.3272476],[113.6115141,22.327301],[113.6114739,22.3271149],[113.6113438,22.3272476]]],[[[113.6110783,22.2416413],[113.6111172,22.2418114],[113.6112016,22.2417493],[113.6110783,22.2416413]]],[[[113.6110772,22.2389372],[113.6117236,22.2470288],[113.613786,22.2469739],[113.6110772,22.2389372]]],[[[113.610983,22.2445584],[113.6111011,22.244577],[113.6110447,22.2444703],[113.610983,22.2445584]]],[[[113.6106934,22.2425872],[113.6107054,22.2426915],[113.6107671,22.242653],[113.6106934,22.2425872]]],[[[113.6106129,22.3274771],[113.6106357,22.3274728],[113.610631,22.327394],[113.6106129,22.3274771]]],[[[113.610578,22.2427535],[113.6106558,22.2427449],[113.6105981,22.2427051],[113.610578,22.2427535]]],[[[113.6104278,22.2429857],[113.6104909,22.2430043],[113.610515,22.2429484],[113.6104278,22.2429857]]],[[[113.6103876,22.2429087],[113.610566,22.2428913],[113.6105445,22.2428057],[113.6103876,22.2429087]]],[[[113.6103863,22.2430899],[113.6104828,22.2430664],[113.6104386,22.2430155],[113.6103863,22.2430899]]],[[[113.6103816,22.3274182],[113.6104359,22.3274133],[113.6103863,22.32735],[113.6103816,22.3274182]]],[[[113.6103795,22.3275292],[113.6104815,22.3274871],[113.610409,22.3274213],[113.6103795,22.3275292]]],[[[113.6103212,22.2398501],[113.6104956,22.2400251],[113.6106827,22.2398798],[113.6103212,22.2398501]]],[[[113.6101261,22.3280007],[113.6102186,22.3279721],[113.6101904,22.3279287],[113.6101261,22.3280007]]],[[[113.6100563,22.3275975],[113.6101355,22.3276384],[113.6101207,22.327492],[113.6100563,22.3275975]]],[[[113.609886,22.2430105],[113.6099423,22.2430651],[113.6099504,22.2430155],[113.609886,22.2430105]]],[[[113.6097231,22.2428714],[113.6099068,22.2429335],[113.6098961,22.2427752],[113.6097231,22.2428714]]],[[[113.60953,22.242887],[113.6095803,22.242928],[113.6095749,22.2428491],[113.60953,22.242887]]],[[[113.6092839,22.2422198],[113.6093965,22.2422061],[113.6093429,22.2421652],[113.6092839,22.2422198]]],[[[113.6092587,22.3295494],[113.6122048,22.3293236],[113.6116576,22.3276322],[113.6092587,22.3295494]]],[[[113.6090948,22.3280863],[113.609186,22.3281359],[113.6092316,22.3280379],[113.6090948,22.3280863]]],[[[113.6087836,22.2418015],[113.6088587,22.2417555],[113.6088011,22.2417208],[113.6087836,22.2418015]]],[[[113.6081426,22.3303502],[113.6082418,22.3305041],[113.6082713,22.3303651],[113.6081426,22.3303502]]],[[[113.608093,22.3306331],[113.6081345,22.3306467],[113.6081091,22.330607],[113.608093,22.3306331]]],[[[113.6080903,22.3188599],[113.6081922,22.3192991],[113.6085938,22.3191044],[113.6080903,22.3188599]]],[[[113.607692,22.3302944],[113.6078368,22.3302584],[113.6077295,22.3301666],[113.607692,22.3302944]]],[[[113.6076424,22.3304879],[113.6077711,22.3305487],[113.6078636,22.330344],[113.6076424,22.3304879]]],[[[113.6054215,22.3306653],[113.6054926,22.3306554],[113.6054228,22.3305835],[113.6054215,22.3306653]]],[[[113.6052981,22.3304619],[113.6053115,22.3305363],[113.605396,22.3304917],[113.6052981,22.3304619]]],[[[113.6052069,22.3307472],[113.6053075,22.3307224],[113.6052324,22.3306281],[113.6052069,22.3307472]]],[[[113.6035976,22.3318103],[113.6036217,22.3319468],[113.6037116,22.3318103],[113.6035976,22.3318103]]],[[[113.6034715,22.3320597],[113.603556,22.3320423],[113.6035131,22.3319691],[113.6034715,22.3320597]]],[[[113.6030866,22.3148154],[113.6036781,22.3144519],[113.603261,22.3140772],[113.6030866,22.3148154]]],[[[113.6030142,22.314179],[113.6030652,22.3141827],[113.6030679,22.3141256],[113.6030142,22.314179]]],[[[113.6028895,22.3157174],[113.6028895,22.3158377],[113.6030008,22.3157906],[113.6028895,22.3157174]]],[[[113.6028828,22.3142621],[113.6030156,22.3142249],[113.6029364,22.3141654],[113.6028828,22.3142621]]],[[[113.602729,22.3149758],[113.6028114,22.3150053],[113.6027418,22.314933],[113.602729,22.3149758]]],[[[113.6026615,22.3153675],[113.6026897,22.3154755],[113.6027433,22.3154184],[113.6026615,22.3153675]]],[[[113.6022779,22.3329566],[113.6045725,22.3328357],[113.6075491,22.3301568],[113.6022779,22.3329566]]],[[[113.6015148,22.3350072],[113.6015645,22.3349464],[113.6015363,22.3349191],[113.6015148,22.3350072]]],[[[113.6013137,22.3332419],[113.6014653,22.33317],[113.60137,22.3331613],[113.6013137,22.3332419]]],[[[113.6010173,22.3156405],[113.6012064,22.3156504],[113.6010656,22.3155201],[113.6010173,22.3156405]]],[[[113.6006727,22.3352663],[113.6007303,22.3353011],[113.6007129,22.3352366],[113.6006727,22.3352663]]],[[[113.600395,22.3348533],[113.6005345,22.334893],[113.6004527,22.3346933],[113.600395,22.3348533]]],[[[113.6002381,22.2451542],[113.6003172,22.2451579],[113.6002542,22.2450735],[113.6002381,22.2451542]]],[[[113.6000919,22.3261745],[113.6000933,22.3262998],[113.6001885,22.3262651],[113.6000919,22.3261745]]],[[[113.5990982,22.3117112],[113.599581,22.3121579],[113.5997821,22.311473],[113.5990982,22.3117112]]],[[[113.5987924,22.2452014],[113.5998465,22.245215],[113.5996786,22.24456],[113.5987924,22.2452014]]],[[[113.5983056,22.3144494],[113.5983083,22.3145077],[113.5983418,22.3144556],[113.5983056,22.3144494]]],[[[113.5981943,22.3363009],[113.5982547,22.3362761],[113.598197,22.3362587],[113.5981943,22.3363009]]],[[[113.5981929,22.3130189],[113.5985497,22.3137348],[113.5993141,22.313509],[113.5981929,22.3130189]]],[[[113.5977008,22.3356063],[113.597961,22.3359809],[113.5982748,22.3352491],[113.5977008,22.3356063]]],[[[113.5976457,22.3364784],[113.5976819,22.3364486],[113.5976498,22.3364486],[113.5976457,22.3364784]]],[[[113.5976203,22.3370999],[113.5981179,22.3363729],[113.5976994,22.3364597],[113.5976203,22.3370999]]],[[[113.5975787,22.3365466],[113.5975787,22.3365838],[113.5976042,22.3365838],[113.5975787,22.3365466]]],[[[113.5970436,22.3146852],[113.5973641,22.3147968],[113.5971576,22.3146392],[113.5970436,22.3146852]]],[[[113.5962805,22.3146914],[113.5962832,22.3147732],[113.5963838,22.3147335],[113.5962805,22.3146914]]],[[[113.5959774,22.3147906],[113.5960807,22.3147968],[113.596082,22.3147013],[113.5959774,22.3147906]]],[[[113.5959211,22.3143799],[113.5962711,22.3143378],[113.5962094,22.3141504],[113.5959211,22.3143799]]],[[[113.5958393,22.3149147],[113.5958393,22.3149655],[113.595897,22.3149519],[113.5958393,22.3149147]]],[[[113.5957924,22.3147571],[113.5958862,22.3147286],[113.5957964,22.3146132],[113.5957924,22.3147571]]],[[[113.5948254,22.3150127],[113.5951298,22.3148204],[113.5950038,22.3146591],[113.5948254,22.3150127]]],[[[113.5947626,22.2485108],[113.5999988,22.2520717],[113.600934,22.2488529],[113.5947626,22.2485108]]],[[[113.5942152,22.31521],[113.5943091,22.3152013],[113.5943252,22.3151231],[113.5942152,22.31521]]],[[[113.5935393,22.3142819],[113.5936318,22.3143874],[113.5936828,22.3142211],[113.5935393,22.3142819]]],[[[113.5933891,22.3152906],[113.5935353,22.3152162],[113.5934629,22.3151616],[113.5933891,22.3152906]]],[[[113.5922717,22.3151332],[113.5927437,22.3148851],[113.5924111,22.3145575],[113.5922717,22.3151332]]],[[[113.5921137,22.3155586],[113.592217,22.3156082],[113.5922264,22.3154556],[113.5921137,22.3155586]]],[[[113.5920024,22.3150735],[113.592099,22.3151665],[113.5921137,22.3151008],[113.5920024,22.3150735]]],[[[113.5918415,22.3146442],[113.5920051,22.3145375],[113.5918763,22.314473],[113.5918415,22.3146442]]],[[[113.5912111,22.2757325],[113.591403,22.2756915],[113.59125,22.2756333],[113.5912111,22.2757325]]],[[[113.5908933,22.2759472],[113.5909751,22.2760763],[113.5910032,22.2759335],[113.5908933,22.2759472]]],[[[113.5903609,22.2753937],[113.5905218,22.2759273],[113.5911267,22.2755079],[113.5903609,22.2753937]]],[[[113.5889728,22.2784814],[113.5891123,22.2786588],[113.5891257,22.2785136],[113.5889728,22.2784814]]],[[[113.588195,22.2786936],[113.5882406,22.2787569],[113.5882875,22.2786936],[113.588195,22.2786936]]],[[[113.5881467,22.2785682],[113.5886993,22.2788859],[113.5887596,22.2781724],[113.5881467,22.2785682]]],[[[113.5844599,22.2649712],[113.5848891,22.2651251],[113.584468,22.2646187],[113.5844599,22.2649712]]],[[[113.5831886,22.2653435],[113.5831912,22.2654577],[113.5832721,22.2654425],[113.5831886,22.2653435]]],[[[113.5811884,22.2768327],[113.5844877,22.2897039],[113.5897751,22.2819806],[113.5811884,22.2768327]]],[[[113.5798118,22.3028685],[113.5798533,22.3029541],[113.5798734,22.302866],[113.5798118,22.3028685]]],[[[113.5786021,22.3024754],[113.5797206,22.3029045],[113.579506,22.3019838],[113.5786021,22.3024754]]],[[[113.5584399,22.091816],[113.5585096,22.0917576],[113.5584439,22.0917315],[113.5584399,22.091816]]],[[[113.5583782,22.0921589],[113.5584922,22.0920521],[113.5583822,22.0920198],[113.5583782,22.0921589]]],[[[113.5583621,22.0915053],[113.5584292,22.0915339],[113.5584426,22.0914755],[113.5583621,22.0915053]]],[[[113.5577331,22.0901757],[113.557772,22.0902428],[113.5578418,22.0901782],[113.5577331,22.0901757]]],[[[113.5576943,22.0902788],[113.5577533,22.0902838],[113.5577372,22.0902353],[113.5576943,22.0902788]]],[[[113.557072,22.0898252],[113.5571404,22.0898352],[113.5571229,22.0897581],[113.557072,22.0898252]]],[[[113.5566777,22.0916097],[113.557874,22.0922012],[113.55754,22.0908368],[113.5566777,22.0916097]]],[[[113.5562016,22.0897196],[113.5562955,22.0897768],[113.5562713,22.089701],[113.5562016,22.0897196]]],[[[113.5552602,22.089655],[113.5553621,22.0897507],[113.5553849,22.0896823],[113.5552602,22.089655]]],[[[113.5552199,22.0898091],[113.5561694,22.0906292],[113.5576782,22.0901744],[113.5552199,22.0898091]]],[[[113.5550234,22.0815327],[113.5550556,22.0815737],[113.5550939,22.0815166],[113.5550234,22.0815327]]],[[[113.5546942,22.0893307],[113.5547572,22.089394],[113.5547639,22.0892971],[113.5546942,22.0893307]]],[[[113.5544528,22.0840853],[113.5545078,22.0840629],[113.5544588,22.0840536],[113.5544528,22.0840853]]],[[[113.552307,22.0847128],[113.5523728,22.0847327],[113.5523956,22.0846656],[113.552307,22.0847128]]],[[[113.5518933,22.0844432],[113.5519349,22.0844537],[113.5519242,22.0844245],[113.5518933,22.0844432]]],[[[113.5515071,22.0875213],[113.5515399,22.0875847],[113.5515748,22.087535],[113.5515071,22.0875213]]],[[[113.5485083,22.1398734],[113.5485286,22.1401924],[113.5486061,22.1398656],[113.5485083,22.1398734]]],[[[113.5478425,22.1116049],[113.5479498,22.1115552],[113.5478505,22.111508],[113.5478425,22.1116049]]],[[[113.5468313,22.1092989],[113.5469386,22.1093039],[113.546901,22.1091945],[113.5468313,22.1092989]]],[[[113.4625389,22.0549245],[113.4625818,22.0549506],[113.4626059,22.0549245],[113.4625389,22.0549245]]],[[[113.4624155,22.0548934],[113.4624973,22.0548537],[113.462453,22.0547828],[113.4624155,22.0548934]]],[[[113.4614968,22.0548363],[113.4622478,22.0549705],[113.4619112,22.0547716],[113.4614968,22.0548363]]],[[[113.4594986,22.0548611],[113.4596421,22.0548325],[113.4595107,22.0548238],[113.4594986,22.0548611]]],[[[113.4593685,22.054748],[113.4593685,22.0548214],[113.4594543,22.0548238],[113.4593685,22.054748]]],[[[113.4328133,22.0301649],[113.4328522,22.0301736],[113.4328374,22.0301177],[113.4328133,22.0301649]]],[[[113.4325974,22.0302059],[113.4326296,22.0302606],[113.4326698,22.0301898],[113.4325974,22.0302059]]],[[[113.431605,22.0308748],[113.4316573,22.0309146],[113.431676,22.0308611],[113.431605,22.0308748]]],[[[113.4288356,22.0298168],[113.4288818,22.0298261],[113.4288497,22.0297696],[113.4288356,22.0298168]]],[[[113.4273604,22.0288882],[113.4274019,22.0289161],[113.4274073,22.0288664],[113.4273604,22.0288882]]],[[[113.4271619,22.0174466],[113.427178,22.0175062],[113.4272236,22.0174515],[113.4271619,22.0174466]]],[[[113.4267461,22.0172339],[113.4268118,22.0172377],[113.4267569,22.0171892],[113.4267461,22.0172339]]],[[[113.4256605,22.0282541],[113.4258536,22.0282542],[113.4257228,22.0281466],[113.4256605,22.0282541]]],[[[113.4256545,22.0284698],[113.4256914,22.0284406],[113.4256699,22.0284108],[113.4256545,22.0284698]]],[[[113.425637,22.0703688],[113.425637,22.0705055],[113.425696,22.0703986],[113.425637,22.0703688]]],[[[113.4254801,22.0284561],[113.4256598,22.0283872],[113.4255807,22.0281889],[113.4254801,22.0284561]]],[[[113.4252515,22.0281733],[113.4253487,22.0282448],[113.425401,22.0281528],[113.4252515,22.0281733]]],[[[113.4246426,22.0287197],[113.4247157,22.0286911],[113.42466,22.0286551],[113.4246426,22.0287197]]],[[[113.4245903,22.0287427],[113.4245903,22.0287955],[113.4246379,22.0287564],[113.4245903,22.0287427]]],[[[113.4243784,22.0287116],[113.4244032,22.0287676],[113.4244321,22.0287334],[113.4243784,22.0287116]]],[[[113.4242393,22.0287533],[113.4306729,22.0311843],[113.4317401,22.0306705],[113.4242393,22.0287533]]],[[[113.4235328,22.0696417],[113.4235771,22.069684],[113.4235865,22.0696343],[113.4235328,22.0696417]]],[[[113.4235288,22.0695436],[113.4236173,22.0695709],[113.4235919,22.0695038],[113.4235288,22.0695436]]],[[[113.4235114,22.0698468],[113.4235959,22.0699264],[113.4236374,22.0698431],[113.4235114,22.0698468]]],[[[113.4225243,22.0162493],[113.4226759,22.0164905],[113.4227617,22.0161697],[113.4225243,22.0162493]]],[[[113.4225042,22.0161448],[113.4226343,22.0161063],[113.4226182,22.0160192],[113.4225042,22.0161448]]],[[[113.4225001,22.01675],[113.4232171,22.019336],[113.4269679,22.0175166],[113.4225001,22.01675]]],[[[113.4221824,22.0161784],[113.4222119,22.0162903],[113.4222883,22.0161883],[113.4221824,22.0161784]]],[[[113.4221488,22.0165825],[113.4223567,22.0164258],[113.422173,22.0164208],[113.4221488,22.0165825]]],[[[113.421949,22.0167615],[113.422008,22.0167988],[113.4220402,22.0167279],[113.421949,22.0167615]]],[[[113.41444,22.0130199],[113.414467,22.0189808],[113.4207796,22.0164357],[113.41444,22.0130199]]],[[[113.4140378,22.0129694],[113.4142712,22.0128276],[113.4141129,22.0127779],[113.4140378,22.0129694]]],[[[113.4124902,22.0026108],[113.4139169,22.0023387],[113.4129059,22.001146],[113.4124902,22.0026108]]],[[[113.4106502,22.0037497],[113.41179,22.00341],[113.4114518,22.0025199],[113.4106502,22.0037497]]],[[[113.4054279,22.0127891],[113.4056613,22.0128612],[113.4056237,22.0126697],[113.4054279,22.0127891]]],[[[113.3117947,21.9258369],[113.3120763,21.925878],[113.312311,21.9255782],[113.3117947,21.9258369]]],[[[113.3113106,21.9269529],[113.311324,21.9269983],[113.3113508,21.9269392],[113.3113106,21.9269529]]],[[[113.3111443,21.9245891],[113.311678,21.9249325],[113.3117719,21.9246227],[113.3111443,21.9245891]]],[[[113.3104511,21.9323497],[113.3131781,21.9338133],[113.3128971,21.9308493],[113.3104511,21.9323497]]],[[[113.3096878,21.9271358],[113.3097441,21.927203],[113.3097723,21.9270897],[113.3096878,21.9271358]]],[[[113.309653,21.9281248],[113.3096677,21.9281833],[113.3098166,21.9281696],[113.309653,21.9281248]]],[[[113.3085821,21.9282953],[113.3099748,21.9279494],[113.3096784,21.9273211],[113.3085821,21.9282953]]],[[[113.3082917,21.928136],[113.3084151,21.9281012],[113.3083507,21.928044],[113.3082917,21.928136]]],[[[113.3081053,21.928294],[113.3083601,21.9283649],[113.3081885,21.9281721],[113.3081053,21.928294]]],[[[113.307028,21.9207128],[113.3102739,21.9235117],[113.3113119,21.9170471],[113.307028,21.9207128]]],[[[113.3056833,22.0011783],[113.3057758,22.0011721],[113.3056994,22.0010826],[113.3056833,22.0011783]]],[[[113.2952763,21.9199522],[113.2953461,21.9200057],[113.2953769,21.9199099],[113.2952763,21.9199522]]],[[[113.2952535,21.9207958],[113.2953796,21.9207833],[113.2953621,21.9206241],[113.2952535,21.9207958]]],[[[113.2942598,21.9763086],[113.2943496,21.9763173],[113.2942852,21.9762265],[113.2942598,21.9763086]]],[[[113.2938762,21.9759243],[113.2939352,21.9759305],[113.2939298,21.9758733],[113.2938762,21.9759243]]],[[[113.2934283,21.9185202],[113.2935195,21.9185812],[113.2935208,21.9185078],[113.2934283,21.9185202]]],[[[113.2927738,21.9249561],[113.2930219,21.9250146],[113.2931225,21.9247036],[113.2927738,21.9249561]]],[[[113.2909995,21.923931],[113.2911202,21.9239235],[113.2910009,21.9238464],[113.2909995,21.923931]]],[[[113.2908265,21.9229929],[113.2908775,21.9230738],[113.290911,21.9230315],[113.2908265,21.9229929]]],[[[113.2907662,21.9231111],[113.2908118,21.9231198],[113.2907796,21.9230588],[113.2907662,21.9231111]]],[[[113.2890402,21.9726086],[113.2892078,21.9759579],[113.2937469,21.9755597],[113.2890402,21.9726086]]],[[[113.2888377,21.9723761],[113.2889047,21.9724718],[113.2889155,21.972381],[113.2888377,21.9723761]]],[[[113.2883804,21.9739245],[113.2884501,21.9739481],[113.2884018,21.9738399],[113.2883804,21.9739245]]],[[[113.2790624,21.974713],[113.2791106,21.9748261],[113.2791428,21.974713],[113.2790624,21.974713]]],[[[113.2788075,21.974897],[113.2789685,21.9749157],[113.2788411,21.9748435],[113.2788075,21.974897]]],[[[113.2786654,21.9751097],[113.2787888,21.9751831],[113.2788236,21.9750674],[113.2786654,21.9751097]]],[[[113.2784937,21.9747042],[113.2786627,21.9749219],[113.2787807,21.9747677],[113.2784937,21.9747042]]],[[[113.2778232,21.9753758],[113.2778943,21.9753584],[113.2778487,21.9753447],[113.2778232,21.9753758]]],[[[113.2775456,21.9747478],[113.2775938,21.9747602],[113.2776247,21.9747105],[113.2775456,21.9747478]]],[[[113.2772224,21.9751184],[113.277268,21.9751619],[113.2772773,21.9751171],[113.2772224,21.9751184]]],[[[113.2771794,21.9755661],[113.2772465,21.9755574],[113.277225,21.9755201],[113.2771794,21.9755661]]],[[[113.2759805,21.9744829],[113.2763686,21.9757328],[113.2771086,21.9752307],[113.2759805,21.9744829]]],[[[113.2707435,21.8861583],[113.2708347,21.8861583],[113.270824,21.8860737],[113.2707435,21.8861583]]],[[[113.2700622,21.952141],[113.270191,21.9521161],[113.270081,21.9519917],[113.2700622,21.952141]]],[[[113.2654636,21.9947272],[113.2655132,21.9947894],[113.2655199,21.9947272],[113.2654636,21.9947272]]],[[[113.2652222,21.9949286],[113.2652557,21.9950082],[113.2653134,21.9949784],[113.2652222,21.9949286]]],[[[113.265202,21.9948826],[113.2652034,21.9949112],[113.2652409,21.9948963],[113.265202,21.9948826]]],[[[113.2651564,21.9945046],[113.2651645,21.9945655],[113.2652503,21.9944972],[113.2651564,21.9945046]]],[[[113.2650639,21.9950169],[113.2652047,21.9950294],[113.2651927,21.9949635],[113.2650639,21.9950169]]],[[[113.2650304,21.9941962],[113.265084,21.994241],[113.2650907,21.9941937],[113.2650304,21.9941962]]],[[[113.2650277,21.9949199],[113.2650532,21.9949834],[113.2651766,21.9949224],[113.2650277,21.9949199]]],[[[113.2642002,21.9939587],[113.2642297,21.9940085],[113.2642592,21.9939736],[113.2642002,21.9939587]]],[[[113.2640286,21.9938816],[113.2641251,21.9939401],[113.2641305,21.9938804],[113.2640286,21.9938816]]],[[[113.2635283,21.9944922],[113.2635444,21.9945506],[113.2635753,21.9945146],[113.2635283,21.9944922]]],[[[113.2634917,21.9954651],[113.2649472,21.9953838],[113.2638676,21.9939898],[113.2634917,21.9954651]]],[[[113.2634908,21.9948764],[113.2635672,21.9949386],[113.2636061,21.9948913],[113.2634908,21.9948764]]],[[[113.2535948,22.0085604],[113.2536069,22.0087009],[113.2537477,22.0086089],[113.2535948,22.0085604]]],[[[113.2427506,21.8873505],[113.2428177,21.8874077],[113.2428217,21.8873144],[113.2427506,21.8873505]]],[[[113.2418413,21.887246],[113.2421257,21.8874127],[113.2420801,21.8872323],[113.2418413,21.887246]]],[[[113.1989045,21.8695278],[113.1990628,21.8696137],[113.1991714,21.8694283],[113.1989045,21.8695278]]],[[[113.1975715,21.8654517],[113.1977056,21.8655028],[113.1977096,21.8653671],[113.1975715,21.8654517]]],[[[113.1831694,21.8520913],[113.1833813,21.8524821],[113.1834993,21.8519046],[113.1831694,21.8520913]]],[[[113.1804979,21.8513818],[113.1806172,21.8514291],[113.1807071,21.8513009],[113.1804979,21.8513818]]],[[[113.1782006,21.8511303],[113.1782529,21.8511975],[113.1782958,21.8511154],[113.1782006,21.8511303]]],[[[113.1780678,21.8513158],[113.1781603,21.851383],[113.1781751,21.8512635],[113.1780678,21.8513158]]],[[[113.1775421,21.8512834],[113.1775729,21.8513444],[113.1776252,21.8512598],[113.1775421,21.8512834]]],[[[113.1774206,21.9622726],[113.1774538,21.9622713],[113.177431,21.9622488],[113.1774206,21.9622726]]],[[[113.1773704,21.8513208],[113.1774428,21.8514428],[113.177534,21.8513394],[113.1773704,21.8513208]]],[[[113.1772658,21.8513444],[113.1773356,21.851454],[113.1773584,21.8513482],[113.1772658,21.8513444]]],[[[113.1747177,21.8506536],[113.1747486,21.8507021],[113.1748009,21.8506561],[113.1747177,21.8506536]]],[[[113.1687082,21.9546561],[113.1687344,21.9546511],[113.168731,21.9546225],[113.1687082,21.9546561]]],[[[113.1686157,21.8578518],[113.1686841,21.8578792],[113.1686559,21.8577996],[113.1686157,21.8578518]]],[[[113.1685688,21.9455558],[113.16866,21.9455583],[113.1686439,21.9455135],[113.1685688,21.9455558]]],[[[113.1684051,21.9563315],[113.1684561,21.9563452],[113.16843,21.9563004],[113.1684051,21.9563315]]],[[[113.1680001,21.9545261],[113.1680182,21.9546754],[113.1681363,21.9546312],[113.1680001,21.9545261]]],[[[113.1679639,21.9464626],[113.1679639,21.9465174],[113.1680256,21.9464552],[113.1679639,21.9464626]]],[[[113.1679331,21.9544222],[113.1680028,21.9544689],[113.1680209,21.9543482],[113.1679331,21.9544222]]],[[[113.1678835,21.857756],[113.1682375,21.857634],[113.1680042,21.8574261],[113.1678835,21.857756]]],[[[113.1676642,21.9543744],[113.1677272,21.9544067],[113.1677862,21.954301],[113.1676642,21.9543744]]],[[[113.1676387,21.9539844],[113.1676763,21.9541318],[113.1677581,21.9540485],[113.1676387,21.9539844]]],[[[113.1674932,21.9534377],[113.1675924,21.9534234],[113.1675254,21.9532966],[113.1674932,21.9534377]]],[[[113.1674429,21.9529613],[113.167463,21.9529875],[113.1674637,21.9529607],[113.1674429,21.9529613]]],[[[113.1670399,21.9519283],[113.1673215,21.9520029],[113.1673068,21.9518499],[113.1670399,21.9519283]]],[[[113.1669044,21.9445022],[113.1669433,21.9445084],[113.166946,21.9444587],[113.1669044,21.9445022]]],[[[113.1667744,21.9567625],[113.166822,21.9567818],[113.1668528,21.9567283],[113.1667744,21.9567625]]],[[[113.1667556,21.9568564],[113.1667972,21.9568191],[113.1667744,21.9567986],[113.1667556,21.9568564]]],[[[113.1665075,21.8571884],[113.1666201,21.8571921],[113.1665477,21.8571237],[113.1665075,21.8571884]]],[[[113.1658557,21.8569843],[113.1659053,21.8571175],[113.1660448,21.857049],[113.1658557,21.8569843]]],[[[113.1658262,21.9488348],[113.1658517,21.9488348],[113.165845,21.9487887],[113.1658262,21.9488348]]],[[[113.165676,21.857105],[113.1658275,21.8570005],[113.1657015,21.8570042],[113.165676,21.857105]]],[[[113.1655352,21.9491619],[113.16557,21.9491681],[113.1655781,21.9491333],[113.1655352,21.9491619]]],[[[113.1655312,21.951019],[113.165621,21.9510588],[113.165621,21.9509357],[113.1655312,21.951019]]],[[[113.1655177,21.9494331],[113.1655848,21.9494331],[113.1655513,21.9492962],[113.1655177,21.9494331]]],[[[113.1654225,21.95083],[113.1655714,21.9509058],[113.1655124,21.9507628],[113.1654225,21.95083]]],[[[113.1652442,21.9499269],[113.1653233,21.9499331],[113.165279,21.9498784],[113.1652442,21.9499269]]],[[[113.1650953,21.9527219],[113.1651637,21.9527629],[113.1651744,21.9527119],[113.1650953,21.9527219]]],[[[113.1646179,21.9520098],[113.1647124,21.9519669],[113.1646219,21.9519594],[113.1646179,21.9520098]]],[[[113.164587,21.9413388],[113.1649759,21.9415702],[113.1650832,21.9411672],[113.164587,21.9413388]]],[[[113.1641465,21.9522772],[113.164231,21.9522921],[113.1642303,21.9522641],[113.1641465,21.9522772]]],[[[113.1638843,21.9392738],[113.1640559,21.9394505],[113.164072,21.9392141],[113.1638843,21.9392738]]],[[[113.1635161,21.9556524],[113.1635805,21.9556313],[113.1635188,21.9556263],[113.1635161,21.9556524]]],[[[113.1623192,21.9457561],[113.1624064,21.9456541],[113.1623259,21.9456516],[113.1623192,21.9457561]]],[[[113.1618887,21.9454899],[113.1619155,21.9455496],[113.1619464,21.9455284],[113.1618887,21.9454899]]],[[[113.1615722,21.9466082],[113.161646,21.946582],[113.1615762,21.9465497],[113.1615722,21.9466082]]],[[[113.1610773,21.9471032],[113.1611431,21.9471057],[113.1611471,21.9470012],[113.1610773,21.9471032]]],[[[113.1600045,21.9504506],[113.1600367,21.9504344],[113.1600139,21.9504021],[113.1600045,21.9504506]]],[[[113.1599468,21.9509431],[113.1600367,21.9509817],[113.1600246,21.9508324],[113.1599468,21.9509431]]],[[[113.1599388,21.9494405],[113.159983,21.9495338],[113.1600206,21.949443],[113.1599388,21.9494405]]],[[[113.1599347,21.9499767],[113.1600434,21.9500264],[113.1599575,21.949912],[113.1599347,21.9499767]]],[[[113.1597778,21.9510961],[113.1599092,21.9511633],[113.1598207,21.9510626],[113.1597778,21.9510961]]],[[[113.1597765,21.9552867],[113.159814,21.9552867],[113.159814,21.9552432],[113.1597765,21.9552867]]],[[[113.1593607,21.9513934],[113.1594425,21.9513773],[113.1593648,21.9513225],[113.1593607,21.9513934]]],[[[113.1592937,21.9512106],[113.1593259,21.9512442],[113.1593259,21.9512093],[113.1592937,21.9512106]]],[[[113.159067,21.9541324],[113.1678902,21.9450694],[113.1637904,21.9442372],[113.159067,21.9541324]]],[[[113.1588685,21.9531759],[113.1589517,21.9531411],[113.1589249,21.9531212],[113.1588685,21.9531759]]],[[[113.1587479,21.9525179],[113.1588122,21.9525415],[113.1587827,21.9524893],[113.1587479,21.9525179]]],[[[113.1586687,21.9529085],[113.1587251,21.9529445],[113.1587358,21.9528674],[113.1586687,21.9529085]]],[[[113.1585695,21.9528214],[113.1586795,21.9528164],[113.1586151,21.9527306],[113.1585695,21.9528214]]],[[[113.1581497,21.9541834],[113.1583656,21.954115],[113.1583013,21.9539944],[113.1581497,21.9541834]]],[[[113.1543812,21.9539993],[113.1545502,21.9542705],[113.1546736,21.9541834],[113.1543812,21.9539993]]],[[[113.1422174,21.8708384],[113.1422979,21.8708882],[113.1422818,21.8707886],[113.1422174,21.8708384]]],[[[113.1421745,21.9437073],[113.1423783,21.9436949],[113.1422818,21.9435829],[113.1421745,21.9437073]]],[[[113.1415039,21.8713636],[113.141579,21.8714955],[113.1417078,21.8714183],[113.1415039,21.8713636]]],[[[113.1414261,21.8716349],[113.1414342,21.8717643],[113.141638,21.8716001],[113.1414261,21.8716349]]],[[[113.1386903,21.9394828],[113.1388807,21.9397092],[113.1389075,21.9395599],[113.1386903,21.9394828]]],[[[113.1385884,21.9395525],[113.1386125,21.9397689],[113.1388378,21.9397988],[113.1385884,21.9395525]]],[[[113.1385535,21.8379204],[113.1386192,21.8379565],[113.1386112,21.8378905],[113.1385535,21.8379204]]],[[[113.1382987,21.940177],[113.1384408,21.9402367],[113.1384623,21.9401098],[113.1382987,21.940177]]],[[[113.1373358,21.8345717],[113.1376013,21.8345194],[113.1374323,21.8344049],[113.1373358,21.8345717]]],[[[113.137258,21.8347061],[113.1374779,21.8349327],[113.1380922,21.8347186],[113.137258,21.8347061]]],[[[113.1342351,21.9341734],[113.1342901,21.9341883],[113.1343089,21.9341361],[113.1342351,21.9341734]]],[[[113.1339495,21.9341423],[113.1341305,21.934161],[113.1341265,21.934059],[113.1339495,21.9341423]]],[[[113.1338972,21.9341162],[113.1339119,21.9341324],[113.1339307,21.9341037],[113.1338972,21.9341162]]],[[[113.1328216,21.9485947],[113.1329235,21.9486569],[113.1328914,21.9485586],[113.1328216,21.9485947]]],[[[113.1325306,21.9487166],[113.1327291,21.9490226],[113.1329302,21.9487974],[113.1325306,21.9487166]]],[[[113.1323321,21.9515041],[113.1324193,21.9514681],[113.1323375,21.9513984],[113.1323321,21.9515041]]],[[[113.1323093,21.948928],[113.1324501,21.9487825],[113.1323509,21.9486917],[113.1323093,21.948928]]],[[[113.1306624,21.9565803],[113.1306893,21.9566126],[113.1306879,21.9565828],[113.1306624,21.9565803]]],[[[113.1297062,21.9526286],[113.1297787,21.952651],[113.129717,21.9525664],[113.1297062,21.9526286]]],[[[113.1295869,21.9572408],[113.1296298,21.9573303],[113.1297022,21.9572831],[113.1295869,21.9572408]]],[[[113.1287634,21.9549695],[113.1288412,21.954972],[113.1287795,21.9548787],[113.1287634,21.9549695]]],[[[113.1286816,21.9555703],[113.1304264,21.9568204],[113.1319397,21.9518631],[113.1286816,21.9555703]]],[[[113.1284858,21.9553924],[113.128565,21.9554621],[113.1286146,21.9553862],[113.1284858,21.9553924]]],[[[113.1283544,21.9553041],[113.1284416,21.9553253],[113.1284375,21.9552283],[113.1283544,21.9553041]]],[[[113.1283034,21.9551536],[113.128345,21.9552245],[113.1283826,21.9551847],[113.1283034,21.9551536]]],[[[113.1271447,21.9562283],[113.1271943,21.9562967],[113.1272587,21.9562358],[113.1271447,21.9562283]]],[[[113.126446,21.9566027],[113.1267424,21.9567594],[113.1268886,21.9565019],[113.126446,21.9566027]]],[[[113.1263012,21.9566624],[113.1263642,21.9569423],[113.1267317,21.9568179],[113.1263012,21.9566624]]],[[[113.1260879,21.9566512],[113.1261403,21.9568689],[113.1262274,21.9567134],[113.1260879,21.9566512]]],[[[113.121327,21.9237257],[113.1221156,21.925129],[113.1216931,21.9236287],[113.121327,21.9237257]]],[[[113.1187199,21.8977443],[113.1189995,21.8979841],[113.1190331,21.8976541],[113.1187199,21.8977443]]],[[[113.1166184,21.8947572],[113.1168732,21.8947223],[113.1167069,21.8946228],[113.1166184,21.8947572]]],[[[113.1164977,21.89468],[113.1165487,21.8947323],[113.1166103,21.8946775],[113.1164977,21.89468]]],[[[113.1163877,21.8944486],[113.1165487,21.8946054],[113.1165996,21.8944884],[113.1163877,21.8944486]]],[[[113.1161195,21.9817346],[113.1162107,21.9817445],[113.1161222,21.98165],[113.1161195,21.9817346]]],[[[113.1123993,21.8917383],[113.1125388,21.8917159],[113.1124154,21.8916636],[113.1123993,21.8917383]]],[[[113.0808179,22.0958337],[113.080892,22.0957803],[113.0808283,22.0957234],[113.0808179,22.0958337]]],[[[113.0796532,22.0965914],[113.0814841,22.0973407],[113.0809537,22.0959347],[113.0796532,22.0965914]]]]}},{"type":"Feature","properties":{"name":"汕头市","osm_relation":3282750},"geometry":{"type":"MultiPolygon","coordinates":[[[[116.2400438,23.1430754],[116.2438716,23.1508654],[116.2503907,23.1551563],[116.2474223,23.1785523],[116.2577948,23.1777925],[116.2587582,23.186259],[116.247404,23.1836504],[116.2509896,23.1892273],[116.2482466,23.1941776],[116.2599222,23.1993748],[116.2646704,23.2075886],[116.2555638,23.2094485],[116.2572047,23.2259593],[116.2622656,23.2305269],[116.2748703,23.2285917],[116.2895664,23.2423963],[116.2898379,23.2513274],[116.2939379,23.2561807],[116.2945956,23.2655051],[116.3006744,23.2732473],[116.298179,23.2814368],[116.3081281,23.2885467],[116.3099881,23.2935249],[116.3048513,23.2982294],[116.3184848,23.304879],[116.3261965,23.318648],[116.3147678,23.3290723],[116.3142299,23.3332717],[116.3248729,23.3388672],[116.3444472,23.3384926],[116.3504863,23.3539065],[116.3455581,23.3612468],[116.3457297,23.3905551],[116.3403436,23.4017595],[116.3418208,23.4076151],[116.3487113,23.4056026],[116.3483905,23.4119807],[116.3353251,23.4141684],[116.3255542,23.4268447],[116.3185214,23.4241099],[116.3143104,23.4325803],[116.3124274,23.443404],[116.3148803,23.4514629],[116.3310098,23.4461207],[116.3399686,23.4488928],[116.3448145,23.4555699],[116.3512415,23.4729732],[116.3559651,23.4755086],[116.36796,23.4991835],[116.3728523,23.4974714],[116.3731956,23.5033945],[116.3940095,23.5024106],[116.4004039,23.5066609],[116.4038145,23.5147482],[116.4087295,23.5150824],[116.4102744,23.5063855],[116.4079358,23.4913738],[116.4117147,23.476558],[116.4188365,23.4698472],[116.429923,23.4741393],[116.436672,23.4853119],[116.4441109,23.491533],[116.4709138,23.5030403],[116.4832419,23.5009975],[116.486682,23.4966597],[116.4859653,23.4794383],[116.4637481,23.4552458],[116.461598,23.4423588],[116.4674748,23.4397287],[116.5196495,23.4394656],[116.5335532,23.4327585],[116.5425834,23.423026],[116.5644586,23.3807765],[116.5661896,23.3940367],[116.5736286,23.405883],[116.5708009,23.4106545],[116.5797827,23.4082875],[116.5820399,23.4123586],[116.5724562,23.4146317],[116.577622,23.4259372],[116.5867739,23.4290425],[116.5851733,23.4461503],[116.5755036,23.4507403],[116.5759201,23.4639015],[116.5837505,23.4647507],[116.5855899,23.4560156],[116.6020925,23.4447566],[116.6096705,23.4360349],[116.625738,23.4321393],[116.6337991,23.4275751],[116.6362228,23.4314399],[116.6458368,23.4289533],[116.6500854,23.4338163],[116.6638604,23.4309859],[116.6659426,23.4353323],[116.6772294,23.4412975],[116.6813691,23.432414],[116.6979611,23.4407999],[116.694138,23.4505893],[116.6981301,23.4596213],[116.7081035,23.4618365],[116.7126645,23.4712405],[116.7115577,23.4922808],[116.7045016,23.500383],[116.7035594,23.5161178],[116.6984742,23.5222121],[116.7001188,23.5387324],[116.706562,23.5539166],[116.7149538,23.5558821],[116.7111513,23.5685159],[116.6977871,23.5762082],[116.6977482,23.5853581],[116.7013258,23.5822316],[116.7099763,23.587353],[116.7079353,23.5999557],[116.7141489,23.6030121],[116.7343321,23.6042103],[116.7365364,23.5972004],[116.7465536,23.5907056],[116.7512414,23.5781925],[116.7567712,23.5765362],[116.7679857,23.586743],[116.780608,23.5821157],[116.7820577,23.5886048],[116.7899569,23.5921459],[116.7871354,23.6019641],[116.7911978,23.6130686],[116.8008157,23.6093967],[116.810451,23.6151087],[116.8229865,23.6144706],[116.8270664,23.6250626],[116.8180297,23.6295381],[116.8232466,23.6354627],[116.8188174,23.6389753],[116.8199918,23.6446919],[116.8264499,23.6484436],[116.8371703,23.643075],[116.8517711,23.6407577],[116.8585851,23.6353389],[116.858741,23.6251588],[116.8699234,23.6172985],[116.8762791,23.6224895],[116.8870305,23.6253354],[116.8965446,23.6213246],[116.8966482,23.6129943],[116.9072449,23.6054613],[116.906521703,23.602459466],[116.9018376,23.5907445],[116.911916292,23.568791183],[116.9124933,23.559026815],[116.912764635,23.554434847],[116.912840622,23.553148874],[116.91285156,23.55296376],[116.912821044,23.55244405],[116.8903282,23.5552787],[116.8834399,23.5549299],[116.8953721,23.544241],[116.8665307,23.4945462],[116.8595915,23.479264],[116.8634953,23.4738152],[116.8703305,23.4757795],[116.8779515,23.4633166],[116.8826273,23.4750887],[116.8890999,23.4803896],[116.8796224,23.4630348],[116.8733184,23.4554019],[116.870479,23.4602923],[116.8588095,23.4624307],[116.8602937,23.4535997],[116.8706934,23.4553057],[116.8724004,23.4519406],[116.861383,23.4384503],[116.8580611,23.4269904],[116.8632001,23.41357],[116.8586888,23.4171159],[116.848112,23.4184603],[116.8358043,23.4006086],[116.8295333,23.387426],[116.8197915,23.392362],[116.8128019,23.3900903],[116.8096907,23.3843847],[116.816774,23.374518],[116.8052673,23.3654424],[116.79537,23.3519585],[116.7865723,23.3338997],[116.775822,23.3239076],[116.755743,23.3422066],[116.7486459,23.3418039],[116.7396236,23.3493377],[116.7347963,23.3469435],[116.7143711,23.3546309],[116.6814651,23.3533936],[116.6602436,23.3494254],[116.6498461,23.3495627],[116.623526,23.3568856],[116.6075382,23.3655752],[116.5900146,23.3490415],[116.5730036,23.3423282],[116.5832401,23.3362401],[116.58899,23.32673],[116.5948047,23.3250114],[116.5985696,23.3065434],[116.5941158,23.336956],[116.6101956,23.3382785],[116.6372994,23.3297103],[116.6503332,23.3316668],[116.6522468,23.3386429],[116.6830036,23.3436674],[116.7011492,23.3268129],[116.7196382,23.3243593],[116.72364,23.32419],[116.7217916,23.3340824],[116.7353301,23.3359199],[116.7402968,23.3293137],[116.7495601,23.3266799],[116.7605899,23.3157601],[116.7569575,23.3066219],[116.7725787,23.2926023],[116.7715285,23.2831233],[116.7750315,23.2801244],[116.7714,23.26892],[116.7748128,23.2493403],[116.7819757,23.2391802],[116.7883172,23.2372093],[116.7908197,23.2417518],[116.7972448,23.240395],[116.7987496,23.244322],[116.8081334,23.2376203],[116.80266,23.23704],[116.8006861,23.2287172],[116.7951105,23.2217649],[116.7972053,23.2163511],[116.7913547,23.2122415],[116.7772087,23.2170286],[116.7775735,23.2262745],[116.7658274,23.2274478],[116.7657878,23.2302391],[116.7572719,23.229289],[116.7532207,23.2370573],[116.7528972,23.2373855],[116.7456291,23.2436588],[116.7375952,23.2460361],[116.7247394,23.2455419],[116.7029391,23.2383849],[116.6884766,23.2285617],[116.6777042,23.2192003],[116.6625763,23.1978619],[116.6621169,23.1860267],[116.6551836,23.1763906],[116.6525201,23.17756],[116.6486886,23.1658834],[116.6364112,23.1613205],[116.6373974,23.1645322],[116.6288465,23.1746906],[116.6292204,23.182018],[116.6065778,23.183348],[116.6053469,23.1890833],[116.5941401,23.1909499],[116.58441,23.1868001],[116.5646161,23.1713278],[116.5455501,23.14743],[116.53575,23.1234599],[116.5341201,23.11161],[116.5365475,23.1038472],[116.5100524,23.0966665],[116.501545,23.1044137],[116.4742357,23.1068167],[116.4587669,23.0968333],[116.4492877,23.0936738],[116.4408506,23.0957743],[116.441884,23.0883592],[116.4325255,23.0827471],[116.4309197,23.0751672],[116.4221697,23.0658876],[116.4007815,23.0564738],[116.3912412,23.0470354],[116.3758069,23.0423463],[116.3654429,23.0493748],[116.3703383,23.0529319],[116.3636457,23.0600478],[116.3420664,23.0611129],[116.3437069,23.0675453],[116.3395572,23.0727687],[116.3355646,23.0898759],[116.3229429,23.0990381],[116.3209463,23.1040688],[116.3148527,23.1016662],[116.3082641,23.1053215],[116.3002512,23.1038457],[116.2982896,23.0986779],[116.2868667,23.1018079],[116.2821792,23.1130421],[116.2615018,23.1224519],[116.252005,23.1246805],[116.2504163,23.1306532],[116.2400438,23.1430754]]],[[[116.9397962,23.4283639],[116.9442621,23.43618],[116.941309,23.4419668],[116.9486931,23.4481593],[116.9528908,23.4463273],[116.9698463,23.4566836],[116.9780311,23.4637612],[116.9902928,23.4635957],[116.9951231,23.4596871],[117.0035539,23.4456538],[117.0126678,23.4376148],[117.0223469,23.4355981],[117.0211802,23.4425046],[117.0322673,23.4516568],[117.0430639,23.4577275],[117.0451225,23.4675582],[117.0535608,23.4743498],[117.062337,23.4772159],[117.0708087,23.4766132],[117.0786703,23.4644421],[117.0886749,23.4607785],[117.1009527,23.4671116],[117.104512,23.476997],[117.112281,23.4819455],[117.117396,23.4805629],[117.1189356,23.486873],[117.1243215,23.4853785],[117.1267851,23.4716669],[117.1227014,23.4718207],[117.120329,23.4638983],[117.1238454,23.4582024],[117.1306957,23.4575306],[117.1389127,23.4612632],[117.139366,23.4512906],[117.1480818,23.4483193],[117.1444407,23.4438309],[117.13707,23.4455374],[117.1305978,23.4402098],[117.1342,23.4300091],[117.1302979,23.4268057],[117.1372578,23.4219341],[117.1399762,23.4139756],[117.1386096,23.4066923],[117.1313462,23.3975488],[117.1250001,23.3981642],[117.1210874,23.3922641],[117.1144281,23.4026172],[117.1064204,23.4013692],[117.0984797,23.3955265],[117.0998999,23.4059834],[117.096967,23.4086737],[117.0825031,23.4125197],[117.067232,23.4104866],[117.0463336,23.4035748],[117.0393316,23.4069913],[117.0286363,23.4105703],[117.0272335,23.4161736],[116.9909211,23.4199301],[116.9775014,23.4177353],[116.9459492,23.4229408],[116.9397962,23.4283639]]],[[[117.3121261,23.2867231],[117.3136187,23.2882414],[117.313461,23.2870223],[117.3121261,23.2867231]]],[[[117.3117274,23.2868758],[117.311832,23.2871518],[117.3118454,23.2868561],[117.3117274,23.2868758]]],[[[117.3116013,23.2866713],[117.3116791,23.2867576],[117.3119152,23.2865112],[117.3116013,23.2866713]]],[[[117.30746,23.2862008],[117.3074761,23.286351],[117.3077631,23.2862648],[117.30746,23.2862008]]],[[[117.3071757,23.2793958],[117.3072696,23.2795338],[117.3073688,23.279381],[117.3071757,23.2793958]]],[[[117.3069584,23.2853853],[117.3102656,23.2873562],[117.3084632,23.2811944],[117.3069584,23.2853853]]],[[[117.3062369,23.2801226],[117.3070952,23.2803887],[117.306878,23.2799575],[117.3062369,23.2801226]]],[[[117.3061994,23.2813964],[117.3063804,23.2815073],[117.3064139,23.281389],[117.3061994,23.2813964]]],[[[117.3061953,23.2812671],[117.3061994,23.2813114],[117.3062477,23.2812732],[117.3061953,23.2812671]]],[[[117.3060961,23.2810022],[117.3062249,23.2809763],[117.3061484,23.2809332],[117.3060961,23.2810022]]],[[[117.3058493,23.2816884],[117.306257,23.2815319],[117.305899,23.2813151],[117.3058493,23.2816884]]],[[[117.30562,23.2812178],[117.3058252,23.2813385],[117.3058949,23.281001],[117.30562,23.2812178]]],[[[117.2996266,23.2816132],[117.2997044,23.2816871],[117.2997715,23.2816366],[117.2996266,23.2816132]]],[[[117.2995622,23.2820074],[117.2997527,23.282106],[117.2997782,23.2818596],[117.2995622,23.2820074]]],[[[117.2990862,23.2815738],[117.2991961,23.2816071],[117.2991626,23.28149],[117.2990862,23.2815738]]],[[[117.2986034,23.2811377],[117.2987857,23.2810687],[117.2986127,23.2809874],[117.2986034,23.2811377]]],[[[117.2985269,23.281341],[117.2987241,23.2814334],[117.2987643,23.2811537],[117.2985269,23.281341]]],[[[117.2981219,23.280656],[117.2981769,23.2807312],[117.2981916,23.2806794],[117.2981219,23.280656]]],[[[117.2979449,23.2814272],[117.2981326,23.2815677],[117.2981621,23.2812671],[117.2979449,23.2814272]]],[[[117.297505,23.2794327],[117.2977974,23.2794968],[117.2975439,23.2792492],[117.297505,23.2794327]]],[[[117.2974339,23.2785156],[117.2975405,23.2785575],[117.2974621,23.2784595],[117.2974339,23.2785156]]],[[[117.2971375,23.2761928],[117.3018917,23.2813016],[117.3037018,23.2763105],[117.2971375,23.2761928]]],[[[117.2970685,23.2757234],[117.2971959,23.2757739],[117.2972314,23.2756624],[117.2970685,23.2757234]]],[[[117.2930485,23.2675269],[117.2933328,23.2674086],[117.2930592,23.2672904],[117.2930485,23.2675269]]],[[[117.2826469,23.2629695],[117.2828105,23.2631014],[117.2828977,23.2629646],[117.2826469,23.2629695]]],[[[117.2824457,23.2622475],[117.2826402,23.2622783],[117.2825222,23.2621046],[117.2824457,23.2622475]]],[[[117.2796569,23.2584225],[117.2797166,23.2584712],[117.2797649,23.2584225],[117.2796569,23.2584225]]],[[[117.2796254,23.2595961],[117.2868556,23.2629185],[117.2841436,23.2566538],[117.2796254,23.2595961]]],[[[117.2794497,23.2596269],[117.2795007,23.2597698],[117.2795919,23.2596638],[117.2794497,23.2596269]]],[[[117.2481832,23.2205979],[117.2483253,23.2206645],[117.2482583,23.2205461],[117.2481832,23.2205979]]],[[[117.2478104,23.2179998],[117.2478586,23.2181576],[117.2480571,23.2181182],[117.2478104,23.2179998]]],[[[117.2474563,23.2183893],[117.2476333,23.2184288],[117.2475421,23.2182118],[117.2474563,23.2183893]]],[[[117.2473946,23.2209307],[117.2475609,23.2209233],[117.2474831,23.2207532],[117.2473946,23.2209307]]],[[[117.24718,23.2207335],[117.2473034,23.2207384],[117.2472632,23.2206866],[117.24718,23.2207335]]],[[[117.2462761,23.2200852],[117.2463673,23.2207754],[117.2467589,23.2202923],[117.2462761,23.2200852]]],[[[117.2452944,23.2252171],[117.2457665,23.2260847],[117.2465175,23.2257742],[117.2452944,23.2252171]]],[[[117.2450691,23.2277855],[117.2453642,23.2277756],[117.2452462,23.2274946],[117.2450691,23.2277855]]],[[[117.2450209,23.2279777],[117.2451925,23.2281059],[117.2451711,23.2278594],[117.2450209,23.2279777]]],[[[117.2450061,23.2151996],[117.2452448,23.2154658],[117.2455412,23.2151996],[117.2450061,23.2151996]]],[[[117.2444308,23.2265235],[117.2446829,23.2269228],[117.2448868,23.2265038],[117.2444308,23.2265235]]],[[[117.2443235,23.2270164],[117.2448224,23.2277756],[117.2449082,23.2269129],[117.2443235,23.2270164]]],[[[117.2441518,23.2252368],[117.2446185,23.2251728],[117.2444844,23.2249756],[117.2441518,23.2252368]]],[[[117.2438621,23.2248572],[117.2439748,23.2249213],[117.2439372,23.2247439],[117.2438621,23.2248572]]],[[[117.2436315,23.2250988],[117.2438407,23.2251974],[117.2438246,23.2249509],[117.2436315,23.2250988]]],[[[117.2431004,23.226139],[117.2432882,23.2260404],[117.2431326,23.2260009],[117.2431004,23.226139]]],[[[117.2426552,23.2248129],[117.2426981,23.2250347],[117.2428214,23.224872],[117.2426552,23.2248129]]],[[[117.2419631,23.2248129],[117.2423011,23.2249213],[117.2423816,23.2247143],[117.2419631,23.2248129]]],[[[117.2419417,23.2252467],[117.2422582,23.2257791],[117.2426122,23.2255721],[117.2419417,23.2252467]]],[[[117.2412882,23.2233349],[117.2428805,23.2247924],[117.2451442,23.2161757],[117.2412882,23.2233349]]],[[[117.2403431,23.222486],[117.2403485,23.2228015],[117.2405577,23.222629],[117.2403431,23.222486]]],[[[117.2392005,23.2218452],[117.2395277,23.2217712],[117.2393775,23.2214311],[117.2392005,23.2218452]]],[[[117.2374812,23.4839099],[117.2376072,23.4841584],[117.2376931,23.4838656],[117.2374812,23.4839099]]],[[[117.2366765,23.4770511],[117.2368348,23.4774127],[117.2369555,23.4769502],[117.2366765,23.4770511]]],[[[117.2364995,23.4852604],[117.236765,23.4853269],[117.2367623,23.4850858],[117.2364995,23.4852604]]],[[[117.2364968,23.4849357],[117.2366202,23.4850218],[117.2366604,23.4849111],[117.2364968,23.4849357]]],[[[117.2361883,23.479312],[117.2363412,23.4797843],[117.2365183,23.479494],[117.2361883,23.479312]]],[[[117.2309661,23.2050827],[117.2312236,23.2058124],[117.2323394,23.2049447],[117.2309661,23.2050827]]],[[[117.2300648,23.2098948],[117.231245,23.2085537],[117.2301721,23.2089087],[117.2300648,23.2098948]]],[[[117.226181,23.2061674],[117.2273612,23.2069957],[117.2273183,23.2060294],[117.226181,23.2061674]]],[[[117.1509612,23.4447401],[117.1512455,23.4448533],[117.1510899,23.4446565],[117.1509612,23.4447401]]],[[[117.1452883,23.4444682],[117.1454177,23.4445531],[117.1453547,23.4444411],[117.1452883,23.4444682]]],[[[117.1452816,23.4445814],[117.145346,23.4446835],[117.145413,23.4445925],[117.1452816,23.4445814]]],[[[117.1452172,23.4444141],[117.1452729,23.444459],[117.1452568,23.4443599],[117.1452172,23.4444141]]],[[[117.1450569,23.444256],[117.1451099,23.4443279],[117.1451696,23.4442178],[117.1450569,23.444256]]],[[[117.1404201,23.4058172],[117.1408868,23.4057335],[117.1404308,23.4054677],[117.1404201,23.4058172]]],[[[117.1400582,23.4242944],[117.1448169,23.424148],[117.1450159,23.4204668],[117.1400582,23.4242944]]],[[[117.1394692,23.4444867],[117.1395242,23.4444448],[117.1394853,23.4444178],[117.1394692,23.4444867]]],[[[117.1391729,23.4440056],[117.1391997,23.4440671],[117.1392587,23.4440216],[117.1391729,23.4440056]]],[[[117.1391112,23.4441225],[117.1391447,23.4442529],[117.1391715,23.4440868],[117.1391112,23.4441225]]],[[[117.1390401,23.4427924],[117.1390656,23.4437693],[117.1394083,23.4435766],[117.1390401,23.4427924]]],[[[117.1388738,23.4445039],[117.1389663,23.4445236],[117.1389221,23.444419],[117.1388738,23.4445039]]],[[[117.1388564,23.4426608],[117.1388577,23.4427616],[117.1389341,23.4426817],[117.1388564,23.4426608]]],[[[117.138851,23.4442615],[117.1389194,23.444259],[117.1388537,23.4442],[117.138851,23.4442615]]],[[[117.1388175,23.4446466],[117.138859,23.4446835],[117.1389408,23.4446405],[117.1388175,23.4446466]]],[[[117.1386042,23.443634],[117.1386525,23.4437029],[117.1386981,23.4436303],[117.1386042,23.443634]]],[[[117.1380222,23.4026566],[117.1382153,23.4035772],[117.1392184,23.4029865],[117.1380222,23.4026566]]],[[[117.1309747,23.3571493],[117.1310538,23.3571493],[117.1310551,23.3571222],[117.1309747,23.3571493]]],[[[117.1289443,23.3576529],[117.1311691,23.3569141],[117.1293586,23.3555549],[117.1289443,23.3576529]]],[[[117.1283448,23.4719511],[117.1286505,23.4720027],[117.1286076,23.4716853],[117.1283448,23.4719511]]],[[[117.1283179,23.4715623],[117.1283421,23.4716927],[117.1284628,23.471523],[117.1283179,23.4715623]]],[[[117.1279532,23.4758407],[117.1282214,23.4763278],[117.128723,23.4758382],[117.1279532,23.4758407]]],[[[117.1271002,23.3187031],[117.127516,23.318681],[117.1271753,23.3185135],[117.1271002,23.3187031]]],[[[117.1269447,23.4862445],[117.1269795,23.4864978],[117.1272638,23.4863625],[117.1269447,23.4862445]]],[[[117.1265987,23.3202032],[117.1269581,23.3202746],[117.1268508,23.3200972],[117.1265987,23.3202032]]],[[[117.1260032,23.4807265],[117.1261266,23.4806773],[117.1260086,23.4805125],[117.1260032,23.4807265]]],[[[117.1259147,23.4847094],[117.1260059,23.4853711],[117.1265745,23.4848472],[117.1259147,23.4847094]]],[[[117.1254802,23.4842371],[117.1254882,23.4844585],[117.1257189,23.4843109],[117.1254802,23.4842371]]],[[[117.1254131,23.4851202],[117.1255875,23.485226],[117.1256652,23.4851055],[117.1254131,23.4851202]]],[[[117.1251664,23.4848447],[117.1257243,23.4848349],[117.1252415,23.4845938],[117.1251664,23.4848447]]],[[[117.1237555,23.4716583],[117.1238199,23.4717715],[117.1238655,23.4716927],[117.1237555,23.4716583]]],[[[117.1235999,23.4693776],[117.1237072,23.4696556],[117.1239835,23.4694637],[117.1235999,23.4693776]]],[[[117.1235718,23.4868976],[117.1235999,23.4869775],[117.1236187,23.4868902],[117.1235718,23.4868976]]],[[[117.1234296,23.4867783],[117.123431,23.4868422],[117.1235208,23.4867832],[117.1234296,23.4867783]]],[[[117.1234035,23.3932888],[117.1237019,23.3933916],[117.1234699,23.3930592],[117.1234035,23.3932888]]],[[[117.123146,23.3936722],[117.12326,23.3937202],[117.1231755,23.3935719],[117.123146,23.3936722]]],[[[117.1224399,23.3925183],[117.1226478,23.3926401],[117.1226605,23.3923466],[117.1224399,23.3925183]]],[[[117.1224218,23.3921786],[117.1225351,23.3923386],[117.1225901,23.3921989],[117.1224218,23.3921786]]],[[[117.1223205,23.392517],[117.1223822,23.3924678],[117.1223313,23.3924457],[117.1223205,23.392517]]],[[[117.1205127,23.3183706],[117.120899,23.3185677],[117.1207595,23.3181489],[117.1205127,23.3183706]]],[[[117.1204161,23.3042069],[117.1211672,23.3040887],[117.1211833,23.3033645],[117.1204161,23.3042069]]],[[[117.1202284,23.3107347],[117.1204349,23.3107236],[117.1203451,23.3106115],[117.1202284,23.3107347]]],[[[117.1200246,23.3187696],[117.1209741,23.319346],[117.1206307,23.3186071],[117.1200246,23.3187696]]],[[[117.119759,23.3113493],[117.1202928,23.3119614],[117.1202981,23.3111978],[117.119759,23.3113493]]],[[[117.1196866,23.3016844],[117.1203303,23.3012114],[117.1198582,23.3006793],[117.1196866,23.3016844]]],[[[117.11809,23.31719],[117.1183991,23.3194839],[117.119531,23.3177992],[117.11809,23.31719]]],[[[117.1090463,23.3902534],[117.1092112,23.3901808],[117.1091174,23.3900873],[117.1090463,23.3902534]]],[[[117.1084441,23.3905661],[117.1084629,23.3905956],[117.1084924,23.3905415],[117.1084441,23.3905661]]],[[[117.107272,23.4890488],[117.1073458,23.489087],[117.10739,23.4890291],[117.107272,23.4890488]]],[[[117.1070749,23.3957074],[117.1074021,23.3956705],[117.1072867,23.3955253],[117.1070749,23.3957074]]],[[[117.1070681,23.3875073],[117.1071795,23.3875676],[117.107162,23.3874617],[117.1070681,23.3875073]]],[[[117.1066242,23.3953825],[117.106761,23.3960176],[117.1070105,23.3955683],[117.1066242,23.3953825]]],[[[117.1063051,23.3955031],[117.1064097,23.3955548],[117.1063748,23.3954686],[117.1063051,23.3955031]]],[[[117.1061575,23.3960225],[117.1062461,23.3960201],[117.10623,23.3959413],[117.1061575,23.3960225]]],[[[117.105259,23.4851399],[117.1052925,23.4851448],[117.1052617,23.4851079],[117.105259,23.4851399]]],[[[117.105094,23.3891136],[117.1051638,23.3891887],[117.1052214,23.3891444],[117.105094,23.3891136]]],[[[117.1048754,23.3891506],[117.1049023,23.3892773],[117.1049908,23.3891198],[117.1048754,23.3891506]]],[[[117.1046917,23.3887357],[117.1047239,23.3890349],[117.1049599,23.3890127],[117.1046917,23.3887357]]],[[[117.1044973,23.3872623],[117.106217,23.3908473],[117.1087204,23.3882606],[117.1044973,23.3872623]]],[[[117.1044409,23.4869185],[117.1062177,23.4864935],[117.1056694,23.4848693],[117.1044409,23.4869185]]],[[[117.1035947,23.3968164],[117.1036819,23.3967807],[117.1036135,23.3967266],[117.1035947,23.3968164]]],[[[117.1026814,23.3973604],[117.1026921,23.3975241],[117.1027873,23.3974208],[117.1026814,23.3973604]]],[[[117.102102,23.3960595],[117.1022093,23.3960668],[117.1021959,23.3960176],[117.102102,23.3960595]]],[[[117.1018915,23.3960595],[117.1019518,23.3961111],[117.1019652,23.396025],[117.1018915,23.3960595]]],[[[117.1011861,23.3971155],[117.1013376,23.3971721],[117.1013108,23.3970478],[117.1011861,23.3971155]]],[[[117.1008924,23.3968312],[117.1009594,23.3968558],[117.1009742,23.3968189],[117.1008924,23.3968312]]],[[[117.100832,23.3966453],[117.1009111,23.3966539],[117.100879,23.3966084],[117.100832,23.3966453]]],[[[117.1008307,23.396393],[117.1008642,23.3964558],[117.1009111,23.3964287],[117.1008307,23.396393]]],[[[117.1006483,23.3965567],[117.1007086,23.3966392],[117.1006952,23.3965395],[117.1006483,23.3965567]]],[[[117.0996277,23.396201],[117.0997015,23.3962552],[117.0996518,23.3961616],[117.0996277,23.396201]]],[[[117.0995995,23.396137],[117.099672,23.3960742],[117.0996009,23.3960668],[117.0995995,23.396137]]],[[[117.0988539,23.3946686],[117.09887,23.3950379],[117.099055,23.3948557],[117.0988539,23.3946686]]],[[[117.0982289,23.3941418],[117.0983952,23.3941787],[117.098406,23.3940212],[117.0982289,23.3941418]]],[[[117.0981029,23.3944643],[117.0985642,23.3943313],[117.0981726,23.3942353],[117.0981029,23.3944643]]],[[[117.09648,23.47874],[117.1027238,23.479805],[117.0970199,23.47217],[117.09648,23.47874]]],[[[117.0939079,23.317232],[117.094911,23.3204445],[117.0963499,23.3174501],[117.0939079,23.317232]]],[[[117.093865,23.3169789],[117.0940393,23.3170257],[117.0939374,23.3168878],[117.093865,23.3169789]]],[[[117.0906463,23.3401207],[117.0909333,23.3402611],[117.0907402,23.3399458],[117.0906463,23.3401207]]],[[[117.0897746,23.3407807],[117.0906356,23.3399113],[117.0900241,23.3398793],[117.0897746,23.3407807]]],[[[117.0873043,23.4108632],[117.0873311,23.4109641],[117.0874035,23.4109247],[117.0873043,23.4108632]]],[[[117.0865908,23.4109223],[117.0866364,23.4110478],[117.0867357,23.4110059],[117.0865908,23.4109223]]],[[[117.0851076,23.3275356],[117.0851853,23.3278656],[117.0854509,23.3275553],[117.0851076,23.3275356]]],[[[117.0849305,23.3273903],[117.0851505,23.3274198],[117.0851237,23.3273385],[117.0849305,23.3273903]]],[[[117.0842868,23.4119253],[117.0843069,23.4119511],[117.0843096,23.4119031],[117.0842868,23.4119253]]],[[[117.0841835,23.4119068],[117.0842224,23.4118748],[117.0841862,23.4118711],[117.0841835,23.4119068]]],[[[117.0841098,23.4118871],[117.0841567,23.4118551],[117.0841178,23.4118367],[117.0841098,23.4118871]]],[[[117.0837477,23.4116742],[117.0837544,23.4117505],[117.0837852,23.411689],[117.0837477,23.4116742]]],[[[117.0832434,23.4112718],[117.0833319,23.411449],[117.0833802,23.4111906],[117.0832434,23.4112718]]],[[[117.0829752,23.4119413],[117.0831361,23.4119634],[117.0830342,23.4118133],[117.0829752,23.4119413]]],[[[117.0828894,23.4114736],[117.0830691,23.4114712],[117.0829511,23.4112816],[117.0828894,23.4114736]]],[[[117.0820525,23.3318186],[117.082243,23.3318654],[117.0822537,23.3316511],[117.0820525,23.3318186]]],[[[117.0809823,23.3319294],[117.0812908,23.331959],[117.0810655,23.3317841],[117.0809823,23.3319294]]],[[[117.0787206,23.3356259],[117.0810716,23.3327278],[117.0790243,23.3309738],[117.0787206,23.3356259]]],[[[117.0525268,23.4032868],[117.0525496,23.4034911],[117.0527105,23.4032794],[117.0525268,23.4032868]]],[[[117.052221,23.4028806],[117.0523109,23.4030135],[117.0524007,23.4027834],[117.052221,23.4028806]]],[[[117.0412264,23.4055372],[117.0412346,23.4056416],[117.041324,23.4055484],[117.0412264,23.4055372]]],[[[117.0110209,23.4561773],[117.0114447,23.4563336],[117.0115373,23.4559694],[117.0110209,23.4561773]]],[[[117.0100754,23.4560395],[117.0103061,23.4558796],[117.0101747,23.4557209],[117.0100754,23.4560395]]],[[[117.0096463,23.4550442],[117.0099655,23.4550824],[117.0099373,23.4548338],[117.0096463,23.4550442]]],[[[117.0094404,23.4704537],[117.0103625,23.4707922],[117.010067,23.4701443],[117.0094404,23.4704537]]],[[[117.0071804,23.4639388],[117.0088301,23.4680901],[117.0115559,23.4650625],[117.0071804,23.4639388]]],[[[117.0033015,23.4630483],[117.0037253,23.4628502],[117.0034048,23.4625439],[117.0033015,23.4630483]]],[[[117.0032573,23.4629093],[117.0033002,23.4629449],[117.0033216,23.4628071],[117.0032573,23.4629093]]],[[[117.0026618,23.463314],[117.0030226,23.463501],[117.0032157,23.4628711],[117.0026618,23.463314]]],[[[117.0023976,23.4638577],[117.0027477,23.4637372],[117.0024137,23.4636129],[117.0023976,23.4638577]]],[[[116.9579205,23.4536374],[116.9692033,23.4569444],[116.9595596,23.4512122],[116.9579205,23.4536374]]],[[[116.9491158,23.4494396],[116.9552163,23.4530689],[116.9536388,23.4468278],[116.9491158,23.4494396]]],[[[116.9181347,23.459066],[116.9182017,23.459066],[116.9181977,23.4590094],[116.9181347,23.459066]]],[[[116.9158293,23.4573842],[116.9159058,23.4573326],[116.9158454,23.4573104],[116.9158293,23.4573842]]],[[[116.9157636,23.4574863],[116.9157945,23.4575774],[116.9158562,23.4574802],[116.9157636,23.4574863]]],[[[116.9152848,23.4649022],[116.9153573,23.4649711],[116.9153693,23.464885],[116.9152848,23.4649022]]],[[[116.9151266,23.4649551],[116.9151762,23.4650166],[116.9152138,23.4648973],[116.9151266,23.4649551]]],[[[116.9150327,23.4651249],[116.9151038,23.4651421],[116.9151252,23.4650744],[116.9150327,23.4651249]]],[[[116.9144574,23.4596085],[116.915451,23.4646702],[116.91884,23.4626599],[116.9144574,23.4596085]]],[[[116.8889248,23.5538254],[116.9021497,23.5525851],[116.8935604,23.5465922],[116.8889248,23.5538254]]],[[[116.8678038,23.41862],[116.8720317,23.4180305],[116.8704215,23.4170769],[116.8678038,23.41862]]],[[[116.8478246,23.4167461],[116.8483989,23.4176907],[116.8497134,23.4166324],[116.8478246,23.4167461]]],[[[116.8071489,23.2371748],[116.8072012,23.2372376],[116.8072374,23.2371538],[116.8071489,23.2371748]]],[[[116.8070979,23.2402136],[116.8071006,23.2402592],[116.8071489,23.2402531],[116.8070979,23.2402136]]],[[[116.8070966,23.2403172],[116.80722,23.2403356],[116.807161,23.2402765],[116.8070966,23.2403172]]],[[[116.8070912,23.236826],[116.8072294,23.23681],[116.8071073,23.2366424],[116.8070912,23.236826]]],[[[116.8038712,23.2413338],[116.8040362,23.2413523],[116.8039598,23.2412586],[116.8038712,23.2413338]]],[[[116.8025489,23.2543817],[116.8026146,23.2544926],[116.8027139,23.2544224],[116.8025489,23.2543817]]],[[[116.8025181,23.2425315],[116.8025275,23.2425796],[116.8025784,23.2425513],[116.8025181,23.2425315]]],[[[116.8025114,23.242677],[116.8025489,23.2426893],[116.8025476,23.2426486],[116.8025114,23.242677]]],[[[116.8024698,23.2428002],[116.8026026,23.2427632],[116.8025422,23.2427102],[116.8024698,23.2428002]]],[[[116.802451,23.2540268],[116.8025127,23.2540022],[116.8024564,23.2539739],[116.802451,23.2540268]]],[[[116.8024349,23.2426166],[116.8024805,23.2426166],[116.8024443,23.2425661],[116.8024349,23.2426166]]],[[[116.8023719,23.2419327],[116.8024752,23.2419401],[116.802396,23.2418895],[116.8023719,23.2419327]]],[[[116.8023317,23.2419943],[116.8023987,23.2420337],[116.8024121,23.2419622],[116.8023317,23.2419943]]],[[[116.8022995,23.2427644],[116.8023384,23.2427792],[116.8023236,23.2427189],[116.8022995,23.2427644]]],[[[116.8021452,23.242656],[116.8022901,23.2427238],[116.802443,23.2425377],[116.8021452,23.242656]]],[[[116.8020433,23.2421804],[116.8020473,23.2422087],[116.8021117,23.2421816],[116.8020433,23.2421804]]],[[[116.8019615,23.2421508],[116.8019722,23.2421914],[116.8020152,23.2422025],[116.8019615,23.2421508]]],[[[116.8012574,23.2294677],[116.8013996,23.2294492],[116.8013808,23.2293149],[116.8012574,23.2294677]]],[[[116.8005238,23.2522772],[116.8005922,23.2522402],[116.8005493,23.2522032],[116.8005238,23.2522772]]],[[[116.8004769,23.2535993],[116.8005145,23.2539788],[116.8006432,23.2536338],[116.8004769,23.2535993]]],[[[116.8002261,23.2535969],[116.8003602,23.253688],[116.8003374,23.2535106],[116.8002261,23.2535969]]],[[[116.800155,23.2532974],[116.8016101,23.253773],[116.8012574,23.2521453],[116.800155,23.2532974]]],[[[116.800041,23.2537324],[116.8001738,23.253789],[116.8001711,23.2536276],[116.800041,23.2537324]]],[[[116.7998332,23.2531767],[116.7999136,23.253173],[116.7998828,23.2530103],[116.7998332,23.2531767]]],[[[116.7997165,23.2530658],[116.7997608,23.2530325],[116.7997393,23.2530066],[116.7997165,23.2530658]]],[[[116.7991237,23.244476],[116.799168,23.2444625],[116.7991412,23.2444132],[116.7991237,23.244476]]],[[[116.7983982,23.2195934],[116.7985243,23.2195392],[116.7984022,23.2194653],[116.7983982,23.2195934]]],[[[116.7980146,23.2194073],[116.7981796,23.2192853],[116.7980227,23.2192397],[116.7980146,23.2194073]]],[[[116.7979288,23.2197364],[116.7980026,23.2197068],[116.7979529,23.2196588],[116.7979288,23.2197364]]],[[[116.7974272,23.2199558],[116.7977853,23.2197241],[116.7975412,23.2196785],[116.7974272,23.2199558]]],[[[116.7972851,23.2198781],[116.7973562,23.2199151],[116.7973039,23.2198054],[116.7972851,23.2198781]]],[[[116.7969847,23.2201025],[116.7970531,23.2201961],[116.7970973,23.2201123],[116.7969847,23.2201025]]],[[[116.7968774,23.2203305],[116.79699,23.2203169],[116.7968975,23.2202627],[116.7968774,23.2203305]]],[[[116.7961907,23.2217663],[116.7962471,23.2217946],[116.7962404,23.2217071],[116.7961907,23.2217663]]],[[[116.7958193,23.221648],[116.7958796,23.2217355],[116.7959319,23.2216332],[116.7958193,23.221648]]],[[[116.7957415,23.2217318],[116.7957441,23.2218082],[116.7958152,23.2217478],[116.7957415,23.2217318]]],[[[116.7916739,23.2421545],[116.7917785,23.2421397],[116.7917195,23.2420091],[116.7916739,23.2421545]]],[[[116.7915478,23.2417084],[116.7915907,23.2417848],[116.7916498,23.2417256],[116.7915478,23.2417084]]],[[[116.7913359,23.2419228],[116.7914808,23.2421693],[116.7915317,23.241839],[116.7913359,23.2419228]]],[[[116.791085,23.2775609],[116.7911771,23.277536],[116.7911461,23.2774847],[116.791085,23.2775609]]],[[[116.791021,23.2775698],[116.7910555,23.2775686],[116.7910264,23.277555],[116.791021,23.2775698]]],[[[116.790888,23.2420263],[116.7909229,23.2421495],[116.7911482,23.2420288],[116.790888,23.2420263]]],[[[116.7908743,23.2775684],[116.7908802,23.2776113],[116.7909966,23.2775591],[116.7908743,23.2775684]]],[[[116.7907619,23.2777142],[116.7908786,23.2777007],[116.7908531,23.2776649],[116.7907619,23.2777142]]],[[[116.790652,23.2417577],[116.79066,23.2418292],[116.7907056,23.2417971],[116.790652,23.2417577]]],[[[116.7903087,23.2115464],[116.7904079,23.2115501],[116.7903355,23.2114182],[116.7903087,23.2115464]]],[[[116.7901812,23.2116819],[116.7902496,23.2117128],[116.790255,23.2116524],[116.7901812,23.2116819]]],[[[116.7893275,23.2776962],[116.790603,23.2778095],[116.7909665,23.277172],[116.7893275,23.2776962]]],[[[116.7892532,23.2823807],[116.789268,23.2824177],[116.7893203,23.2823918],[116.7892532,23.2823807]]],[[[116.788879,23.281474],[116.7889555,23.2815073],[116.7889367,23.281458],[116.788879,23.281474]]],[[[116.7883372,23.211751],[116.7884043,23.2118496],[116.7884257,23.2117473],[116.7883372,23.211751]]],[[[116.7882977,23.2817004],[116.7890817,23.2824852],[116.7894016,23.2815989],[116.7882977,23.2817004]]],[[[116.7877364,23.2821035],[116.7877458,23.2821565],[116.788018,23.2821442],[116.7877364,23.2821035]]],[[[116.7865495,23.2125373],[116.7866702,23.2124868],[116.7866032,23.2123759],[116.7865495,23.2125373]]],[[[116.7860694,23.2125312],[116.7862169,23.2124609],[116.7861392,23.2124215],[116.7860694,23.2125312]]],[[[116.7763531,23.2799674],[116.7764282,23.2799699],[116.7763638,23.2798984],[116.7763531,23.2799674]]],[[[116.7762995,23.2784349],[116.7764577,23.2784349],[116.7764148,23.2783487],[116.7762995,23.2784349]]],[[[116.7760769,23.2796915],[116.7762431,23.2799083],[116.7763209,23.2797407],[116.7760769,23.2796915]]],[[[116.7758462,23.2820469],[116.7760178,23.2819951],[116.7759132,23.2819237],[116.7758462,23.2820469]]],[[[116.7757523,23.2803345],[116.7758328,23.280332],[116.7758408,23.2801965],[116.7757523,23.2803345]]],[[[116.7756209,23.2799575],[116.7758462,23.2800832],[116.7759132,23.2798836],[116.7756209,23.2799575]]],[[[116.7755619,23.2789104],[116.7755967,23.2789843],[116.7756799,23.2789498],[116.7755619,23.2789104]]],[[[116.7755109,23.280167],[116.7755109,23.2802655],[116.7755672,23.280167],[116.7755109,23.280167]]],[[[116.7755082,23.2804134],[116.7756101,23.2804676],[116.7755753,23.2803222],[116.7755082,23.2804134]]],[[[116.7754546,23.279992],[116.7754626,23.2801177],[116.7755887,23.2799945],[116.7754546,23.279992]]],[[[116.7754278,23.2793933],[116.7755002,23.2794746],[116.7755082,23.279381],[116.7754278,23.2793933]]],[[[116.7753017,23.2796323],[116.7753634,23.2797506],[116.7754519,23.2796077],[116.7753017,23.2796323]]],[[[116.7625049,23.3029284],[116.762639,23.3029653],[116.7626256,23.3027929],[116.7625049,23.3029284]]],[[[116.7621884,23.2280245],[116.7624029,23.2279974],[116.7622393,23.2279038],[116.7621884,23.2280245]]],[[[116.7620596,23.3142694],[116.7621723,23.3142867],[116.7621347,23.3141266],[116.7620596,23.3142694]]],[[[116.7618263,23.314166],[116.7620806,23.3140667],[116.7619067,23.3140502],[116.7618263,23.314166]]],[[[116.7616278,23.314299],[116.7617109,23.3145847],[116.7618558,23.3144739],[116.7616278,23.314299]]],[[[116.7614695,23.3242943],[116.7616332,23.3244519],[116.7617163,23.3242647],[116.7614695,23.3242943]]],[[[116.7614669,23.3148778],[116.7618826,23.3150478],[116.762175,23.3145305],[116.7614669,23.3148778]]],[[[116.7612416,23.3243189],[116.7613891,23.3243534],[116.7613944,23.3242623],[116.7612416,23.3243189]]],[[[116.7609706,23.2279999],[116.7610082,23.2280862],[116.7610672,23.2280393],[116.7609706,23.2279999]]],[[[116.7608513,23.2262548],[116.7609398,23.2263029],[116.7609841,23.226224],[116.7608513,23.2262548]]],[[[116.7607641,23.3256366],[116.7609706,23.3255652],[116.7607936,23.3254691],[116.7607641,23.3256366]]],[[[116.7605254,23.2260626],[116.7606997,23.2262277],[116.7613515,23.2258432],[116.7605254,23.2260626]]],[[[116.7589697,23.2293235],[116.7590502,23.2292643],[116.7589751,23.2292594],[116.7589697,23.2293235]]],[[[116.7570385,23.2280936],[116.7570922,23.2281552],[116.7571244,23.2280467],[116.7570385,23.2280936]]],[[[116.7563143,23.2298164],[116.7563519,23.2298953],[116.7564404,23.2298534],[116.7563143,23.2298164]]],[[[116.7561051,23.2295355],[116.7562017,23.2295995],[116.7562044,23.2294788],[116.7561051,23.2295355]]],[[[116.7559844,23.2299224],[116.7561427,23.2299693],[116.7561051,23.2298879],[116.7559844,23.2299224]]],[[[116.7559576,23.2297745],[116.7560354,23.2297819],[116.7560407,23.2297055],[116.7559576,23.2297745]]],[[[116.7558423,23.2303414],[116.7559978,23.2303365],[116.755971,23.2302502],[116.7558423,23.2303414]]],[[[116.7556813,23.2313446],[116.7556947,23.2313963],[116.7557779,23.2313643],[116.7556813,23.2313446]]],[[[116.7554963,23.2316576],[116.7557055,23.23184],[116.7558905,23.2316896],[116.7554963,23.2316576]]],[[[116.7538591,23.3291421],[116.7587795,23.326571],[116.7579703,23.3246854],[116.7538591,23.3291421]]],[[[116.753211,23.2345561],[116.7533076,23.2346202],[116.7533371,23.2345561],[116.753211,23.2345561]]],[[[116.7530581,23.2370725],[116.7530997,23.23716],[116.7531118,23.2370799],[116.7530581,23.2370725]]],[[[116.7529388,23.2372561],[116.7529616,23.2372894],[116.7529938,23.2372549],[116.7529388,23.2372561]]],[[[116.7529146,23.2370503],[116.7529991,23.2371206],[116.7529978,23.2370553],[116.7529146,23.2370503]]],[[[116.752869,23.2372364],[116.7529026,23.2372463],[116.7528704,23.2371982],[116.752869,23.2372364]]],[[[116.7523286,23.2367533],[116.7524292,23.236831],[116.7524292,23.2366868],[116.7523286,23.2367533]]],[[[116.7522937,23.2368507],[116.7523286,23.2368914],[116.7523406,23.2368569],[116.7522937,23.2368507]]],[[[116.7522575,23.2371427],[116.7523058,23.2371883],[116.7523192,23.2371464],[116.7522575,23.2371427]]],[[[116.7522052,23.2372339],[116.7522602,23.2372339],[116.7522401,23.2371982],[116.7522052,23.2372339]]],[[[116.7521623,23.2372771],[116.7522843,23.2373818],[116.7523044,23.2372586],[116.7521623,23.2372771]]],[[[116.7519061,23.2372192],[116.7520255,23.2372746],[116.7521113,23.2371144],[116.7519061,23.2372192]]],[[[116.7517921,23.2374188],[116.7518619,23.2374311],[116.7519021,23.2373411],[116.7517921,23.2374188]]],[[[116.7516862,23.2376961],[116.7518578,23.2377626],[116.7517318,23.2376406],[116.7516862,23.2376961]]],[[[116.7512061,23.2380756],[116.7512409,23.2381101],[116.7512999,23.2380238],[116.7512061,23.2380756]]],[[[116.7498247,23.2380238],[116.7498904,23.2381274],[116.7499092,23.2380547],[116.7498247,23.2380238]]],[[[116.7496008,23.2379277],[116.7498529,23.237749],[116.7496745,23.23768],[116.7496008,23.2379277]]],[[[116.7491277,23.3341808],[116.7492215,23.3341378],[116.7491357,23.3340912],[116.7491277,23.3341808]]],[[[116.7482342,23.2396788],[116.7483884,23.2396209],[116.7482704,23.2395556],[116.7482342,23.2396788]]],[[[116.7455593,23.2427182],[116.7456036,23.2427244],[116.7455741,23.2426807],[116.7455593,23.2427182]]],[[[116.745558,23.2431015],[116.7456056,23.2430768],[116.7455775,23.2430676],[116.745558,23.2431015]]],[[[116.7455426,23.2429283],[116.7455929,23.2429129],[116.7455593,23.2428766],[116.7455426,23.2429283]]],[[[116.7454863,23.2427743],[116.7456009,23.2428162],[116.7455982,23.2427774],[116.7454863,23.2427743]]],[[[116.7454829,23.242884],[116.7455158,23.2429068],[116.7455312,23.2428778],[116.7454829,23.242884]]],[[[116.745379,23.243298],[116.745436,23.2433029],[116.7454205,23.2432512],[116.745379,23.243298]]],[[[116.7447023,23.3397236],[116.7515084,23.3376726],[116.7456553,23.3345981],[116.7447023,23.3397236]]],[[[116.7154915,23.3258568],[116.7162801,23.3263642],[116.7167092,23.3251819],[116.7154915,23.3258568]]],[[[116.7146346,23.3256576],[116.7149472,23.32654],[116.7149914,23.3255511],[116.7146346,23.3256576]]],[[[116.6765307,23.2048633],[116.6770793,23.2047721],[116.6769296,23.2045451],[116.6765307,23.2048633]]],[[[116.6635716,23.1934969],[116.6636279,23.1935043],[116.663636,23.1934279],[116.6635716,23.1934969]]],[[[116.6633771,23.1913064],[116.6635394,23.1912891],[116.6634187,23.191209],[116.6633771,23.1913064]]],[[[116.6633221,23.1911264],[116.6635515,23.1911597],[116.663636,23.1910758],[116.6633221,23.1911264]]],[[[116.6632994,23.1907603],[116.6633677,23.1908712],[116.6637003,23.1907036],[116.6632994,23.1907603]]],[[[116.6632041,23.1905827],[116.6632846,23.1907048],[116.6633838,23.1905618],[116.6632041,23.1905827]]],[[[116.6631706,23.1915209],[116.6633825,23.191601],[116.6633932,23.1914592],[116.6631706,23.1915209]]],[[[116.6550261,23.1675149],[116.6551535,23.1674989],[116.6550529,23.1673793],[116.6550261,23.1675149]]],[[[116.6527435,23.1770034],[116.6528629,23.177065],[116.652938,23.1768764],[116.6527435,23.1770034]]],[[[116.6526094,23.1768579],[116.6526751,23.1769812],[116.6527516,23.1767839],[116.6526094,23.1768579]]],[[[116.6524807,23.1745869],[116.6524994,23.1747682],[116.6526563,23.1745191],[116.6524807,23.1745869]]],[[[116.6519308,23.1749741],[116.6520917,23.1751664],[116.6524404,23.1748212],[116.6519308,23.1749741]]],[[[116.6513622,23.1681832],[116.6515741,23.1692805],[116.6525504,23.1682522],[116.6513622,23.1681832]]],[[[116.6439056,23.1632118],[116.6440666,23.1635077],[116.6441631,23.1633105],[116.6439056,23.1632118]]],[[[116.6421729,23.1633105],[116.6424385,23.1633376],[116.6424787,23.162911],[116.6421729,23.1633105]]],[[[116.6402604,23.3377452],[116.6414243,23.3370876],[116.6404494,23.3370682],[116.6402604,23.3377452]]],[[[116.6234806,23.1823515],[116.6235369,23.1823317],[116.6235021,23.1822911],[116.6234806,23.1823515]]],[[[116.6227725,23.1819853],[116.6227899,23.182079],[116.6228744,23.1820359],[116.6227725,23.1819853]]],[[[116.6203156,23.1769713],[116.6220537,23.1775261],[116.620447,23.1768086],[116.6203156,23.1769713]]]]}},{"type":"Feature","properties":{"name":"佛山市","osm_relation":3464719},"geometry":{"type":"MultiPolygon","coordinates":[[[[112.3871532,22.772409],[112.4081773,22.7771204],[112.4361109,22.7904108],[112.4384635,22.7943211],[112.4482465,22.7947006],[112.4581165,22.7919688],[112.4669445,22.7965949],[112.4776042,22.7977412],[112.4832637,22.8095182],[112.4952603,22.8152517],[112.4969704,22.8209359],[112.4979654,22.8435565],[112.4927101,22.8525603],[112.4813174,22.8535973],[112.4707349,22.8687502],[112.4792347,22.8831147],[112.4722176,22.8932498],[112.4772649,22.8992581],[112.4865974,22.9038963],[112.4925088,22.9021092],[112.5023067,22.9042601],[112.5042321,22.9117045],[112.5091684,22.9067739],[112.5175884,22.9150495],[112.5162924,22.9070259],[112.5236832,22.9102744],[112.5200937,22.9001138],[112.531208,22.8966327],[112.5301824,22.9070325],[112.5456991,22.9194127],[112.5671815,22.9158786],[112.5752693,22.9048226],[112.5870893,22.8981466],[112.5980737,22.9006207],[112.6017949,22.8858936],[112.597165,22.8790937],[112.5902117,22.8763849],[112.5939068,22.8717749],[112.6085248,22.8804793],[112.610183,22.8759292],[112.6274754,22.8804486],[112.630582,22.8866585],[112.6470137,22.8908796],[112.654228,22.8900844],[112.6713366,22.8983051],[112.6724826,22.9056379],[112.6795579,22.9014891],[112.6873704,22.9049313],[112.6814062,22.910467],[112.6920477,22.9178376],[112.685008,22.9300901],[112.6756755,22.9344218],[112.6676231,22.9433614],[112.6817698,22.9512861],[112.6946171,22.9511881],[112.6995474,22.9469287],[112.6986099,22.9385597],[112.7037224,22.930561],[112.7235753,22.9387493],[112.7289046,22.9435317],[112.7309708,22.9542845],[112.7362492,22.9657064],[112.7310928,22.9666223],[112.7280196,22.9758825],[112.7296083,22.9839619],[112.7399908,22.9929939],[112.757629,22.9820758],[112.7660492,22.9927879],[112.7824818,23.0011077],[112.7821171,23.0065958],[112.7887754,23.0032915],[112.7835058,23.0016836],[112.7830368,22.9946561],[112.789704,22.9931701],[112.7991269,22.9993231],[112.8113901,23.0109899],[112.8275528,23.0178509],[112.8265763,23.0266684],[112.814878,23.0500274],[112.8113297,23.0766884],[112.7981718,23.0981884],[112.7934873,23.1145439],[112.7925108,23.1377354],[112.7876968,23.1512069],[112.7702791,23.171115],[112.7704525,23.1820655],[112.7671051,23.1941762],[112.7673626,23.202657],[112.7592945,23.2060491],[112.761016,23.2161688],[112.7678164,23.2182592],[112.7642362,23.2259921],[112.7763106,23.2285022],[112.7807143,23.2266034],[112.7758677,23.2212022],[112.781137,23.208611],[112.7898349,23.2124763],[112.7901042,23.228984],[112.7946358,23.2309008],[112.8014063,23.2150777],[112.7957201,23.2030991],[112.8057377,23.2030682],[112.8098612,23.2198324],[112.8268314,23.2184093],[112.8378641,23.2272221],[112.8421355,23.2413911],[112.8259425,23.2468799],[112.8164228,23.2362029],[112.8153298,23.2424867],[112.8226047,23.2529729],[112.8399051,23.2660703],[112.8428303,23.2778132],[112.8563059,23.2941693],[112.8620818,23.2967885],[112.8662504,23.3183766],[112.8758515,23.339384],[112.8834885,23.3482443],[112.8704957,23.3532749],[112.8588289,23.3518772],[112.8546099,23.3672903],[112.8332905,23.3900742],[112.8089332,23.3944542],[112.8007468,23.3901522],[112.8014155,23.3790721],[112.8049142,23.3740019],[112.8013891,23.3700919],[112.7886551,23.3716407],[112.7804603,23.3765699],[112.780513,23.3967934],[112.7826053,23.4057994],[112.7889419,23.4101956],[112.7911901,23.4317237],[112.7984643,23.4383926],[112.7975004,23.4468542],[112.8066238,23.4651856],[112.8259212,23.4708084],[112.8331439,23.4876921],[112.8406176,23.4898619],[112.8401658,23.5056545],[112.8453138,23.5303005],[112.8356178,23.5387599],[112.8264686,23.5402766],[112.8253401,23.5484197],[112.8208172,23.5621197],[112.8220158,23.5697123],[112.8314766,23.5680611],[112.8434131,23.5696363],[112.8577878,23.576193],[112.8665901,23.5736475],[112.8890558,23.554923],[112.8870409,23.55853],[112.8952448,23.5694962],[112.9035177,23.5635428],[112.9102965,23.555106],[112.9061038,23.5444328],[112.8881963,23.529187],[112.8826484,23.5201902],[112.8891506,23.5133256],[112.8918329,23.5021041],[112.9002965,23.4891028],[112.9086558,23.4914077],[112.9233516,23.4862467],[112.9206518,23.4751488],[112.9284299,23.4747619],[112.9229523,23.469849],[112.9251225,23.4658672],[112.9371451,23.4629348],[112.9382966,23.4593052],[112.947926,23.4562009],[112.9540443,23.4486011],[112.9610395,23.4532074],[112.9611037,23.4634985],[112.9699473,23.4654518],[112.9691246,23.456673],[112.964371,23.4478068],[112.9582103,23.4472873],[112.9523727,23.4341745],[112.9543902,23.4275583],[112.9634274,23.4359048],[112.9698616,23.4370072],[112.9734295,23.4442541],[112.9838811,23.4459454],[112.9833343,23.4409715],[112.976442,23.4369716],[112.9834382,23.4224514],[112.9958165,23.4089394],[112.9853308,23.4052913],[112.9808607,23.3984834],[112.9831173,23.3927718],[112.9753134,23.381904],[112.9805306,23.3717111],[112.9813117,23.3602541],[112.9846185,23.357388],[113.0049315,23.3567501],[113.0099744,23.3448486],[113.0129779,23.3439308],[113.0294107,23.3599177],[113.0379868,23.353623],[113.0239937,23.3383702],[113.0181252,23.3274615],[113.0291087,23.3191546],[113.0271188,23.3034273],[113.0371439,23.285968],[113.0459984,23.2808967],[113.0474275,23.2657247],[113.0394882,23.2547396],[113.047475,23.2554496],[113.0551505,23.25223],[113.0726912,23.2511767],[113.0760585,23.2623849],[113.0736743,23.2701876],[113.0664351,23.2812883],[113.0691725,23.2875743],[113.0832982,23.2888539],[113.0935335,23.2943911],[113.099062,23.2925321],[113.1042898,23.2964242],[113.1059477,23.311421],[113.1085078,23.3085049],[113.1179271,23.3102235],[113.1229048,23.3165047],[113.1256306,23.3110386],[113.1315837,23.311964],[113.1462751,23.3029815],[113.1437476,23.2937566],[113.1474005,23.2875706],[113.1573791,23.2884303],[113.1600571,23.2802251],[113.1684859,23.2794876],[113.1734299,23.275158],[113.1764248,23.2503276],[113.171649,23.2266121],[113.1762481,23.2173351],[113.1828437,23.2175329],[113.1990308,23.2045187],[113.2037646,23.1955504],[113.2029917,23.1848943],[113.2058076,23.1792963],[113.197342,23.1756224],[113.1845881,23.1641567],[113.1811361,23.1575202],[113.1832229,23.1477776],[113.1890194,23.1494048],[113.2063497,23.1460664],[113.2083459,23.1438443],[113.2058312,23.125189],[113.1998128,23.1247065],[113.1982255,23.1192091],[113.2016459,23.1109172],[113.2014343,23.1025247],[113.2102605,23.1030193],[113.2077833,23.0916613],[113.2037286,23.0861633],[113.1882874,23.0863977],[113.1721437,23.0801261],[113.1722739,23.0715571],[113.1808111,23.0616478],[113.1910217,23.0584726],[113.2069795,23.0458064],[113.2208262,23.0441074],[113.2282527,23.0459182],[113.2505753,23.0468134],[113.2550544,23.0200007],[113.2478591,23.0221691],[113.2490135,23.0149251],[113.2446624,23.0111756],[113.2452493,23.0019307],[113.2521554,22.9970589],[113.2458544,22.9910422],[113.2449768,22.9751167],[113.2618602,22.9623935],[113.2629297,22.9573579],[113.2823803,22.9534056],[113.2930642,22.937091],[113.2769224,22.9303062],[113.2782284,22.9145742],[113.2811584,22.9043836],[113.2722471,22.903487],[113.271047,22.8963298],[113.2941846,22.8810323],[113.2961383,22.8689685],[113.2909472,22.8652718],[113.3002035,22.8539575],[113.3040664,22.8541864],[113.3046071,22.8402249],[113.3077043,22.8319835],[113.3256203,22.8255041],[113.3301817,22.8212781],[113.3578049,22.826067],[113.3741742,22.8225157],[113.3879656,22.8124806],[113.3761328,22.8010116],[113.3561278,22.7959461],[113.3512723,22.7964315],[113.3560687,22.7806852],[113.3598133,22.7761183],[113.3529869,22.7678058],[113.3369004,22.7610439],[113.3245591,22.7529173],[113.3243301,22.7444953],[113.2965562,22.7391534],[113.2867653,22.7418062],[113.2739505,22.7389636],[113.2621035,22.7280253],[113.2568405,22.7314935],[113.2516002,22.7419165],[113.2427607,22.7476336],[113.2309708,22.7436365],[113.2282171,22.7348944],[113.2167253,22.7146941],[113.2039728,22.7013545],[113.1989065,22.7000086],[113.1989595,22.6922268],[113.1938137,22.6855948],[113.195688,22.6786828],[113.184003,22.6765845],[113.1717318,22.685008],[113.1613571,22.6771754],[113.1559975,22.6764183],[113.1474937,22.6833958],[113.1335947,22.6983952],[113.1250025,22.7031356],[113.1135463,22.7047675],[113.0970647,22.7007128],[113.0824361,22.7196613],[113.0765247,22.7400503],[113.074336,22.7562769],[113.0743319,22.7718463],[113.0651092,22.7879726],[113.0533504,22.8049452],[113.0441321,22.8104429],[113.0331802,22.8091385],[113.0222031,22.8047795],[112.9967975,22.8051319],[112.9837052,22.8025691],[112.9714636,22.8089976],[112.955675,22.830143],[112.9191454,22.8595041],[112.90487,22.856142],[112.8954948,22.8443598],[112.8926742,22.8503346],[112.8839496,22.8487172],[112.878689,22.8551583],[112.871259,22.8490588],[112.8685942,22.8511587],[112.8628473,22.8383878],[112.8552262,22.8367339],[112.8464413,22.8428927],[112.8394791,22.8382189],[112.8455736,22.8330879],[112.8478826,22.8125744],[112.8379691,22.8136022],[112.829054,22.806241],[112.8145398,22.8060569],[112.8069532,22.7945835],[112.8172396,22.7874392],[112.8129861,22.7775569],[112.8128735,22.7683137],[112.80638,22.7682253],[112.7987763,22.755024],[112.8052522,22.7533811],[112.8019451,22.7387279],[112.8027948,22.7316844],[112.7933159,22.7258893],[112.7731256,22.7180731],[112.7642973,22.7041148],[112.757387,22.7029603],[112.7505993,22.6952733],[112.7393492,22.6996005],[112.7361549,22.6942383],[112.728906,22.701098],[112.722283,22.696261],[112.719809,22.700495],[112.712874,22.694571],[112.707109,22.700021],[112.703152,22.713184],[112.697534,22.712509],[112.697544,22.706376],[112.691832,22.698147],[112.687326,22.708164],[112.693794,22.716747],[112.683993,22.7149],[112.684966,22.721539],[112.689892,22.717338],[112.701563,22.721174],[112.70388,22.732432],[112.697083,22.730363],[112.693776,22.735221],[112.702717,22.746949],[112.697509,22.759459],[112.691259,22.761936],[112.683967,22.757348],[112.684158,22.753394],[112.675417,22.749989],[112.681181,22.743023],[112.678403,22.738715],[112.689045,22.738921],[112.696015,22.731302],[112.685278,22.729299],[112.680295,22.736055],[112.670834,22.730413],[112.677465,22.724186],[112.670868,22.716051],[112.660608,22.727177],[112.667023,22.71645],[112.659627,22.715994],[112.655121,22.730319],[112.647223,22.727005],[112.6413548,22.7299916],[112.636085,22.7158943],[112.6282811,22.7183318],[112.6201739,22.7140865],[112.6159899,22.7041586],[112.6117362,22.7110225],[112.5992446,22.7092582],[112.5823438,22.6993965],[112.5952951,22.6918205],[112.5910423,22.6838326],[112.5833592,22.6847958],[112.5797662,22.6808421],[112.5786461,22.6673913],[112.5723787,22.6594208],[112.5580555,22.6511827],[112.5491319,22.6510398],[112.5414328,22.6452239],[112.531259,22.6515903],[112.5348261,22.659078],[112.5340451,22.6751824],[112.5305562,22.6806191],[112.5418313,22.6815819],[112.5507472,22.6864952],[112.5550699,22.6988475],[112.5517706,22.6971555],[112.5444531,22.7039323],[112.5333423,22.7212149],[112.5180817,22.7309633],[112.5023958,22.7262912],[112.4949737,22.7314972],[112.4804778,22.7217603],[112.4718403,22.7186571],[112.4755736,22.7136287],[112.4713718,22.7068011],[112.4627951,22.7079667],[112.4579512,22.7143834],[112.4503386,22.7103907],[112.443316,22.711107],[112.4415631,22.7042388],[112.4341841,22.6949935],[112.4304684,22.6836893],[112.4209811,22.6735196],[112.4065887,22.67388],[112.4028564,22.685567],[112.3984986,22.6852932],[112.3961635,22.6932399],[112.3977514,22.7028601],[112.4054173,22.7071447],[112.3937329,22.729123],[112.3874397,22.7470788],[112.3871532,22.772409]],[[113.0601587,23.2339729],[113.064299,23.2336638],[113.068677,23.2348969],[113.0766624,23.2406366],[113.0749433,23.2431366],[113.0634206,23.2384966],[113.0601587,23.2339729]],[[112.782857,23.0047462],[112.784906,23.0022613],[112.7838436,23.0055894],[112.782857,23.0047462]]]]}},{"type":"Feature","properties":{"name":"江门市","osm_relation":3463901},"geometry":{"type":"MultiPolygon","coordinates":[[[[111.998524,22.257995],[112.005365,22.269043],[112.014801,22.271066],[112.031338,22.26555],[112.0442196,22.2735074],[112.0561807,22.2862893],[112.0629869,22.2986959],[112.0569101,22.3072312],[112.0636115,22.3211613],[112.0597491,22.3270838],[112.0672143,22.3416822],[112.0765365,22.3537937],[112.0933941,22.3543259],[112.1025611,22.350144],[112.1146187,22.359028],[112.1144707,22.3404494],[112.11875,22.3405706],[112.1228992,22.3524268],[112.1294102,22.3518989],[112.1291666,22.3399183],[112.1419619,22.3418143],[112.1452522,22.3559852],[112.1391666,22.3613287],[112.1480217,22.3711783],[112.1487326,22.3786617],[112.1588544,22.3834352],[112.1601389,22.3877562],[112.1667977,22.3845232],[112.1698271,22.3726391],[112.1839505,22.3674548],[112.1811457,22.3788844],[112.18757,22.3872374],[112.1832298,22.4008593],[112.1911546,22.4015256],[112.1909808,22.4077501],[112.2059899,22.4019337],[112.221736,22.4108773],[112.2322743,22.409618],[112.2394273,22.411639],[112.2389156,22.4172894],[112.2308427,22.429918],[112.2303739,22.4356691],[112.2405385,22.4491535],[112.2452778,22.4613264],[112.2573354,22.4846903],[112.2526394,22.4894793],[112.2518405,22.5030843],[112.2722915,22.5146507],[112.2794272,22.5141689],[112.2960417,22.5181321],[112.302249,22.5307707],[112.2972569,22.5483615],[112.3026046,22.5596491],[112.2984202,22.5629536],[112.3039503,22.5752763],[112.3098878,22.575946],[112.3261553,22.5702283],[112.3187325,22.5573636],[112.3327607,22.5488916],[112.3372916,22.5534337],[112.3533425,22.5483144],[112.356493,22.552008],[112.3483076,22.559445],[112.3374738,22.5608576],[112.338203,22.5674217],[112.3590542,22.5612872],[112.3615459,22.5531251],[112.3721093,22.5551869],[112.3658681,22.5609763],[112.3741153,22.581519],[112.3712153,22.5880556],[112.3760511,22.5978059],[112.3850181,22.597437],[112.3907552,22.6053364],[112.3888198,22.6109676],[112.3929861,22.6225827],[112.3997836,22.6208833],[112.4018319,22.6311114],[112.3951133,22.6386092],[112.4080207,22.6497726],[112.4108253,22.6567691],[112.4073959,22.6594885],[112.4142274,22.6668965],[112.4191151,22.6647631],[112.4239064,22.6687504],[112.4299741,22.6639842],[112.4233165,22.658524],[112.4285247,22.6561611],[112.4323875,22.6482226],[112.4379866,22.6449674],[112.4337072,22.6361027],[112.4358079,22.6301108],[112.4304344,22.6226847],[112.4377002,22.6117798],[112.4364934,22.6087304],[112.4510592,22.6032795],[112.4583073,22.5876107],[112.4709376,22.5894471],[112.4778998,22.5951473],[112.5004001,22.6005037],[112.516641,22.6101692],[112.5143492,22.6223136],[112.5077085,22.6353666],[112.498906,22.6425477],[112.5051213,22.6520835],[112.5013888,22.6605446],[112.4939757,22.666215],[112.4951301,22.6715083],[112.4847919,22.6790218],[112.4874917,22.6897372],[112.4713718,22.7068011],[112.4755736,22.7136287],[112.4718403,22.7186571],[112.4804778,22.7217603],[112.4949737,22.7314972],[112.5023958,22.7262912],[112.5180817,22.7309633],[112.5333423,22.7212149],[112.5444531,22.7039323],[112.5517706,22.6971555],[112.5550699,22.6988475],[112.5507472,22.6864952],[112.5418313,22.6815819],[112.5305562,22.6806191],[112.5340451,22.6751824],[112.5348261,22.659078],[112.531259,22.6515903],[112.5414328,22.6452239],[112.5491319,22.6510398],[112.5580555,22.6511827],[112.5723787,22.6594208],[112.5786461,22.6673913],[112.5797662,22.6808421],[112.5833592,22.6847958],[112.5910423,22.6838326],[112.5952951,22.6918205],[112.5823438,22.6993965],[112.5992446,22.7092582],[112.6117362,22.7110225],[112.6159899,22.7041586],[112.6201739,22.7140865],[112.6282811,22.7183318],[112.636085,22.7158943],[112.6413548,22.7299916],[112.647223,22.727005],[112.655121,22.730319],[112.659627,22.715994],[112.667023,22.71645],[112.660608,22.727177],[112.670868,22.716051],[112.677465,22.724186],[112.670834,22.730413],[112.680295,22.736055],[112.685278,22.729299],[112.696015,22.731302],[112.689045,22.738921],[112.678403,22.738715],[112.681181,22.743023],[112.675417,22.749989],[112.684158,22.753394],[112.683967,22.757348],[112.691259,22.761936],[112.697509,22.759459],[112.702717,22.746949],[112.693776,22.735221],[112.697083,22.730363],[112.70388,22.732432],[112.701563,22.721174],[112.689892,22.717338],[112.684966,22.721539],[112.683993,22.7149],[112.693794,22.716747],[112.687326,22.708164],[112.691832,22.698147],[112.697544,22.706376],[112.697534,22.712509],[112.703152,22.713184],[112.707109,22.700021],[112.712874,22.694571],[112.719809,22.700495],[112.722283,22.696261],[112.728906,22.701098],[112.7361549,22.6942383],[112.7393492,22.6996005],[112.7505993,22.6952733],[112.757387,22.7029603],[112.7642973,22.7041148],[112.7731256,22.7180731],[112.7933159,22.7258893],[112.8027948,22.7316844],[112.8019451,22.7387279],[112.8052522,22.7533811],[112.7987763,22.755024],[112.80638,22.7682253],[112.8128735,22.7683137],[112.8129861,22.7775569],[112.8172396,22.7874392],[112.8069532,22.7945835],[112.8145398,22.8060569],[112.829054,22.806241],[112.8379691,22.8136022],[112.8478826,22.8125744],[112.8455736,22.8330879],[112.8394791,22.8382189],[112.8464413,22.8428927],[112.8552262,22.8367339],[112.8628473,22.8383878],[112.8685942,22.8511587],[112.871259,22.8490588],[112.878689,22.8551583],[112.8839496,22.8487172],[112.8926742,22.8503346],[112.8954948,22.8443598],[112.90487,22.856142],[112.9191454,22.8595041],[112.955675,22.830143],[112.9714636,22.8089976],[112.9837052,22.8025691],[112.9967975,22.8051319],[113.0222031,22.8047795],[113.0331802,22.8091385],[113.0441321,22.8104429],[113.0533504,22.8049452],[113.0651092,22.7879726],[113.0743319,22.7718463],[113.074336,22.7562769],[113.0765247,22.7400503],[113.0824361,22.7196613],[113.0970647,22.7007128],[113.1135463,22.7047675],[113.1250025,22.7031356],[113.1335947,22.6983952],[113.1474937,22.6833958],[113.1559975,22.6764183],[113.1606764,22.6706719],[113.1554443,22.6681448],[113.1607825,22.6607834],[113.1652469,22.6615002],[113.1657518,22.6530694],[113.1582414,22.6549295],[113.1525811,22.6408822],[113.1516078,22.6169526],[113.1603848,22.6090587],[113.160198,22.6045988],[113.1711825,22.5928837],[113.1793741,22.5778867],[113.1836633,22.5555506],[113.1819416,22.5427683],[113.19414,22.5292099],[113.2066486,22.521177],[113.2174893,22.5022481],[113.2285179,22.4898101],[113.2385755,22.4695148],[113.239322,22.4608308],[113.2514297,22.4411477],[113.251067,22.4140595],[113.2574658,22.394955],[113.2437375,22.4040666],[113.2310146,22.3956044],[113.2241428,22.4005591],[113.2134783,22.3984562],[113.2133174,22.4033018],[113.2068479,22.4023446],[113.2083177,22.3959714],[113.1972241,22.3864483],[113.1863987,22.3850297],[113.1823325,22.3984066],[113.1746399,22.4070115],[113.1601278,22.4014159],[113.1598469,22.3855578],[113.1763887,22.3749998],[113.1828689,22.3632131],[113.1882334,22.3621018],[113.1832142,22.3348552],[113.1802688,22.2972885],[113.1702508,22.2806829],[113.1703743,22.2716563],[113.1665323,22.260818],[113.1635346,22.2431495],[113.1589044,22.2359757],[113.1475938,22.229214],[113.1244228,22.2207433],[113.115854,22.2138082],[113.1119744,22.2191718],[113.1049658,22.2157495],[113.107457,22.2097997],[113.0954002,22.1972916],[113.0924155,22.1906372],[113.0909231,22.1773273],[113.0959224,22.1700784],[113.0967807,22.1425739],[113.0818462,22.1199939],[113.079330564,22.106313266],[113.0590461,22.1184694],[113.0302834,22.1389267],[113.0152872,22.1176382],[113.0245918,22.1071258],[113.0185314,22.0792486],[113.0120417,22.080592],[113.0099523,22.0734535],[113.0165318,22.0733516],[113.0148312,22.0650742],[113.0176556,22.0590785],[113.0143927,22.0444571],[113.0162595,22.0311557],[113.0216655,22.0257615],[113.0234519,22.0126834],[113.0277649,22.0128202],[113.0310908,21.9956872],[113.0239347,21.9968038],[113.0232896,21.9869477],[113.0261555,21.9806675],[113.0211586,21.9803691],[113.0213986,21.9710472],[113.0304194,21.9580519],[113.0294911,21.9504165],[113.0169509,21.9379266],[113.0055631,21.9363465],[112.9961928,21.9263008],[113.0048243,21.9293567],[112.9863175,21.9174747],[112.9886336,21.908623],[112.9837835,21.8994907],[112.9834883,21.8906519],[112.9680944,21.8866963],[112.9598595,21.8818912],[112.9573633,21.8733937],[112.9437125,21.8700269],[112.9371116,21.8720979],[112.9277922,21.8667026],[112.9275669,21.8554197],[112.9171854,21.8554913],[112.9068978,21.8521149],[112.8924488,21.861251],[112.8876275,21.8709678],[112.8911452,21.8791183],[112.8900837,21.8834902],[112.8837088,21.8881519],[112.8728264,21.8891425],[112.8669691,21.8941624],[112.8618836,21.9119907],[112.8453733,21.9124025],[112.8453009,21.9188723],[112.8584558,21.9208779],[112.8523967,21.9231994],[112.8524771,21.9333996],[112.8565608,21.9339259],[112.8569068,21.9395077],[112.8536667,21.9384404],[112.8314352,21.9560044],[112.8263792,21.9552942],[112.8269157,21.947775],[112.8029367,21.9468669],[112.7901238,21.943216],[112.7869655,21.9454152],[112.7747789,21.9406422],[112.7599966,21.9318035],[112.7497177,21.9219242],[112.7515376,21.9193998],[112.7433059,21.9129375],[112.7462228,21.9068283],[112.7444331,21.9002211],[112.7486368,21.8936236],[112.7373192,21.8880374],[112.7319226,21.8946135],[112.71479,21.8855597],[112.7113722,21.8911052],[112.7062082,21.8873455],[112.6945004,21.8717606],[112.688574,21.8609162],[112.6882618,21.8500073],[112.6759851,21.8519544],[112.6625794,21.839301],[112.6549673,21.8395786],[112.6595901,21.8281329],[112.6504759,21.8243221],[112.6468161,21.81071],[112.6437476,21.7856414],[112.6344913,21.7882952],[112.6335465,21.7848276],[112.6237283,21.7824708],[112.6238584,21.7815642],[112.6261577,21.7747195],[112.6126702,21.765685],[112.599121,21.7660088],[112.5932885,21.7608898],[112.5805441,21.7615972],[112.5703681,21.7612139],[112.5650273,21.7547026],[112.5438121,21.7649499],[112.5422137,21.77697],[112.5232494,21.7747345],[112.5117883,21.78336],[112.509259,21.7810262],[112.4939945,21.7881034],[112.4786764,21.7995012],[112.4593632,21.8076445],[112.4558723,21.8051219],[112.4327371,21.8144764],[112.4242038,21.8266707],[112.4144701,21.82249],[112.4142457,21.8044423],[112.4106046,21.8013647],[112.4135026,21.7941499],[112.4116527,21.7823579],[112.4164654,21.7744495],[112.4078182,21.7644544],[112.4108241,21.7622628],[112.4058817,21.7531087],[112.4110087,21.7525495],[112.4100333,21.7443255],[112.4019506,21.7352457],[112.3918683,21.7305865],[112.3768849,21.7296667],[112.3591883,21.7267815],[112.3493256,21.7221484],[112.3464705,21.7135248],[112.3432105,21.7177185],[112.3306655,21.720135],[112.3257375,21.7181301],[112.32433,21.7103358],[112.3160219,21.7110933],[112.3083897,21.7041406],[112.30646,21.70766],[112.3031614,21.7071656],[112.2984695,21.7170053],[112.3048907,21.7351796],[112.2994566,21.7470686],[112.309023,21.7529343],[112.3123926,21.7600577],[112.3220567,21.7701233],[112.327215,21.7709055],[112.3231094,21.7909456],[112.3231094,21.8015999],[112.3312476,21.8052628],[112.3407339,21.8136403],[112.3372208,21.8207523],[112.3535973,21.8357904],[112.3528214,21.841219],[112.3462692,21.8445024],[112.3461196,21.8507594],[112.3575767,21.8558346],[112.3548551,21.8587157],[112.3648708,21.8651127],[112.3598403,21.8695449],[112.3379527,21.8785026],[112.3435322,21.8905179],[112.345427,21.904095],[112.3405845,21.9080019],[112.3449047,21.9170226],[112.3417013,21.9230062],[112.3358685,21.9218165],[112.3338024,21.9402171],[112.3352692,21.9454188],[112.3248005,21.9624939],[112.3186462,21.965593],[112.3133243,21.9790432],[112.2942098,21.9890038],[112.290695,21.9855682],[112.2718581,21.9852501],[112.2667272,21.988004],[112.2685246,21.9963308],[112.2586722,22.0041585],[112.2545838,22.0030601],[112.244931,22.0091208],[112.23428,22.0089537],[112.228568,22.014425],[112.220564,22.01493],[112.226953,22.022338],[112.220217,22.02449],[112.216458,22.020638],[112.211615,22.042322],[112.212275,22.048054],[112.218317,22.044861],[112.226119,22.055545],[112.225295,22.06056],[112.217075,22.062316],[112.220946,22.069397],[112.215295,22.06734],[112.207214,22.071964],[112.193924,22.067446],[112.179869,22.069538],[112.168585,22.087874],[112.162518,22.088079],[112.151251,22.098368],[112.144444,22.093583],[112.139123,22.097607],[112.120825,22.099195],[112.121502,22.108155],[112.116441,22.115543],[112.101424,22.128118],[112.100582,22.13843],[112.084558,22.139991],[112.080998,22.133913],[112.067943,22.132833],[112.067118,22.127261],[112.029167,22.116148],[112.030131,22.119985],[112.022049,22.129792],[112.033568,22.134076],[112.042188,22.141782],[112.04586,22.149532],[112.039202,22.162906],[112.03145,22.170732],[112.036302,22.181706],[112.036363,22.19019],[112.046884,22.197452],[112.04632,22.210263],[112.032665,22.21778],[112.032683,22.234944],[112.018907,22.238],[112.016181,22.245642],[111.999098,22.251174],[111.998524,22.257995]]],[[[112.7040008,21.7004287],[112.7224969,21.7122639],[112.7208991,21.7205489],[112.7254611,21.7205695],[112.7373218,21.7289457],[112.7452299,21.72601],[112.7461101,21.7307892],[112.7540106,21.7325087],[112.7561831,21.7194174],[112.7679195,21.7240793],[112.7652045,21.731498],[112.779102,21.7382097],[112.7788934,21.7467709],[112.7726167,21.7521398],[112.7767128,21.7552075],[112.7749103,21.7616869],[112.77865,21.7662001],[112.780591,21.7603193],[112.7892856,21.7573561],[112.7960679,21.7582417],[112.80142,21.7695599],[112.804507,21.7670795],[112.8225982,21.7702894],[112.8297561,21.7782913],[112.8403455,21.7783461],[112.8437161,21.7716518],[112.8578094,21.7704552],[112.8634822,21.774306],[112.8694589,21.773098],[112.8672051,21.7681486],[112.8724748,21.7611982],[112.8607369,21.7453398],[112.8479482,21.7451964],[112.8397983,21.7404217],[112.8283137,21.741556],[112.8201962,21.7312477],[112.8036907,21.701754],[112.8005083,21.6912614],[112.8006529,21.6803812],[112.8084074,21.6759034],[112.8092284,21.6656597],[112.8159213,21.6587993],[112.79874,21.6426801],[112.7895566,21.6212284],[112.7923,21.6105799],[112.79832,21.6082001],[112.79599,21.5984401],[112.8014792,21.5977999],[112.8070602,21.6001491],[112.8058506,21.5934894],[112.81063,21.5914239],[112.8041215,21.5863096],[112.8022718,21.5826993],[112.787978,21.5770559],[112.7833394,21.577599],[112.7720598,21.5698866],[112.7624997,21.5754259],[112.7577335,21.5741874],[112.7695081,21.5853606],[112.7665048,21.5950917],[112.7529011,21.5858297],[112.7485013,21.5877807],[112.7539261,21.5969586],[112.7496111,21.6019152],[112.7617233,21.6143596],[112.7537272,21.6151657],[112.7523763,21.6212974],[112.7458264,21.6112832],[112.7294779,21.6064001],[112.7276176,21.6158562],[112.7358823,21.6237494],[112.7357337,21.6324991],[112.7437444,21.6349957],[112.7468929,21.6432187],[112.7472688,21.6499183],[112.76196,21.652319],[112.762729,21.6464492],[112.7711203,21.6506923],[112.7751303,21.6486331],[112.7794862,21.6546063],[112.7761066,21.6645676],[112.7830906,21.6690112],[112.7773243,21.6818263],[112.7734534,21.6782099],[112.7584952,21.6875139],[112.748482,21.6862588],[112.7431001,21.6745896],[112.7308657,21.6696497],[112.7242021,21.6791492],[112.7160466,21.6831423],[112.70503,21.681],[112.7062226,21.6858193],[112.7155057,21.6946359],[112.7167976,21.6995868],[112.7040008,21.7004287]]],[[[112.520936,21.5972279],[112.5265083,21.5971955],[112.5302795,21.6049875],[112.5235243,21.6097655],[112.5320551,21.6100043],[112.5290745,21.6164933],[112.5263004,21.6170519],[112.5374946,21.6363221],[112.5449579,21.6320893],[112.5531104,21.6355168],[112.5682881,21.647409],[112.5685767,21.6570418],[112.5563076,21.6621995],[112.559372,21.6692676],[112.5649269,21.6678293],[112.5683749,21.6743612],[112.5728354,21.6719384],[112.5846827,21.6755901],[112.5879469,21.6885458],[112.584853,21.6906954],[112.6038136,21.7037544],[112.6183967,21.7065218],[112.6269168,21.7005757],[112.6275283,21.7090586],[112.6473351,21.7170682],[112.6544228,21.7085378],[112.6553133,21.7149744],[112.6647171,21.6983901],[112.6610874,21.6873351],[112.6529986,21.6863126],[112.6343827,21.6774258],[112.6308475,21.6579829],[112.6386273,21.6532102],[112.6431066,21.6447739],[112.6496143,21.646984],[112.6490732,21.6422122],[112.6599482,21.6430299],[112.6555493,21.6359643],[112.632135,21.6369167],[112.6265521,21.6337461],[112.6289472,21.6270831],[112.6238785,21.6247281],[112.6150829,21.6187088],[112.6154584,21.6100635],[112.6106344,21.6157028],[112.6088065,21.6166417],[112.6008551,21.6157677],[112.6008417,21.6102692],[112.592673,21.6124213],[112.5931424,21.6170706],[112.5783902,21.6163574],[112.5757563,21.6206949],[112.5632197,21.6236335],[112.5591119,21.6190243],[112.538204,21.6103428],[112.5396228,21.5999945],[112.556309,21.593926],[112.5491478,21.5935319],[112.5425063,21.5895515],[112.5398026,21.5969387],[112.5309983,21.5951555],[112.5260644,21.588264],[112.520936,21.5972279]]],[[[112.431723,21.6590523],[112.4326501,21.6670101],[112.4429145,21.6723273],[112.4446377,21.679787],[112.4528991,21.6833566],[112.4511878,21.6893047],[112.4592224,21.6897184],[112.4563095,21.6812468],[112.4605903,21.6692576],[112.4539438,21.6653329],[112.4555075,21.6580464],[112.4512924,21.6522517],[112.4457845,21.6532146],[112.43994,21.6528113],[112.4371706,21.658722],[112.431723,21.6590523]]],[[[113.003169,21.8708633],[113.0193829,21.8794606],[113.0385742,21.8845629],[113.0448344,21.8705919],[113.0408098,21.8591015],[113.0314381,21.8553288],[113.0298111,21.8587832],[113.0165425,21.852278],[113.0083269,21.8680604],[113.003169,21.8708633]]],[[[112.8606163,21.6109724],[112.8768745,21.6174596],[112.9005946,21.6105398],[112.8909092,21.6031484],[112.8879172,21.5984549],[112.8737605,21.6027045],[112.864421,21.5981557],[112.8644076,21.6093491],[112.8606163,21.6109724]]],[[[112.5757174,21.5938699],[112.5784251,21.599672],[112.5858575,21.6021882],[112.5979207,21.599571],[112.5818597,21.5897273],[112.5822942,21.5935269],[112.5757174,21.5938699]]],[[[112.788666,21.5690204],[112.8012013,21.577425],[112.8125659,21.5813185],[112.8107688,21.5747362],[112.796655,21.5671434],[112.788666,21.5690204]]],[[[112.6489323,21.5995897],[112.6504545,21.6086708],[112.66013,21.60771],[112.6544738,21.6039264],[112.6560347,21.5989873],[112.6489323,21.5995897]]],[[[112.6727933,21.7099832],[112.68155,21.71059],[112.6857401,21.7038499],[112.6755613,21.7010019],[112.6727933,21.7099832]]],[[[113.0432975,21.8609374],[113.0434357,21.8609498],[113.0433042,21.8608615],[113.0432975,21.8609374]]],[[[113.0432881,21.8623551],[113.0433941,21.8624434],[113.0435631,21.8622518],[113.0432881,21.8623551]]],[[[113.0432828,21.861673],[113.0432975,21.8617763],[113.0435108,21.8617663],[113.0432828,21.861673]]],[[[113.0432613,21.8621348],[113.0434102,21.8620651],[113.0433069,21.8620352],[113.0432613,21.8621348]]],[[[113.0429327,22.0151937],[113.043716,22.0146155],[113.0429529,22.0145235],[113.0429327,22.0151937]]],[[[113.0427557,21.8605876],[113.0428295,21.8605715],[113.0427745,21.860498],[113.0427557,21.8605876]]],[[[113.0425438,21.8603935],[113.0426149,21.8605117],[113.0427034,21.8604408],[113.0425438,21.8603935]]],[[[113.0424486,21.8605988],[113.0425344,21.8606685],[113.0425894,21.8605615],[113.0424486,21.8605988]]],[[[113.0417217,21.8594214],[113.0419953,21.8598383],[113.0422837,21.8597301],[113.0417217,21.8594214]]],[[[113.0416077,21.8589621],[113.0417217,21.8592036],[113.0418317,21.8591339],[113.0416077,21.8589621]]],[[[113.0414186,21.859399],[113.0414924,21.8593728],[113.0414401,21.8593156],[113.0414186,21.859399]]],[[[113.0413073,21.8592546],[113.0413194,21.859328],[113.0413958,21.8593106],[113.0413073,21.8592546]]],[[[113.0394392,21.8577124],[113.0394432,21.8578829],[113.0397121,21.8580056],[113.0394392,21.8577124]]],[[[113.0380297,21.8573564],[113.0380833,21.8574784],[113.0381611,21.8574187],[113.0380297,21.8573564]]],[[[113.0373484,21.8567316],[113.037453,21.8567117],[113.0373591,21.8566121],[113.0373484,21.8567316]]],[[[113.0363855,21.8569084],[113.036474,21.8569855],[113.0364901,21.8568511],[113.0363855,21.8569084]]],[[[113.0361629,21.8567938],[113.0362406,21.8568113],[113.036238,21.8566793],[113.0361629,21.8567938]]],[[[113.0360636,21.8570901],[113.0363184,21.8570029],[113.036195,21.8568511],[113.0360636,21.8570901]]],[[[113.035554,21.8567789],[113.0357417,21.8568287],[113.0356613,21.8566793],[113.035554,21.8567789]]],[[[113.0349585,21.8561466],[113.0350766,21.8561964],[113.0351007,21.8561117],[113.0349585,21.8561466]]],[[[113.0318955,21.8545235],[113.0319974,21.8545384],[113.0319142,21.8544563],[113.0318955,21.8545235]]],[[[113.0317234,21.8551469],[113.0318871,21.8551781],[113.0318683,21.8550685],[113.0317234,21.8551469]]],[[[113.0312544,21.9954385],[113.0354333,21.996779],[113.0345361,21.9925946],[113.0312544,21.9954385]]],[[[113.0310542,21.8532026],[113.0311883,21.8532699],[113.0311267,21.8530209],[113.0310542,21.8532026]]],[[[113.0308826,21.8529188],[113.0309684,21.8529089],[113.0308987,21.852874],[113.0308826,21.8529188]]],[[[113.0308277,21.8532769],[113.0312789,21.8547827],[113.0313061,21.8533638],[113.0308277,21.8532769]]],[[[113.0294494,21.8358224],[113.0294833,21.8358699],[113.0294878,21.8358258],[113.0294494,21.8358224]]],[[[113.0288123,21.8348505],[113.0299026,21.8344397],[113.0297101,21.8331358],[113.0288123,21.8348505]]],[[[113.0284931,21.8353659],[113.0288605,21.8350833],[113.0285025,21.8350273],[113.0284931,21.8353659]]],[[[113.0268288,21.8825357],[113.0269723,21.8825618],[113.0269991,21.8825033],[113.0268288,21.8825357]]],[[[113.0265002,21.7737456],[113.0265002,21.7738104],[113.0265418,21.7737606],[113.0265002,21.7737456]]],[[[113.0258752,21.7749225],[113.0259182,21.7749063],[113.0258873,21.7748316],[113.0258752,21.7749225]]],[[[113.0255476,21.7725451],[113.0263594,21.7723383],[113.0257983,21.7717527],[113.0255476,21.7725451]]],[[[113.0255306,21.7738639],[113.0260433,21.7740758],[113.0255441,21.7734969],[113.0255306,21.7738639]]],[[[113.0250296,21.7730884],[113.0255836,21.7734568],[113.0258458,21.7728055],[113.0250296,21.7730884]]],[[[113.0242994,21.7741815],[113.0244349,21.774326],[113.0244322,21.7741018],[113.0242994,21.7741815]]],[[[113.0241864,21.7735296],[113.0248816,21.773932],[113.0246927,21.7732193],[113.0241864,21.7735296]]],[[[113.0234653,21.7924432],[113.0234881,21.7927346],[113.0240966,21.7924439],[113.0234653,21.7924432]]],[[[113.0233996,21.7937445],[113.0234545,21.793793],[113.0237161,21.7937271],[113.0233996,21.7937445]]],[[[113.023185,21.7928603],[113.0232601,21.7932364],[113.0235926,21.7928803],[113.023185,21.7928603]]],[[[113.0231769,21.7771057],[113.0236154,21.7769692],[113.0232352,21.7765645],[113.0231769,21.7771057]]],[[[113.0231515,21.7771929],[113.0231584,21.7775028],[113.023487,21.777382],[113.0231515,21.7771929]]],[[[113.0231109,21.7759785],[113.0234998,21.7758726],[113.0231806,21.7757156],[113.0231109,21.7759785]]],[[[113.0230968,21.7749751],[113.023509,21.7757651],[113.0240045,21.774534],[113.0230968,21.7749751]]],[[[113.0221952,21.7944617],[113.0224903,21.7944779],[113.0224742,21.7942364],[113.0221952,21.7944617]]],[[[113.0220759,21.8252596],[113.0222248,21.8254177],[113.0224085,21.8252894],[113.0220759,21.8252596]]],[[[113.0220544,21.8257053],[113.0221885,21.8256617],[113.0220947,21.8256405],[113.0220544,21.8257053]]],[[[113.021986,21.7974989],[113.0220316,21.7976097],[113.0220745,21.7974964],[113.021986,21.7974989]]],[[[113.0216786,21.7995296],[113.0217483,21.7996292],[113.0218958,21.7996018],[113.0216786,21.7995296]]],[[[113.0215069,21.7994225],[113.0215096,21.7996865],[113.0216491,21.7996342],[113.0215069,21.7994225]]],[[[113.0210885,21.8011085],[113.0211394,21.8012131],[113.021228,21.8011509],[113.0210885,21.8011085]]],[[[113.0199569,21.7960644],[113.0210217,21.8002975],[113.0223173,21.7945464],[113.0199569,21.7960644]]],[[[113.0163332,21.8459807],[113.0164835,21.846338],[113.0166994,21.8461039],[113.0163332,21.8459807]]],[[[113.016049,21.8458176],[113.016285,21.846211],[113.016167,21.8458052],[113.016049,21.8458176]]],[[[113.012787,21.8375455],[113.0129909,21.8381256],[113.0134335,21.8380833],[113.012787,21.8375455]]],[[[113.012146,21.8347371],[113.0122855,21.834874],[113.0124223,21.8347744],[113.012146,21.8347371]]],[[[113.0033326,21.8688508],[113.0034325,21.8688763],[113.0033621,21.8687997],[113.0033326,21.8688508]]],[[[112.9835097,21.890698],[112.9835312,21.8907067],[112.9835339,21.8906532],[112.9835097,21.890698]]],[[[112.9832657,21.8904416],[112.9832911,21.8904491],[112.9832777,21.8904205],[112.9832657,21.8904416]]],[[[112.9698504,21.8794055],[112.9698961,21.8795259],[112.9699696,21.8794425],[112.9698504,21.8794055]]],[[[112.9690171,21.879312],[112.9691251,21.8797319],[112.9693075,21.8794108],[112.9690171,21.879312]]],[[[112.9648671,21.8775465],[112.9668414,21.8780215],[112.9668975,21.8778825],[112.9648671,21.8775465]]],[[[112.9635948,21.8789313],[112.964119,21.8788873],[112.9637403,21.8786787],[112.9635948,21.8789313]]],[[[112.9634193,21.8786324],[112.9636527,21.8787047],[112.9634415,21.8785399],[112.9634193,21.8786324]]],[[[112.9634112,21.8787933],[112.9635636,21.8787891],[112.9634818,21.8787077],[112.9634112,21.8787933]]],[[[112.9631413,21.8788585],[112.9631875,21.8789521],[112.9632557,21.8788801],[112.9631413,21.8788585]]],[[[112.9631354,21.8792039],[112.9633444,21.8792557],[112.9633618,21.8791588],[112.9631354,21.8792039]]],[[[112.9629714,21.8794478],[112.9630022,21.8794755],[112.9630403,21.8794333],[112.9629714,21.8794478]]],[[[112.9627003,21.8792225],[112.9629902,21.8790707],[112.9628586,21.8789786],[112.9627003,21.8792225]]],[[[112.9423606,21.868254],[112.9424247,21.8682571],[112.9423989,21.8682163],[112.9423606,21.868254]]],[[[112.9421896,21.8680853],[112.9422812,21.86809],[112.9422802,21.8680144],[112.9421896,21.8680853]]],[[[112.9415255,21.8675782],[112.9416284,21.8676877],[112.9416619,21.8675131],[112.9415255,21.8675782]]],[[[112.9405696,21.8679733],[112.9407004,21.8682932],[112.9411557,21.8682552],[112.9405696,21.8679733]]],[[[112.9397629,21.8681202],[112.9397985,21.8682484],[112.9400613,21.8680723],[112.9397629,21.8681202]]],[[[112.9389281,21.8683921],[112.9391742,21.868361],[112.9389569,21.8682434],[112.9389281,21.8683921]]],[[[112.938678,21.8602317],[112.9411315,21.8609996],[112.9407057,21.8601532],[112.938678,21.8602317]]],[[[112.8939486,21.8600024],[112.8940557,21.860027],[112.8939874,21.859941],[112.8939486,21.8600024]]],[[[112.893924,21.60426],[112.8940105,21.6042799],[112.8939307,21.6041908],[112.893924,21.60426]]],[[[112.8895922,21.8796597],[112.8900401,21.8801873],[112.8901367,21.8797294],[112.8895922,21.8796597]]],[[[112.8895453,21.8808407],[112.8897934,21.8806914],[112.8895815,21.8805669],[112.8895453,21.8808407]]],[[[112.8833225,21.8861067],[112.8834023,21.8861269],[112.8834033,21.8860784],[112.8833225,21.8861067]]],[[[112.8792912,21.8789117],[112.8794974,21.8792241],[112.8795024,21.8789242],[112.8792912,21.8789117]]],[[[112.8784624,21.8821997],[112.8793227,21.883586],[112.8797887,21.8807436],[112.8784624,21.8821997]]],[[[112.8726608,21.6203895],[112.8729343,21.6206837],[112.8729773,21.6204294],[112.8726608,21.6203895]]],[[[112.8724113,21.6207535],[112.8725266,21.6208109],[112.872465,21.6206937],[112.8724113,21.6207535]]],[[[112.872294,21.7607696],[112.8725753,21.7609458],[112.8725025,21.7607381],[112.872294,21.7607696]]],[[[112.8715637,21.6196539],[112.8716335,21.6197062],[112.8716549,21.6195217],[112.8715637,21.6196539]]],[[[112.8683907,21.6192499],[112.8713518,21.6203994],[112.87111,21.61809],[112.8683907,21.6192499]]],[[[112.8682512,21.6181353],[112.8682888,21.6181777],[112.8683022,21.6181154],[112.8682512,21.6181353]]],[[[112.8682056,21.61827],[112.8682807,21.6182425],[112.8682217,21.6181652],[112.8682056,21.61827]]],[[[112.8678784,21.6181403],[112.8679106,21.6181727],[112.8679293,21.6181253],[112.8678784,21.6181403]]],[[[112.8678033,21.6182076],[112.8678462,21.6182675],[112.8678998,21.6182301],[112.8678033,21.6182076]]],[[[112.8666503,21.8932166],[112.8668112,21.8931796],[112.8667002,21.8930571],[112.8666503,21.8932166]]],[[[112.8666184,21.7737618],[112.8666667,21.7737939],[112.8666751,21.7737574],[112.8666184,21.7737618]]],[[[112.8664856,21.8930175],[112.8665245,21.8930938],[112.8665661,21.8930356],[112.8664856,21.8930175]]],[[[112.8664283,21.8931516],[112.8664327,21.8931896],[112.8664749,21.8931675],[112.8664283,21.8931516]]],[[[112.8662935,21.8930782],[112.8663512,21.8930967],[112.8663425,21.8930297],[112.8662935,21.8930782]]],[[[112.8661713,21.8931036],[112.8662355,21.8930588],[112.8661789,21.8930605],[112.8661713,21.8931036]]],[[[112.8645293,21.8942716],[112.864593,21.8942429],[112.8645337,21.8942193],[112.8645293,21.8942716]]],[[[112.8643476,21.8939879],[112.8643979,21.8940037],[112.8643623,21.8939375],[112.8643476,21.8939879]]],[[[112.8642879,21.8942243],[112.8643479,21.8943039],[112.8644123,21.8941782],[112.8642879,21.8942243]]],[[[112.8641957,21.8940998],[112.8643462,21.8940423],[112.8642051,21.8938195],[112.8641957,21.8940998]]],[[[112.8622216,21.774925],[112.8622457,21.7750091],[112.8623222,21.7749244],[112.8622216,21.774925]]],[[[112.8619406,21.7747967],[112.8619775,21.774874],[112.862062,21.7748086],[112.8619406,21.7747967]]],[[[112.8598297,21.7736497],[112.8598834,21.7736483],[112.8598374,21.7736144],[112.8598297,21.7736497]]],[[[112.8587817,21.6073354],[112.8588501,21.6074276],[112.8589091,21.6073803],[112.8587817,21.6073354]]],[[[112.8586435,21.7729934],[112.8587079,21.7731179],[112.8587589,21.7730183],[112.8586435,21.7729934]]],[[[112.8583994,21.7709882],[112.8584504,21.7709982],[112.8584397,21.770921],[112.8583994,21.7709882]]],[[[112.8575012,21.770693],[112.8575147,21.7707316],[112.8575562,21.7706986],[112.8575012,21.770693]]],[[[112.8565004,21.9377742],[112.8566728,21.9379253],[112.8566701,21.9378022],[112.8565004,21.9377742]]],[[[112.8563569,21.6060798],[112.8565514,21.605899],[112.8563958,21.6058566],[112.8563569,21.6060798]]],[[[112.8557253,21.7433665],[112.8559265,21.743638],[112.8559037,21.7432805],[112.8557253,21.7433665]]],[[[112.8553618,21.7433378],[112.8555201,21.7433428],[112.8554597,21.7431871],[112.8553618,21.7433378]]],[[[112.855221,21.7721614],[112.8553069,21.7721938],[112.8552344,21.7721191],[112.855221,21.7721614]]],[[[112.8551473,21.7432843],[112.8553122,21.7432805],[112.8551996,21.7431971],[112.8551473,21.7432843]]],[[[112.8551298,21.7434263],[112.8555456,21.7435459],[112.855449,21.7433765],[112.8551298,21.7434263]]],[[[112.8528761,21.9370919],[112.8531168,21.9372097],[112.8533059,21.9369563],[112.8528761,21.9370919]]],[[[112.8523564,21.772834],[112.8524074,21.7728564],[112.8523859,21.7727518],[112.8523564,21.772834]]],[[[112.849752,21.7435135],[112.8498271,21.7435608],[112.8498338,21.7434998],[112.849752,21.7435135]]],[[[112.849406,21.7437576],[112.8494436,21.7437389],[112.8494127,21.7437028],[112.849406,21.7437576]]],[[[112.8491753,21.7437153],[112.8492625,21.7438087],[112.8493001,21.7437265],[112.8491753,21.7437153]]],[[[112.8488119,21.7429053],[112.8499394,21.7429445],[112.8493406,21.7420803],[112.8488119,21.7429053]]],[[[112.8482044,21.7445997],[112.8482996,21.7446745],[112.8482459,21.7445798],[112.8482044,21.7445997]]],[[[112.8481977,21.7447043],[112.8482661,21.7447492],[112.8482781,21.7447043],[112.8481977,21.7447043]]],[[[112.8479415,21.7448706],[112.8479569,21.7449236],[112.8480109,21.744904],[112.8479415,21.7448706]]],[[[112.8450246,21.7411055],[112.8450461,21.7412027],[112.8450997,21.7411192],[112.8450246,21.7411055]]],[[[112.8271195,21.7761679],[112.8272563,21.7762053],[112.827322,21.7761306],[112.8271195,21.7761679]]],[[[112.8250413,21.7742922],[112.8250712,21.7743255],[112.8250723,21.774288],[112.8250413,21.7742922]]],[[[112.8245875,21.7742266],[112.8245932,21.7742597],[112.8246152,21.7742352],[112.8245875,21.7742266]]],[[[112.8210139,21.6744356],[112.8211694,21.6744206],[112.8211238,21.6743334],[112.8210139,21.6744356]]],[[[112.8206326,21.6740173],[112.8206903,21.6740447],[112.8206755,21.6739674],[112.8206326,21.6740173]]],[[[112.8202521,21.6752506],[112.8205177,21.6753678],[112.8205311,21.6752207],[112.8202521,21.6752506]]],[[[112.8197231,21.671845],[112.8197919,21.6748112],[112.8212118,21.6731946],[112.8197231,21.671845]]],[[[112.8194645,21.666811],[112.8194967,21.6669332],[112.8195906,21.6667861],[112.8194645,21.666811]]],[[[112.8185552,21.6633835],[112.8185955,21.6634608],[112.8186652,21.6633561],[112.8185552,21.6633835]]],[[[112.8185284,21.6631592],[112.8186277,21.6632564],[112.8186786,21.6631991],[112.8185284,21.6631592]]],[[[112.8184158,21.6646798],[112.8185794,21.6647969],[112.8186223,21.6645751],[112.8184158,21.6646798]]],[[[112.8178686,21.6602975],[112.8179303,21.6604171],[112.8179732,21.6602675],[112.8178686,21.6602975]]],[[[112.8178632,21.6600507],[112.8180215,21.6602651],[112.8181824,21.6600756],[112.8178632,21.6600507]]],[[[112.8175306,21.6601903],[112.8175709,21.6604046],[112.8177264,21.6602451],[112.8175306,21.6601903]]],[[[112.8174341,21.6608534],[112.8175306,21.6609007],[112.817544,21.660816],[112.8174341,21.6608534]]],[[[112.8173938,21.6623615],[112.8192758,21.6629397],[112.8179061,21.6605841],[112.8173938,21.6623615]]],[[[112.8172356,21.6612622],[112.8172865,21.6613145],[112.8173187,21.6612397],[112.8172356,21.6612622]]],[[[112.8159468,21.6663063],[112.8191453,21.6672099],[112.8181019,21.6645377],[112.8159468,21.6663063]]],[[[112.8134832,21.581528],[112.8137112,21.5817599],[112.8138211,21.5815305],[112.8134832,21.581528]]],[[[112.8134671,21.5818772],[112.8135341,21.581962],[112.8137702,21.5818747],[112.8134671,21.5818772]]],[[[112.8134161,21.5814706],[112.8136039,21.5814731],[112.8135341,21.581321],[112.8134161,21.5814706]]],[[[112.8132793,21.7154429],[112.8133236,21.7155114],[112.8133263,21.7154429],[112.8132793,21.7154429]]],[[[112.8131429,21.6635275],[112.8131539,21.6636079],[112.813227,21.6635384],[112.8131429,21.6635275]]],[[[112.8129387,21.5817624],[112.8133222,21.5816153],[112.8129896,21.581291],[112.8129387,21.5817624]]],[[[112.8126799,21.7155999],[112.8128824,21.7157637],[112.8130295,21.7155498],[112.8126799,21.7155999]]],[[[112.8123432,21.6645492],[112.8123945,21.664561],[112.8123778,21.664504],[112.8123432,21.6645492]]],[[[112.8121984,21.7685919],[112.8122333,21.7687489],[112.8123164,21.7686791],[112.8121984,21.7685919]]],[[[112.8090837,21.5736499],[112.8091819,21.5736929],[112.8092,21.5736225],[112.8090837,21.5736499]]],[[[112.8090817,21.7084319],[112.8097858,21.7087091],[112.8099453,21.707764],[112.8090817,21.7084319]]],[[[112.804015,21.5859463],[112.8041169,21.5862581],[112.8042161,21.5862519],[112.804015,21.5859463]]],[[[112.8016003,21.5781496],[112.8016432,21.5782144],[112.8017177,21.5781789],[112.8016003,21.5781496]]],[[[112.8010444,21.5773963],[112.8010877,21.5774727],[112.8011189,21.5774219],[112.8010444,21.5773963]]],[[[112.8006206,21.5986345],[112.8008714,21.5985909],[112.8006783,21.5984038],[112.8006206,21.5986345]]],[[[112.7995394,21.5985482],[112.7995917,21.5985781],[112.7995635,21.5985114],[112.7995394,21.5985482]]],[[[112.7987967,21.5988864],[112.7988759,21.5989824],[112.7989456,21.5987829],[112.7987967,21.5988864]]],[[[112.7986546,21.5988727],[112.7986814,21.59895],[112.7987149,21.5988727],[112.7986546,21.5988727]]],[[[112.7974759,21.5753314],[112.7975123,21.5753276],[112.7975064,21.5752986],[112.7974759,21.5753314]]],[[[112.7973807,21.5753685],[112.7974717,21.5754121],[112.7974811,21.5753616],[112.7973807,21.5753685]]],[[[112.7960971,21.6333788],[112.7962326,21.6334947],[112.7962111,21.6332878],[112.7960971,21.6333788]]],[[[112.79602,21.7590015],[112.7960535,21.7590383],[112.7960642,21.7590109],[112.79602,21.7590015]]],[[[112.7938025,21.5676472],[112.7938896,21.5677221],[112.7939232,21.5676722],[112.7938025,21.5676472]]],[[[112.7926907,21.6261369],[112.7927926,21.6260696],[112.7926961,21.6260696],[112.7926907,21.6261369]]],[[[112.7913429,21.6191502],[112.7914153,21.6191589],[112.7914126,21.6191165],[112.7913429,21.6191502]]],[[[112.7893711,21.7579188],[112.7893728,21.7579752],[112.7894065,21.7579479],[112.7893711,21.7579188]]],[[[112.7874497,21.762499],[112.7875248,21.7625762],[112.787616,21.7623919],[112.7874497,21.762499]]],[[[112.7862453,21.7635452],[112.7872109,21.7626186],[112.7864316,21.7624044],[112.7862453,21.7635452]]],[[[112.779509,21.7706619],[112.7797034,21.7706631],[112.7796391,21.7705946],[112.779509,21.7706619]]],[[[112.7789497,21.7704788],[112.7790932,21.7704489],[112.7789739,21.7703941],[112.7789497,21.7704788]]],[[[112.7785152,21.7702235],[112.7786922,21.7701787],[112.7785474,21.7701251],[112.7785152,21.7702235]]],[[[112.778137,21.7464072],[112.7782215,21.7465479],[112.7783999,21.7464931],[112.778137,21.7464072]]],[[[112.7778903,21.7462751],[112.7780472,21.7462988],[112.7780069,21.7462278],[112.7778903,21.7462751]]],[[[112.777724,21.7461082],[112.7778594,21.7462315],[112.7778567,21.746092],[112.777724,21.7461082]]],[[[112.7750029,21.7366932],[112.7750914,21.7367318],[112.7750833,21.7366321],[112.7750029,21.7366932]]],[[[112.7732375,21.7367469],[112.7732661,21.736771],[112.7733075,21.73675],[112.7732375,21.7367469]]],[[[112.7721195,21.5696665],[112.7722992,21.5697637],[112.772444,21.5695636],[112.7721195,21.5696665]]],[[[112.7709125,21.7346698],[112.7709447,21.7348414],[112.7711073,21.7347355],[112.7709125,21.7346698]]],[[[112.761156,21.7350525],[112.7612337,21.7351073],[112.7612539,21.7350488],[112.761156,21.7350525]]],[[[112.759721,21.7348819],[112.7615395,21.7345704],[112.7605133,21.7325007],[112.759721,21.7348819]]],[[[112.7595091,21.734989],[112.7595332,21.73507],[112.7595775,21.7349865],[112.7595091,21.734989]]],[[[112.7576074,21.7461854],[112.7577455,21.7461942],[112.7576275,21.7460908],[112.7576074,21.7461854]]],[[[112.7566029,21.5735526],[112.7568403,21.5740191],[112.7571809,21.5737983],[112.7566029,21.5735526]]],[[[112.7563427,21.5745179],[112.7575484,21.5748659],[112.7575457,21.574392],[112.7563427,21.5745179]]],[[[112.75621,21.7462016],[112.758329,21.7449943],[112.7568951,21.7450344],[112.75621,21.7462016]]],[[[112.7559977,21.7292606],[112.7560068,21.7293082],[112.7560372,21.7292747],[112.7559977,21.7292606]]],[[[112.755809,21.7297592],[112.7559887,21.7297804],[112.755935,21.729662],[112.755809,21.7297592]]],[[[112.753218,21.596803],[112.7534557,21.596838],[112.7534228,21.5966116],[112.753218,21.596803]]],[[[112.7526952,21.7488794],[112.7545148,21.7474074],[112.7529632,21.7465666],[112.7526952,21.7488794]]],[[[112.7525501,21.7323065],[112.752585,21.7324177],[112.7526292,21.732304],[112.7525501,21.7323065]]],[[[112.7523074,21.5971082],[112.7523865,21.597107],[112.7523892,21.5970708],[112.7523074,21.5971082]]],[[[112.7511406,21.7324912],[112.7517146,21.7328874],[112.7516355,21.732257],[112.7511406,21.7324912]]],[[[112.7503493,21.5858553],[112.7504647,21.5859376],[112.7505344,21.5857231],[112.7503493,21.5858553]]],[[[112.7503279,21.5857381],[112.750403,21.5856782],[112.7503306,21.5856782],[112.7503279,21.5857381]]],[[[112.7501455,21.6839847],[112.7511004,21.6829367],[112.750251,21.68243],[112.7501455,21.6839847]]],[[[112.7497713,21.5952802],[112.7498826,21.5952328],[112.7497981,21.5951243],[112.7497713,21.5952802]]],[[[112.7492724,21.6019975],[112.7493462,21.6020012],[112.7493328,21.6019301],[112.7492724,21.6019975]]],[[[112.7492235,21.6825422],[112.7498504,21.6830139],[112.7493576,21.6821519],[112.7492235,21.6825422]]],[[[112.7491387,21.6022013],[112.7492409,21.6022359],[112.7492926,21.6021271],[112.7491387,21.6022013]]],[[[112.7491038,21.6801391],[112.7493252,21.6810736],[112.7496955,21.6808737],[112.7491038,21.6801391]]],[[[112.7484409,21.5944472],[112.7489908,21.5943263],[112.7488218,21.5941118],[112.7484409,21.5944472]]],[[[112.7463579,21.6447405],[112.7464233,21.6449147],[112.7465466,21.6447636],[112.7463579,21.6447405]]],[[[112.7462982,21.6451872],[112.7465956,21.6452239],[112.7465798,21.6450104],[112.7462982,21.6451872]]],[[[112.7461638,21.6453759],[112.7462174,21.6454108],[112.7462094,21.6453361],[112.7461638,21.6453759]]],[[[112.7461477,21.6452114],[112.7461678,21.6453012],[112.7462818,21.6452488],[112.7461477,21.6452114]]],[[[112.7428371,21.637391],[112.7428707,21.6374004],[112.7428693,21.6373705],[112.7428371,21.637391]]],[[[112.7406517,21.6342323],[112.7409521,21.6342473],[112.7408529,21.6341151],[112.7406517,21.6342323]]],[[[112.7388936,21.7286965],[112.7390197,21.7286218],[112.7389017,21.7286292],[112.7388936,21.7286965]]],[[[112.7387327,21.6339111],[112.7390331,21.6339261],[112.7389339,21.6337939],[112.7387327,21.6339111]]],[[[112.7385208,21.6340208],[112.7386737,21.6340033],[112.7385369,21.6337665],[112.7385208,21.6340208]]],[[[112.7380729,21.6044002],[112.7381346,21.6044389],[112.7381212,21.6043778],[112.7380729,21.6044002]]],[[[112.7378221,21.6036384],[112.7379052,21.6037032],[112.7379079,21.6036159],[112.7378221,21.6036384]]],[[[112.7376828,21.7288698],[112.7378093,21.7290469],[112.7379552,21.7288295],[112.7376828,21.7288698]]],[[[112.7370094,21.6071097],[112.7371059,21.6071147],[112.7370885,21.6070623],[112.7370094,21.6071097]]],[[[112.736363,21.6067531],[112.7364005,21.6069663],[112.736536,21.6068977],[112.736363,21.6067531]]],[[[112.7359593,21.6039588],[112.7360424,21.6040075],[112.7360451,21.6039314],[112.7359593,21.6039588]]],[[[112.7352861,21.6039925],[112.7353048,21.6040449],[112.7353504,21.6039663],[112.7352861,21.6039925]]],[[[112.7345029,21.6038454],[112.7345525,21.6038404],[112.7345337,21.6037918],[112.7345029,21.6038454]]],[[[112.7342494,21.6038952],[112.7342494,21.6039663],[112.7343969,21.603975],[112.7342494,21.6038952]]],[[[112.7334083,21.6225099],[112.7334368,21.6225518],[112.7334729,21.6225292],[112.7334083,21.6225099]]],[[[112.7333529,21.6019351],[112.7333669,21.6019862],[112.7333944,21.6019357],[112.7333529,21.6019351]]],[[[112.7331685,21.6024426],[112.7380864,21.604349],[112.7341959,21.6012167],[112.7331685,21.6024426]]],[[[112.7331161,21.6225868],[112.7333076,21.6226049],[112.7332697,21.6225407],[112.7331161,21.6225868]]],[[[112.7307665,21.669204],[112.7307773,21.6693785],[112.7310348,21.6693187],[112.7307665,21.669204]]],[[[112.7273682,21.60747],[112.7276766,21.6079189],[112.7277812,21.6075174],[112.7273682,21.60747]]],[[[112.7272683,21.6148606],[112.7274585,21.6149183],[112.7274084,21.6147213],[112.7272683,21.6148606]]],[[[112.7272274,21.6146406],[112.7272475,21.614668],[112.7272622,21.6146456],[112.7272274,21.6146406]]],[[[112.7271871,21.6138925],[112.7271911,21.6139262],[112.7272528,21.6138975],[112.7271871,21.6138925]]],[[[112.7270383,21.6140508],[112.7272689,21.6144355],[112.7273306,21.6141643],[112.7270383,21.6140508]]],[[[112.7205324,21.7185996],[112.7205762,21.718672],[112.7206026,21.7186191],[112.7205324,21.7185996]]],[[[112.7203529,21.7187483],[112.7204682,21.7189028],[112.7205406,21.7188069],[112.7203529,21.7187483]]],[[[112.7203247,21.7186474],[112.7204172,21.7186412],[112.7203502,21.7185639],[112.7203247,21.7186474]]],[[[112.7198955,21.7171897],[112.7199653,21.7172146],[112.7199881,21.7171586],[112.7198955,21.7171897]]],[[[112.7198325,21.7173978],[112.719913,21.7173454],[112.7198338,21.7173305],[112.7198325,21.7173978]]],[[[112.7197494,21.7175709],[112.7197856,21.7176382],[112.7199116,21.7175685],[112.7197494,21.7175709]]],[[[112.7197064,21.6789113],[112.7197212,21.6790958],[112.7198325,21.6789562],[112.7197064,21.6789113]]],[[[112.7193537,21.6787518],[112.7194865,21.6786509],[112.7193739,21.6785774],[112.7193537,21.6787518]]],[[[112.7190547,21.7177068],[112.7194288,21.7180394],[112.719622,21.7174364],[112.7190547,21.7177068]]],[[[112.7184713,21.6784128],[112.7186148,21.6784241],[112.7185974,21.6782882],[112.7184713,21.6784128]]],[[[112.7168325,21.6774732],[112.7168821,21.6774782],[112.7168861,21.6773872],[112.7168325,21.6774732]]],[[[112.7165468,21.6773386],[112.7166447,21.6773186],[112.7166025,21.6771769],[112.7165468,21.6773386]]],[[[112.7164274,21.6773672],[112.7164999,21.6774819],[112.7165455,21.6774071],[112.7164274,21.6773672]]],[[[112.7156395,21.7107466],[112.7157029,21.7107669],[112.7156868,21.7107376],[112.7156395,21.7107466]]],[[[112.7113366,21.6763453],[112.7114305,21.6763777],[112.7114385,21.676268],[112.7113366,21.6763453]]],[[[112.7101564,21.7087222],[112.7101926,21.7087135],[112.7101846,21.7086886],[112.7101564,21.7087222]]],[[[112.7101269,21.7082288],[112.7101283,21.7083198],[112.7101779,21.7082886],[112.7101269,21.7082288]]],[[[112.7099727,21.7087147],[112.7100612,21.7087895],[112.7100961,21.7086973],[112.7099727,21.7087147]]],[[[112.7099405,21.7091857],[112.7103683,21.7094561],[112.7100626,21.7088929],[112.7099405,21.7091857]]],[[[112.7099378,21.7082064],[112.7100465,21.7082799],[112.7100706,21.7082188],[112.7099378,21.7082064]]],[[[112.7083131,21.7064367],[112.7083161,21.7064875],[112.7083386,21.7064461],[112.7083131,21.7064367]]],[[[112.7083116,21.7056338],[112.7083141,21.7056609],[112.7083329,21.7056566],[112.7083116,21.7056338]]],[[[112.7079825,21.705305],[112.7080848,21.7054782],[112.7080704,21.7052717],[112.7079825,21.705305]]],[[[112.7079456,21.7051023],[112.7079929,21.7050963],[112.7079488,21.7050639],[112.7079456,21.7051023]]],[[[112.7078833,21.7054938],[112.7079503,21.7054639],[112.70789,21.7054029],[112.7078833,21.7054938]]],[[[112.7078725,21.7053156],[112.7078913,21.7053593],[112.7079463,21.7053069],[112.7078725,21.7053156]]],[[[112.7074196,21.7039466],[112.707456,21.7039764],[112.7074846,21.7039125],[112.7074196,21.7039466]]],[[[112.7066173,21.7029307],[112.7066712,21.7029423],[112.7066645,21.7029002],[112.7066173,21.7029307]]],[[[112.7065179,21.7025496],[112.7065509,21.7025903],[112.7065396,21.7025328],[112.7065179,21.7025496]]],[[[112.7063906,21.7035052],[112.7064764,21.70355],[112.7065113,21.7034478],[112.7063906,21.7035052]]],[[[112.7060379,21.702775],[112.7060567,21.7028797],[112.7061103,21.7027688],[112.7060379,21.702775]]],[[[112.7059316,21.7025062],[112.7059776,21.7025289],[112.7059705,21.702485],[112.7059316,21.7025062]]],[[[112.705362,21.6995988],[112.705413,21.6996038],[112.7054143,21.6995053],[112.705362,21.6995988]]],[[[112.7042328,21.7024697],[112.7043401,21.7023787],[112.7042449,21.70237],[112.7042328,21.7024697]]],[[[112.7041629,21.7017565],[112.7042043,21.701804],[112.7042807,21.7017345],[112.7041629,21.7017565]]],[[[112.703919,21.7001545],[112.704037,21.7002256],[112.7040102,21.7000873],[112.703919,21.7001545]]],[[[112.7002564,21.6845081],[112.7002645,21.6846602],[112.7003878,21.6846552],[112.7002564,21.6845081]]],[[[112.6823339,21.7235961],[112.6825726,21.723606],[112.6824412,21.7235138],[112.6823339,21.7235961]]],[[[112.6819155,21.7223128],[112.6819155,21.7223602],[112.6819624,21.7223265],[112.6819155,21.7223128]]],[[[112.6802686,21.722106],[112.6804107,21.7225819],[112.6823661,21.7228336],[112.6802686,21.722106]]],[[[112.676539,21.6344235],[112.6766409,21.6345207],[112.6766932,21.634406],[112.676539,21.6344235]]],[[[112.6764478,21.6350206],[112.6766315,21.6351739],[112.6766248,21.6350555],[112.6764478,21.6350206]]],[[[112.6753856,21.6338001],[112.6763572,21.6344992],[112.67638,21.6330299],[112.6753856,21.6338001]]],[[[112.6753333,21.633865],[112.6753722,21.6339286],[112.675395,21.6338675],[112.6753333,21.633865]]],[[[112.6749752,21.6326296],[112.6752877,21.6328253],[112.6752582,21.6326221],[112.6749752,21.6326296]]],[[[112.6746842,21.6326994],[112.6762721,21.6315549],[112.6751241,21.6314976],[112.6746842,21.6326994]]],[[[112.6746561,21.6361214],[112.6747419,21.6361064],[112.6746896,21.6360914],[112.6746561,21.6361214]]],[[[112.6745716,21.6320299],[112.6746963,21.6320274],[112.6745729,21.6318965],[112.6745716,21.6320299]]],[[[112.6743731,21.6357586],[112.6744938,21.6357698],[112.674408,21.6356452],[112.6743731,21.6357586]]],[[[112.6743409,21.6368955],[112.6744267,21.636888],[112.6744039,21.6368394],[112.6743409,21.6368955]]],[[[112.6743409,21.6359194],[112.6743905,21.635968],[112.6743892,21.6359157],[112.6743409,21.6359194]]],[[[112.6743141,21.6310214],[112.6750785,21.6314552],[112.6750329,21.6309516],[112.6743141,21.6310214]]],[[[112.6742966,21.6315462],[112.6743235,21.6318591],[112.6748264,21.6315337],[112.6742966,21.6315462]]],[[[112.6741143,21.636544],[112.6741464,21.6366188],[112.6742564,21.6365003],[112.6741143,21.636544]]],[[[112.6741143,21.6337017],[112.6742564,21.6338313],[112.6742551,21.6337179],[112.6741143,21.6337017]]],[[[112.6740834,21.6430162],[112.6741263,21.6431558],[112.6741719,21.6430088],[112.6740834,21.6430162]]],[[[112.6740432,21.6432531],[112.6740673,21.6433628],[112.6741478,21.6432531],[112.6740432,21.6432531]]],[[[112.6740405,21.6329811],[112.6741277,21.6331681],[112.6742055,21.6330746],[112.6740405,21.6329811]]],[[[112.6740298,21.6339772],[112.6741505,21.6344197],[112.6741961,21.6340869],[112.6740298,21.6339772]]],[[[112.6738662,21.6434974],[112.6739815,21.6436595],[112.6740271,21.6435722],[112.6738662,21.6434974]]],[[[112.6737656,21.6361874],[112.6738366,21.6362223],[112.6738206,21.6361637],[112.6737656,21.6361874]]],[[[112.6737508,21.6437043],[112.6738957,21.6436744],[112.6737937,21.6436121],[112.6737508,21.6437043]]],[[[112.6737387,21.6316297],[112.6741169,21.6317407],[112.6737656,21.6313455],[112.6737387,21.6316297]]],[[[112.6736757,21.6309366],[112.673732,21.6311934],[112.674062,21.6310613],[112.6736757,21.6309366]]],[[[112.6735939,21.6322718],[112.6737213,21.6322418],[112.6736301,21.6322044],[112.6735939,21.6322718]]],[[[112.6733231,21.6404199],[112.67825,21.6395701],[112.6755739,21.634854],[112.6733231,21.6404199]]],[[[112.6729032,21.6308942],[112.6731741,21.6313854],[112.6733297,21.6310538],[112.6729032,21.6308942]]],[[[112.6722354,21.6472333],[112.6723078,21.6472719],[112.6723225,21.6472083],[112.6722354,21.6472333]]],[[[112.6721656,21.7056496],[112.6722622,21.7057069],[112.6722059,21.7055237],[112.6721656,21.7056496]]],[[[112.6717217,21.6304292],[112.6718022,21.630519],[112.6718183,21.6304516],[112.6717217,21.6304292]]],[[[112.6711329,21.6319706],[112.6736864,21.6333451],[112.6722461,21.6310065],[112.6711329,21.6319706]]],[[[112.6711008,21.6314727],[112.6715125,21.6314764],[112.6711813,21.6312109],[112.6711008,21.6314727]]],[[[112.6709425,21.6318566],[112.6710539,21.6319863],[112.6710901,21.6317743],[112.6709425,21.6318566]]],[[[112.670857,21.7052797],[112.6709452,21.705976],[112.6726343,21.7063423],[112.670857,21.7052797]]],[[[112.6708084,21.6323067],[112.6710726,21.6323515],[112.6710659,21.6322044],[112.6708084,21.6323067]]],[[[112.6704772,21.7048347],[112.6704839,21.7049157],[112.6705228,21.7048596],[112.6704772,21.7048347]]],[[[112.6690782,21.6131348],[112.6695961,21.6135471],[112.6696162,21.6130248],[112.6690782,21.6131348]]],[[[112.6690006,21.6479002],[112.6691079,21.6478802],[112.6690677,21.6478353],[112.6690006,21.6479002]]],[[[112.6685623,21.6489896],[112.6725657,21.6504892],[112.6721758,21.6475046],[112.6685623,21.6489896]]],[[[112.6659161,21.6144099],[112.6661531,21.6143876],[112.6660931,21.6142952],[112.6659161,21.6144099]]],[[[112.6638119,21.7077665],[112.6638749,21.7077217],[112.6638333,21.7076731],[112.6638119,21.7077665]]],[[[112.6636389,21.7076183],[112.6637328,21.7076307],[112.6637194,21.7075236],[112.6636389,21.7076183]]],[[[112.6632526,21.6144498],[112.663781,21.6143775],[112.663478,21.6142304],[112.6632526,21.6144498]]],[[[112.6625982,21.7032722],[112.6628637,21.7034292],[112.6627135,21.7030379],[112.6625982,21.7032722]]],[[[112.6624802,21.7037382],[112.6627699,21.7035587],[112.6625821,21.7034192],[112.6624802,21.7037382]]],[[[112.6618633,21.7054054],[112.6620081,21.7052434],[112.6618955,21.7051586],[112.6618633,21.7054054]]],[[[112.6616165,21.705814],[112.6617613,21.7060358],[112.6620162,21.7058788],[112.6616165,21.705814]]],[[[112.6613657,21.7078363],[112.6615186,21.7078251],[112.6614596,21.7077329],[112.6613657,21.7078363]]],[[[112.6600817,21.6179099],[112.6667154,21.6197885],[112.6610361,21.6141045],[112.6600817,21.6179099]]],[[[112.6597108,21.8283664],[112.6599032,21.8285873],[112.6600199,21.828418],[112.6597108,21.8283664]]],[[[112.6594439,21.6421387],[112.6595244,21.6422159],[112.6595646,21.6421337],[112.6594439,21.6421387]]],[[[112.6591972,21.7149234],[112.6607649,21.7149695],[112.6595606,21.7140824],[112.6591972,21.7149234]]],[[[112.6588686,21.713898],[112.6590241,21.7140138],[112.6593755,21.7137347],[112.6588686,21.713898]]],[[[112.6586513,21.8259835],[112.6594064,21.8264572],[112.6595177,21.8260227],[112.6586513,21.8259835]]],[[[112.6584408,21.714724],[112.6585454,21.7151028],[112.6590174,21.7149458],[112.6584408,21.714724]]],[[[112.6582476,21.7146293],[112.6584689,21.7145097],[112.6582852,21.7144374],[112.6582476,21.7146293]]],[[[112.6568824,21.6013129],[112.6575208,21.6013378],[112.6573759,21.6007543],[112.6568824,21.6013129]]],[[[112.6568073,21.6010436],[112.6569334,21.6009999],[112.6568288,21.6008765],[112.6568073,21.6010436]]],[[[112.6566035,21.6013752],[112.6568502,21.6015236],[112.6568234,21.6012992],[112.6566035,21.6013752]]],[[[112.6542002,21.5976494],[112.6543263,21.5978614],[112.6543799,21.5976669],[112.6542002,21.5976494]]],[[[112.6531649,21.5976818],[112.6533097,21.5979736],[112.6534653,21.5977292],[112.6531649,21.5976818]]],[[[112.6509574,21.6343063],[112.6510915,21.6343798],[112.6510902,21.6342826],[112.6509574,21.6343063]]],[[[112.6501662,21.6088291],[112.6502748,21.6088079],[112.6502265,21.6086533],[112.6501662,21.6088291]]],[[[112.6496391,21.6086346],[112.6498349,21.6086907],[112.6496994,21.6084226],[112.6496391,21.6086346]]],[[[112.6490477,21.6079675],[112.6491845,21.6080311],[112.6492006,21.6079376],[112.6490477,21.6079675]]],[[[112.6481719,21.6032893],[112.6482148,21.6034202],[112.648357,21.6034326],[112.6481719,21.6032893]]],[[[112.647728,21.8001568],[112.647728,21.8006268],[112.6479929,21.8005478],[112.647728,21.8001568]]],[[[112.6475161,21.635705],[112.6475979,21.63572],[112.6475269,21.6356564],[112.6475161,21.635705]]],[[[112.646854,21.7950641],[112.6469391,21.7951504],[112.6470246,21.7950735],[112.646854,21.7950641]]],[[[112.6464835,21.6017506],[112.6468711,21.6015373],[112.646623,21.6014401],[112.6464835,21.6017506]]],[[[112.6463909,21.601187],[112.6465291,21.6012356],[112.6465318,21.6011221],[112.6463909,21.601187]]],[[[112.644795,21.6357798],[112.6448674,21.6357698],[112.6448044,21.63572],[112.644795,21.6357798]]],[[[112.6444262,21.5868467],[112.6446462,21.5871111],[112.6446998,21.5868155],[112.6444262,21.5868467]]],[[[112.6441164,21.6355766],[112.6441459,21.6356252],[112.6441634,21.6355828],[112.6441164,21.6355766]]],[[[112.6413631,21.5926765],[112.6413672,21.5928374],[112.6416072,21.5928498],[112.6413631,21.5926765]]],[[[112.640997,21.5925842],[112.6412693,21.5925668],[112.6411767,21.5923473],[112.640997,21.5925842]]],[[[112.6405062,21.5926067],[112.6405062,21.5945644],[112.6417239,21.5935881],[112.6405062,21.5926067]]],[[[112.6402554,21.5968938],[112.6403546,21.5970733],[112.6405317,21.5969362],[112.6402554,21.5968938]]],[[[112.6402447,21.5973539],[112.6406296,21.5973564],[112.6403519,21.597193],[112.6402447,21.5973539]]],[[[112.6399188,21.6352836],[112.6399429,21.6353372],[112.6399885,21.6352649],[112.6399188,21.6352836]]],[[[112.6386045,21.6361226],[112.6386206,21.6362498],[112.638697,21.6361812],[112.6386045,21.6361226]]],[[[112.6352142,21.6776663],[112.6352799,21.6777324],[112.6353,21.6776751],[112.6352142,21.6776663]]],[[[112.6350626,21.6598587],[112.6351485,21.6601728],[112.6352705,21.6599896],[112.6350626,21.6598587]]],[[[112.6348856,21.594754],[112.6371011,21.5977192],[112.6398772,21.5958769],[112.6348856,21.594754]]],[[[112.6346979,21.6600332],[112.6347864,21.6601404],[112.6347931,21.6600432],[112.6346979,21.6600332]]],[[[112.6346214,21.6602613],[112.6347394,21.6603997],[112.6348306,21.6603286],[112.6346214,21.6602613]]],[[[112.6341413,21.5949734],[112.6341601,21.5950308],[112.6342137,21.5949697],[112.6341413,21.5949734]]],[[[112.6336679,21.6599971],[112.6339214,21.6602975],[112.6338999,21.6600993],[112.6336679,21.6599971]]],[[[112.6336464,21.6609269],[112.6337135,21.6609381],[112.6337081,21.6608808],[112.6336464,21.6609269]]],[[[112.6336102,21.6677433],[112.6340474,21.6672915],[112.6336806,21.6674261],[112.6336102,21.6677433]]],[[[112.6333889,21.660457],[112.6334989,21.6606415],[112.633574,21.6605816],[112.6333889,21.660457]]],[[[112.632772,21.6649477],[112.6328067,21.6649636],[112.6328138,21.6649254],[112.632772,21.6649477]]],[[[112.6327036,21.6589476],[112.6327358,21.6590199],[112.6327546,21.65897],[112.6327036,21.6589476]]],[[[112.6289365,21.6268201],[112.6289811,21.6268805],[112.6289982,21.6268088],[112.6289365,21.6268201]]],[[[112.6272842,21.7089378],[112.6273942,21.7090412],[112.6273768,21.7089365],[112.6272842,21.7089378]]],[[[112.6260544,21.7790242],[112.62609,21.779033],[112.626096,21.7789931],[112.6260544,21.7790242]]],[[[112.6259921,21.7790691],[112.626041,21.7790591],[112.6260243,21.7790411],[112.6259921,21.7790691]]],[[[112.6259599,21.778673],[112.6259606,21.778706],[112.6259881,21.7786811],[112.6259599,21.778673]]],[[[112.6259465,21.7786332],[112.625982,21.7786245],[112.6259525,21.7785989],[112.6259465,21.7786332]]],[[[112.6258338,21.7786195],[112.6258714,21.7786263],[112.625866,21.7785722],[112.6258338,21.7786195]]],[[[112.6256548,21.7785815],[112.6257239,21.7786095],[112.6257379,21.7785572],[112.6256548,21.7785815]]],[[[112.6253624,21.773428],[112.6254576,21.7734679],[112.6254449,21.7734081],[112.6253624,21.773428]]],[[[112.6253048,21.773357],[112.625347,21.7733633],[112.6253336,21.7733172],[112.6253048,21.773357]]],[[[112.6252645,21.7732319],[112.6253007,21.7732456],[112.6253007,21.7732113],[112.6252645,21.7732319]]],[[[112.6250298,21.7800946],[112.625056,21.7800946],[112.6250567,21.7800654],[112.6250298,21.7800946]]],[[[112.624893,21.7803375],[112.6249199,21.78034],[112.6248952,21.7803175],[112.624893,21.7803375]]],[[[112.6246,21.7806837],[112.6246275,21.7807665],[112.6246912,21.7806968],[112.6246,21.7806837]]],[[[112.6245517,21.7814639],[112.6246047,21.7814446],[112.6245658,21.7814228],[112.6245517,21.7814639]]],[[[112.6243184,21.7814564],[112.6243633,21.7814782],[112.6243385,21.7814303],[112.6243184,21.7814564]]],[[[112.6242158,21.6243042],[112.6243257,21.6243466],[112.6243097,21.6242169],[112.6242158,21.6243042]]],[[[112.6241809,21.7814614],[112.6242232,21.781462],[112.6242299,21.7814266],[112.6241809,21.7814614]]],[[[112.6239321,21.781769],[112.6239549,21.7818213],[112.6239818,21.781789],[112.6239321,21.781769]]],[[[112.623906,21.7818157],[112.6239254,21.781868],[112.6239402,21.7818294],[112.623906,21.7818157]]],[[[112.6238966,21.6244738],[112.6239891,21.6246265],[112.6240374,21.6244844],[112.6238966,21.6244738]]],[[[112.6238691,21.7819515],[112.6239114,21.7819533],[112.6238785,21.7819191],[112.6238691,21.7819515]]],[[[112.6238222,21.7820411],[112.6238671,21.7820443],[112.6238403,21.7820113],[112.6238222,21.7820411]]],[[[112.62327,21.7725861],[112.623298,21.7726387],[112.6233689,21.7725718],[112.62327,21.7725861]]],[[[112.6185496,21.6180917],[112.6188138,21.6180605],[112.6185845,21.6177264],[112.6185496,21.6180917]]],[[[112.6145746,21.6093678],[112.6149581,21.6090573],[112.6145853,21.6091122],[112.6145746,21.6093678]]],[[[112.61401,21.6092481],[112.6141722,21.6094438],[112.6143479,21.6091146],[112.61401,21.6092481]]],[[[112.6135433,21.6100099],[112.613727,21.6102717],[112.6137243,21.6099575],[112.6135433,21.6100099]]],[[[112.6131758,21.609288],[112.613275,21.6096171],[112.6134266,21.6091695],[112.6131758,21.609288]]],[[[112.6101972,21.6151309],[112.6102026,21.6152665],[112.6103005,21.6152266],[112.6101972,21.6151309]]],[[[112.6099209,21.6153076],[112.6100644,21.61536],[112.6100591,21.6151567],[112.6099209,21.6153076]]],[[[112.6096246,21.6154921],[112.609701,21.6155445],[112.6096997,21.6154448],[112.6096246,21.6154921]]],[[[112.6090063,21.6157502],[112.6092035,21.6156393],[112.6091257,21.6155607],[112.6090063,21.6157502]]],[[[112.6087596,21.6155283],[112.608903,21.6157091],[112.6088856,21.615451],[112.6087596,21.6155283]]],[[[112.6036768,21.6153749],[112.6037626,21.6154161],[112.6037773,21.6153425],[112.6036768,21.6153749]]],[[[112.5993611,21.5898059],[112.5995193,21.5898209],[112.5994013,21.5897623],[112.5993611,21.5898059]]],[[[112.5964066,21.5911427],[112.5970383,21.59123],[112.5966467,21.590503],[112.5964066,21.5911427]]],[[[112.5957334,21.5916789],[112.5961585,21.5918223],[112.5960942,21.5915704],[112.5957334,21.5916789]]],[[[112.5956355,21.591972],[112.5957589,21.5919782],[112.5956784,21.5919183],[112.5956355,21.591972]]],[[[112.5952104,21.5946667],[112.5952747,21.5946642],[112.5952198,21.5946193],[112.5952104,21.5946667]]],[[[112.5952023,21.594113],[112.5954866,21.5947465],[112.5956824,21.5944298],[112.5952023,21.594113]]],[[[112.591976,21.7604625],[112.591988,21.7605709],[112.5920494,21.7605566],[112.591976,21.7604625]]],[[[112.5854941,21.689696],[112.5854941,21.6897508],[112.5855638,21.6897134],[112.5854941,21.689696]]],[[[112.5848396,21.6901695],[112.5849482,21.6902131],[112.5848544,21.6901047],[112.5848396,21.6901695]]],[[[112.5840256,21.6908486],[112.5840611,21.6908773],[112.5840705,21.6908462],[112.5840256,21.6908486]]],[[[112.5813209,21.7612176],[112.5814242,21.761218],[112.581396,21.7611298],[112.5813209,21.7612176]]],[[[112.580713,21.5934995],[112.5808156,21.5935612],[112.5808304,21.5935151],[112.580713,21.5934995]]],[[[112.5795704,21.6149311],[112.5796401,21.6149535],[112.5796536,21.6149061],[112.5795704,21.6149311]]],[[[112.5790769,21.6148239],[112.579498,21.6150258],[112.5793692,21.6147092],[112.5790769,21.6148239]]],[[[112.5787926,21.6839511],[112.5788516,21.6839723],[112.5788194,21.6839361],[112.5787926,21.6839511]]],[[[112.5785324,21.6839212],[112.578586,21.6838476],[112.5785404,21.6838476],[112.5785324,21.6839212]]],[[[112.5782856,21.6115148],[112.5791822,21.6142878],[112.580836,21.6119752],[112.5782856,21.6115148]]],[[[112.5761667,21.6015748],[112.5763008,21.6016483],[112.5763088,21.6015685],[112.5761667,21.6015748]]],[[[112.5753204,21.6849216],[112.5780431,21.6851539],[112.5756235,21.6830862],[112.5753204,21.6849216]]],[[[112.5745882,21.5932102],[112.5747947,21.5932164],[112.5746888,21.593103],[112.5745882,21.5932102]]],[[[112.5737876,21.592472],[112.5739351,21.5925169],[112.5737956,21.5924109],[112.5737876,21.592472]]],[[[112.571535,21.5922722],[112.5740772,21.5921802],[112.5725104,21.5912823],[112.571535,21.5922722]]],[[[112.5711912,21.5912973],[112.571269,21.5915118],[112.5713494,21.5913173],[112.5711912,21.5912973]]],[[[112.5642751,21.658019],[112.5643214,21.6580729],[112.564314,21.6580093],[112.5642751,21.658019]]],[[[112.5642014,21.6579654],[112.5642242,21.6580203],[112.5642362,21.6579567],[112.5642014,21.6579654]]],[[[112.5641209,21.6580078],[112.5641356,21.6580701],[112.5641611,21.6579592],[112.5641209,21.6580078]]],[[[112.5591065,21.6421312],[112.5591728,21.6421586],[112.5591373,21.6421112],[112.5591065,21.6421312]]],[[[112.5573865,21.668903],[112.5574569,21.6689273],[112.557459,21.6688457],[112.5573865,21.668903]]],[[[112.5564079,21.6677121],[112.5564397,21.667719],[112.5564206,21.6676838],[112.5564079,21.6677121]]],[[[112.5551704,21.5960814],[112.5552019,21.5960851],[112.5551905,21.5960178],[112.5551704,21.5960814]]],[[[112.5549088,21.5959804],[112.5549883,21.5960599],[112.5550034,21.5959467],[112.5549088,21.5959804]]],[[[112.5547412,21.6383266],[112.5550014,21.6383042],[112.5549129,21.6382094],[112.5547412,21.6383266]]],[[[112.5519148,21.6150639],[112.551949,21.6151087],[112.5519564,21.6150689],[112.5519148,21.6150639]]],[[[112.5518505,21.6152023],[112.5519034,21.615292],[112.5519021,21.615221],[112.5518505,21.6152023]]],[[[112.5517807,21.6150227],[112.5518196,21.6150539],[112.5518344,21.6150221],[112.5517807,21.6150227]]],[[[112.5511149,21.5926541],[112.5513214,21.5927339],[112.5512081,21.5925069],[112.5511149,21.5926541]]],[[[112.5452247,21.6121532],[112.5452381,21.6123128],[112.545442,21.6121706],[112.5452247,21.6121532]]],[[[112.5298879,21.6249874],[112.5300112,21.6249874],[112.5299294,21.6248877],[112.5298879,21.6249874]]],[[[112.5298738,21.6240736],[112.5299462,21.6241328],[112.5299596,21.6240692],[112.5298738,21.6240736]]],[[[112.5284406,21.616519],[112.5284743,21.6165619],[112.5284887,21.6165391],[112.5284406,21.616519]]],[[[112.5269669,21.7641929],[112.5270501,21.7642726],[112.5271198,21.7641829],[112.5269669,21.7641929]]],[[[112.5260147,21.617179],[112.5261529,21.6172788],[112.5261489,21.6171653],[112.5260147,21.617179]]],[[[112.5257626,21.764026],[112.5258109,21.7647185],[112.5268598,21.7638615],[112.5257626,21.764026]]],[[[112.5227371,21.7679194],[112.5227827,21.7679543],[112.5228095,21.7679119],[112.5227371,21.7679194]]],[[[112.522719,21.7668123],[112.5233997,21.7672218],[112.5232837,21.7662169],[112.522719,21.7668123]]],[[[112.5202346,21.5922432],[112.5203519,21.5922519],[112.5202963,21.5921808],[112.5202346,21.5922432]]],[[[112.4614017,21.6726837],[112.4615425,21.6727722],[112.4615331,21.6726538],[112.4614017,21.6726837]]],[[[112.4602711,21.6878479],[112.4603516,21.6879065],[112.4603744,21.6878342],[112.4602711,21.6878479]]],[[[112.4590712,21.6877401],[112.4591459,21.6877632],[112.4590893,21.687698],[112.4590712,21.6877401]]],[[[112.4549992,21.6936213],[112.4550582,21.6936263],[112.4550582,21.6935677],[112.4549992,21.6936213]]],[[[112.4549872,21.6938506],[112.4553506,21.6941471],[112.455596,21.6937384],[112.4549872,21.6938506]]],[[[112.4548222,21.6931739],[112.4548678,21.6932225],[112.4548799,21.6931228],[112.4548222,21.6931739]]],[[[112.4539022,21.6916038],[112.4539518,21.6915826],[112.4539223,21.691549],[112.4539022,21.6916038]]],[[[112.4526228,21.6532962],[112.4527824,21.6532738],[112.4526724,21.6531828],[112.4526228,21.6532962]]],[[[112.4524364,21.6532813],[112.4525477,21.6533024],[112.4525209,21.6532189],[112.4524364,21.6532813]]],[[[112.4500975,21.6461214],[112.4506299,21.6458721],[112.4502316,21.6456365],[112.4500975,21.6461214]]],[[[112.4500291,21.6462011],[112.4500787,21.6465228],[112.4503121,21.646428],[112.4500291,21.6462011]]],[[[112.4499875,21.6455193],[112.4502531,21.6455567],[112.4500841,21.6453261],[112.4499875,21.6455193]]],[[[112.4459615,21.6527951],[112.446044,21.6531211],[112.4462029,21.6529192],[112.4459615,21.6527951]]],[[[112.4417639,21.6523339],[112.4419463,21.6522741],[112.4418282,21.6521445],[112.4417639,21.6523339]]],[[[112.4398676,21.6727778],[112.4400875,21.6728837],[112.4401364,21.6727859],[112.4398676,21.6727778]]],[[[112.4393905,21.6726977],[112.4394971,21.6727532],[112.4394749,21.6726551],[112.4393905,21.6726977]]],[[[112.389949,21.7302662],[112.3900562,21.7302812],[112.3900321,21.730199],[112.389949,21.7302662]]],[[[112.3888063,21.7302214],[112.3889512,21.7302712],[112.3889646,21.7301242],[112.3888063,21.7302214]]],[[[112.3886937,21.7301342],[112.3887044,21.7302338],[112.3887661,21.7301342],[112.3886937,21.7301342]]],[[[112.3593597,21.7253278],[112.3593597,21.7253863],[112.3594321,21.7253265],[112.3593597,21.7253278]]],[[[112.3593289,21.7249291],[112.3593771,21.7251584],[112.3595434,21.724954],[112.3593289,21.7249291]]],[[[112.3588192,21.7252954],[112.359184,21.7253801],[112.359184,21.724979],[112.3588192,21.7252954]]],[[[112.3587817,21.7243299],[112.3588099,21.7244831],[112.3588487,21.7243324],[112.3587817,21.7243299]]],[[[112.3587093,21.7246575],[112.3588367,21.7247672],[112.3588501,21.7246239],[112.3587093,21.7246575]]],[[[112.3582399,21.723981],[112.3583458,21.7240309],[112.3583096,21.7238577],[112.3582399,21.723981]]],[[[112.3581628,21.7244987],[112.358254,21.724698],[112.3584799,21.724523],[112.3581628,21.7244987]]],[[[112.3580803,21.7244183],[112.3582908,21.7243872],[112.3581661,21.72428],[112.3580803,21.7244183]]],[[[112.3572421,21.4630214],[112.357505,21.4629614],[112.3573172,21.4627692],[112.3572421,21.4630214]]],[[[112.3571831,21.4626394],[112.3584893,21.4626744],[112.3583955,21.4618606],[112.3571831,21.4626394]]],[[[112.356829,21.7188],[112.3568586,21.7189252],[112.3569182,21.7188131],[112.356829,21.7188]]],[[[112.3566594,21.719043],[112.3567298,21.7190922],[112.3567694,21.7190075],[112.3566594,21.719043]]],[[[112.355099,21.4681759],[112.3551768,21.4681909],[112.3551741,21.4680986],[112.355099,21.4681759]]],[[[112.3542702,21.4692717],[112.3543695,21.4695213],[112.3545358,21.4692842],[112.3542702,21.4692717]]],[[[112.354171,21.4691844],[112.3547369,21.4690346],[112.3543212,21.4687101],[112.354171,21.4691844]]],[[[112.3526475,21.7163674],[112.3527803,21.7166751],[112.3528835,21.7164409],[112.3526475,21.7163674]]],[[[112.3525576,21.720221],[112.3531678,21.7204266],[112.3534977,21.7198709],[112.3525576,21.720221]]],[[[112.3524477,21.7204203],[112.3525616,21.7203879],[112.3525214,21.7203231],[112.3524477,21.7204203]]],[[[112.3519032,21.7206359],[112.3523431,21.7207343],[112.3523833,21.7204153],[112.3519032,21.7206359]]],[[[112.3509577,21.7197812],[112.3510542,21.7197899],[112.3510341,21.7196902],[112.3509577,21.7197812]]],[[[112.3507565,21.7200603],[112.3509389,21.7202285],[112.3509778,21.7201151],[112.3507565,21.7200603]]],[[[112.3504736,21.7202895],[112.3505715,21.7203107],[112.3505849,21.720211],[112.3504736,21.7202895]]],[[[112.3498499,21.720596],[112.3499586,21.7206122],[112.3498593,21.7205237],[112.3498499,21.720596]]],[[[112.349803,21.7194111],[112.3498982,21.7195395],[112.3499666,21.7193912],[112.349803,21.7194111]]],[[[112.3497909,21.7196927],[112.3498848,21.71976],[112.3498513,21.7196155],[112.3497909,21.7196927]]],[[[112.3497185,21.7206246],[112.3497185,21.7206832],[112.349795,21.7206359],[112.3497185,21.7206246]]],[[[112.3497078,21.721655],[112.3499626,21.7217235],[112.3499398,21.7215329],[112.3497078,21.721655]]],[[[112.3496783,21.7210757],[112.3501839,21.7209187],[112.3501249,21.7207131],[112.3496783,21.7210757]]],[[[112.3496421,21.7218095],[112.3497158,21.7217771],[112.3496582,21.721721],[112.3496421,21.7218095]]],[[[112.3495093,21.7134831],[112.3496152,21.7134955],[112.3495656,21.7133971],[112.3495093,21.7134831]]],[[[112.3494583,21.7206496],[112.3495415,21.7206496],[112.3494892,21.7205748],[112.3494583,21.7206496]]],[[[112.3494503,21.7213672],[112.3494999,21.7214856],[112.3495442,21.7213709],[112.3494503,21.7213672]]],[[[112.3494114,21.721944],[112.3495576,21.7218792],[112.3495039,21.7217945],[112.3494114,21.721944]]],[[[112.349339,21.7217459],[112.3494919,21.7217709],[112.3494892,21.7216899],[112.349339,21.7217459]]],[[[112.3492639,21.7174588],[112.3493336,21.7176756],[112.3495361,21.71747],[112.3492639,21.7174588]]],[[[112.3491955,21.7178737],[112.3493014,21.7179435],[112.3493148,21.7178563],[112.3491955,21.7178737]]],[[[112.3490077,21.7173567],[112.3490694,21.7174538],[112.3490801,21.7173616],[112.3490077,21.7173567]]],[[[112.3485678,21.7132987],[112.3486108,21.7134718],[112.3487368,21.7133236],[112.3485678,21.7132987]]],[[[112.3484592,21.7179447],[112.3485196,21.7179696],[112.3485464,21.7179098],[112.3484592,21.7179447]]],[[[112.3483694,21.7132239],[112.3484324,21.7132837],[112.3485155,21.7132214],[112.3483694,21.7132239]]],[[[112.3483546,21.717556],[112.3484632,21.7175685],[112.3484243,21.7174999],[112.3483546,21.717556]]],[[[112.3483171,21.7133747],[112.3485115,21.7133373],[112.3483412,21.7133111],[112.3483171,21.7133747]]],[[[112.3480234,21.7136089],[112.3480368,21.7137198],[112.3480797,21.7136699],[112.3480234,21.7136089]]],[[[112.3480006,21.7168732],[112.3480488,21.7169605],[112.3480596,21.7168919],[112.3480006,21.7168732]]],[[[112.3477256,21.7169891],[112.3477793,21.7170103],[112.3477833,21.7169455],[112.3477256,21.7169891]]],[[[112.3477203,21.7137372],[112.3478088,21.7138867],[112.3479295,21.7137908],[112.3477203,21.7137372]]],[[[112.347106,21.7138282],[112.347153,21.7139465],[112.3472549,21.7139142],[112.347106,21.7138282]]],[[[112.3469706,21.7122894],[112.3470081,21.7123766],[112.3471194,21.7122658],[112.3469706,21.7122894]]],[[[112.3382051,21.71709],[112.3388786,21.7175578],[112.3390983,21.7170153],[112.3382051,21.71709]]],[[[112.3353821,21.7169704],[112.335417,21.7170203],[112.3355149,21.7169193],[112.3353821,21.7169704]]],[[[112.3351005,21.7168932],[112.335185,21.7168919],[112.335185,21.7168359],[112.3351005,21.7168932]]],[[[112.3350857,21.7167424],[112.335189,21.7167599],[112.3351206,21.7167013],[112.3350857,21.7167424]]],[[[112.3151207,21.7074289],[112.3152179,21.7074332],[112.3151408,21.7073728],[112.3151207,21.7074289]]],[[[112.3133974,21.7058745],[112.3134034,21.7060109],[112.3135945,21.7059791],[112.3133974,21.7058745]]],[[[112.3087759,21.7040559],[112.3088537,21.7040646],[112.3088577,21.7040285],[112.3087759,21.7040559]]],[[[112.3084795,21.704097],[112.3086566,21.7040908],[112.3085828,21.7039899],[112.3084795,21.704097]]],[[[112.308163,21.7042154],[112.3082046,21.7042939],[112.3082274,21.7042179],[112.308163,21.7042154]]]]}},{"type":"Feature","properties":{"name":"湛江市","osm_relation":3484419},"geometry":{"type":"MultiPolygon","coordinates":[[[[109.6646599,20.937],[109.66926,20.9585299],[109.68714,20.95211],[109.6725499,20.95921],[109.6796599,20.97625],[109.6864,21.0048799],[109.69949,21.0294399],[109.69805,21.0206799],[109.69182,21.01213],[109.6975599,21.0139801],[109.7033399,21.02741],[109.70192,21.03384],[109.7065699,21.0364499],[109.7104499,21.06172],[109.7062399,21.07275],[109.6955401,21.0891401],[109.68459,21.1019299],[109.6756285,21.1182869],[109.6776301,21.1283899],[109.69148,21.1454901],[109.69362,21.1518201],[109.70449,21.1638699],[109.7233,21.1789501],[109.7265401,21.18515],[109.7358099,21.19295],[109.7426899,21.19094],[109.7376801,21.1831801],[109.73829,21.17546],[109.74594,21.1634099],[109.7492,21.16756],[109.74031,21.1806201],[109.7443038,21.1868627],[109.7525811,21.1910842],[109.7657112,21.2074812],[109.7714181,21.2187149],[109.77433,21.23185],[109.7744999,21.2452399],[109.7721499,21.2635],[109.76778,21.27686],[109.77163,21.2763699],[109.7751699,21.29674],[109.7708001,21.32631],[109.76119,21.3419501],[109.7535869,21.3446032],[109.7690499,21.35501],[109.77443,21.35336],[109.7851501,21.33646],[109.79277,21.34682],[109.8015099,21.3516399],[109.82047,21.35177],[109.8297101,21.34836],[109.84491,21.3545199],[109.85947,21.3559],[109.8704299,21.3599699],[109.88638,21.35827],[109.90562,21.3593001],[109.92074,21.3579799],[109.92682,21.3544199],[109.94499,21.34925],[109.91659,21.36156],[109.90194,21.3733199],[109.8996699,21.3823101],[109.9051199,21.3894201],[109.90883,21.4078601],[109.9083599,21.4147999],[109.92085,21.41785],[109.9312599,21.42396],[109.9302399,21.4309099],[109.93943,21.43406],[109.9451301,21.4455501],[109.9243301,21.4317701],[109.9204699,21.43239],[109.90975,21.45009],[109.90981,21.4603799],[109.9203599,21.4661201],[109.91974,21.4751301],[109.92395,21.4832601],[109.9434601,21.48609],[109.93464,21.4877099],[109.9230046,21.485498],[109.917066,21.4794027],[109.9152299,21.47174],[109.89692,21.45605],[109.87657,21.4559199],[109.8653199,21.4522401],[109.8304001,21.45174],[109.82266,21.45683],[109.81523,21.4567801],[109.792257,21.4704656],[109.7983999,21.4797001],[109.79633,21.49797],[109.7933799,21.5051601],[109.7806193,21.5226995],[109.7774793,21.5303938],[109.7633431,21.5488421],[109.7559478,21.5522261],[109.7504921,21.5593628],[109.7490122,21.5740181],[109.7517042,21.5758064],[109.7419445,21.5945735],[109.7429566,21.6117187],[109.7387426,21.6173983],[109.7415974,21.6257919],[109.7491325,21.6306674],[109.7477052,21.6344319],[109.7614145,21.6600711],[109.7613087,21.6700814],[109.7696308,21.6759752],[109.7736048,21.6728567],[109.7755477,21.6629261],[109.7815529,21.6501219],[109.7798749,21.641339],[109.7893243,21.6383017],[109.7964775,21.6302569],[109.802656,21.6318166],[109.8014328,21.6390572],[109.8057336,21.6473737],[109.8152878,21.6405181],[109.8229709,21.6424882],[109.8328617,21.639451],[109.8401033,21.6410927],[109.8404565,21.6470028],[109.8487578,21.6490549],[109.8499058,21.6536514],[109.8601499,21.6495474],[109.8698958,21.6608702],[109.8787413,21.6515169],[109.8841319,21.6552235],[109.8942014,21.6524002],[109.9002951,21.6609006],[109.907066,21.6640148],[109.9116406,21.6716081],[109.905,21.6785981],[109.9094444,21.6789366],[109.910026,21.6863108],[109.9013976,21.6877257],[109.9013976,21.6965321],[109.911059,21.7085851],[109.9189757,21.7070638],[109.9201476,21.7260569],[109.9184549,21.7303016],[109.9247396,21.7363238],[109.9375434,21.73949],[109.9309763,21.7445085],[109.927066,21.7545421],[109.9336285,21.7645985],[109.928559,21.7668034],[109.9357726,21.7709505],[109.9338021,21.7763563],[109.9343576,21.7899826],[109.9314323,21.8014974],[109.9366927,21.8096571],[109.932066,21.8156749],[109.9425955,21.8271593],[109.9412934,21.8337652],[109.9491927,21.8450911],[109.9411892,21.847105],[109.9828125,21.8761979],[109.9820486,21.8819531],[110.0006771,21.8828885],[110.0021875,21.8777995],[110.012934,21.8767513],[110.0177691,21.8723242],[110.0264323,21.8744184],[110.0339149,21.8724805],[110.0468403,21.8598199],[110.0534549,21.863355],[110.0633247,21.8621549],[110.0774826,21.8670204],[110.0875347,21.886263],[110.0926563,21.8888173],[110.0966667,21.8727756],[110.1033854,21.8733247],[110.1026476,21.8850998],[110.1105122,21.8930317],[110.1153318,21.9042177],[110.1289236,21.902411],[110.1373351,21.8843663],[110.1391753,21.8925608],[110.1463715,21.8996615],[110.1598958,21.8967405],[110.1706076,21.9012934],[110.2076476,21.8957509],[110.2057639,21.8896918],[110.2280469,21.8815278],[110.2502691,21.8844141],[110.2681424,21.897691],[110.2793403,21.8949241],[110.2813108,21.9069314],[110.2858681,21.9135156],[110.2859983,21.9206641],[110.2998002,21.9115904],[110.309625,21.9088655],[110.3194804,21.8954848],[110.331108,21.8906855],[110.3442325,21.8937698],[110.3492546,21.8898742],[110.3538725,21.8926089],[110.3634149,21.8914741],[110.3764683,21.8955187],[110.3830524,21.8927834],[110.3853478,21.8822371],[110.3901826,21.8766126],[110.3938545,21.8642402],[110.382804,21.8547442],[110.3680386,21.8588648],[110.3579341,21.8715732],[110.3475175,21.8668183],[110.3497223,21.8590148],[110.3476213,21.8488308],[110.3393576,21.8423287],[110.3348357,21.8251103],[110.3348785,21.8088979],[110.3405991,21.8027475],[110.3436369,21.811886],[110.3533681,21.8179888],[110.3603649,21.8092277],[110.3444622,21.8109141],[110.3441143,21.8046159],[110.3577085,21.8001778],[110.3658075,21.8032423],[110.3672487,21.8100194],[110.3726761,21.8091103],[110.3710161,21.8012606],[110.382196,21.7980299],[110.3837846,21.7915408],[110.3697221,21.7838716],[110.3661288,21.7702104],[110.3711111,21.7621725],[110.3617532,21.7585785],[110.3608334,21.7505035],[110.3642361,21.7339997],[110.3642017,21.7242837],[110.3469182,21.7161283],[110.3534689,21.7075746],[110.3492539,21.7030789],[110.3571011,21.7014914],[110.3655293,21.6910198],[110.3654857,21.6849976],[110.3798876,21.6763998],[110.3803997,21.6811461],[110.3878644,21.6840317],[110.3921702,21.6760455],[110.3942271,21.687628],[110.3982986,21.6916256],[110.4056854,21.6898547],[110.4028211,21.6861762],[110.4077518,21.6781818],[110.3909022,21.6750648],[110.3885325,21.6715496],[110.3779345,21.6698744],[110.3821612,21.6523263],[110.3894875,21.6550891],[110.4024562,21.6510092],[110.3993469,21.6410229],[110.3922049,21.6442881],[110.3948526,21.6369706],[110.3876911,21.6377081],[110.3935588,21.6299417],[110.3984898,21.6326153],[110.4009805,21.620495],[110.4080901,21.6193983],[110.4080557,21.6067993],[110.40197,21.6042168],[110.4062583,21.5977911],[110.4060678,21.590621],[110.4134023,21.5878366],[110.4156425,21.5936956],[110.4131855,21.6008053],[110.4226825,21.6025147],[110.4336027,21.5958943],[110.4386454,21.5893598],[110.4351913,21.5836388],[110.4233251,21.5830533],[110.4242452,21.5742947],[110.4181072,21.5646307],[110.4298219,21.556273],[110.4392189,21.5587871],[110.4457983,21.5528841],[110.4508249,21.5569272],[110.4590625,21.5544447],[110.4608596,21.5487396],[110.4673962,21.5546574],[110.4739062,21.55528],[110.4794179,21.5465411],[110.4788019,21.5359507],[110.473246,21.5287154],[110.4806679,21.5162301],[110.4941054,21.5196156],[110.5080472,21.5011634],[110.5020399,21.4943358],[110.5129952,21.4924452],[110.5137937,21.4830766],[110.5229599,21.4808786],[110.5281335,21.4829813],[110.5372136,21.4758742],[110.5411715,21.481873],[110.537456,21.496146],[110.5527866,21.5153843],[110.5604422,21.5195049],[110.5707635,21.5189035],[110.5731532,21.5018645],[110.5858503,21.5033291],[110.5948173,21.5100456],[110.5991664,21.5028362],[110.6046003,21.5020791],[110.6131946,21.4908596],[110.6103032,21.4875326],[110.6169009,21.4837975],[110.6411284,21.485627],[110.639175,21.499668],[110.6407901,21.5039385],[110.6497311,21.5023215],[110.6535763,21.5063068],[110.6525956,21.4935767],[110.6581682,21.49566],[110.6639931,21.4916574],[110.6612669,21.4994531],[110.6801039,21.4913718],[110.6830815,21.4993138],[110.6762764,21.5048719],[110.6757115,21.5125957],[110.6677428,21.5152536],[110.6695103,21.5235693],[110.6833935,21.5189382],[110.6960964,21.5193574],[110.7082629,21.5282202],[110.7250857,21.5269826],[110.723691,21.5336494],[110.7316732,21.5365037],[110.7206762,21.5504048],[110.7235086,21.5583777],[110.7207813,21.567357],[110.722917,21.5762303],[110.7297746,21.578136],[110.7320227,21.5879901],[110.7425955,21.5913431],[110.7432204,21.5993834],[110.7387497,21.6088298],[110.732977,21.6112978],[110.731695,21.6264496],[110.7431156,21.6381313],[110.7499564,21.6373328],[110.7569877,21.6455515],[110.7569274,21.6505882],[110.7672747,21.6504078],[110.7751479,21.6407836],[110.7823526,21.6359053],[110.7936809,21.6344616],[110.7947313,21.6232684],[110.790937,21.6119983],[110.7933942,21.6043724],[110.7889585,21.5984963],[110.7910677,21.5821764],[110.8091324,21.5857052],[110.8143577,21.5788235],[110.8132467,21.5717035],[110.8218316,21.5624568],[110.8141669,21.5543033],[110.8175864,21.5446331],[110.8243405,21.5453079],[110.8435766,21.5303641],[110.8484373,21.5239692],[110.844219,21.5197657],[110.8517356,21.5064087],[110.8358245,21.496471],[110.8426826,21.4943813],[110.848897,21.5016838],[110.8544268,21.4950907],[110.8579164,21.5044833],[110.8628731,21.5088406],[110.8661807,21.5007274],[110.8711804,21.5010898],[110.8726736,21.4914325],[110.8699136,21.4874084],[110.8733505,21.4794967],[110.8659721,21.4738606],[110.8715363,21.4696548],[110.8794445,21.4723896],[110.8934891,21.463722],[110.8914145,21.4539904],[110.8878822,21.4573152],[110.8857989,21.4505727],[110.8759631,21.4475497],[110.889071,21.4393728],[110.8897832,21.432381],[110.897474,21.4285002],[110.9064149,21.44059],[110.9152686,21.4445311],[110.9225086,21.4438084],[110.9247829,21.4519137],[110.9338369,21.4450885],[110.9455463,21.4463951],[110.9562322,21.4531471],[110.956849,21.4384292],[110.9600952,21.4372834],[110.9619357,21.4240038],[110.966755926,21.422340915],[110.9497495,21.4148629],[110.9420833,21.4150801],[110.9372661,21.4194933],[110.9251541,21.4160633],[110.9114163,21.4075811],[110.8912179,21.3886447],[110.8787039,21.3852687],[110.8753619,21.3877238],[110.863114,21.3851264],[110.8572096,21.3905935],[110.8452458,21.3932691],[110.8314165,21.3872542],[110.8265106,21.3941749],[110.8159915,21.399458],[110.7974705,21.3952529],[110.7963131,21.4024595],[110.7798457,21.3988996],[110.7655442,21.3916248],[110.7537746,21.3826088],[110.7440007,21.3841373],[110.74134,21.37567],[110.7320648,21.3699655],[110.7118088,21.3504314],[110.68982,21.3209155],[110.6776535,21.3060979],[110.6705618,21.293203],[110.66104,21.2679001],[110.6523181,21.2490937],[110.6399846,21.2413524],[110.6422913,21.2454824],[110.6443553,21.2669513],[110.6441957,21.2828614],[110.6410038,21.2888745],[110.6431818,21.2969417],[110.6416651,21.3060898],[110.6347865,21.3111355],[110.6307363,21.305758],[110.6281131,21.3192514],[110.6309295,21.3380901],[110.6236017,21.3474486],[110.6267599,21.3525399],[110.6281185,21.3613029],[110.6334668,21.3657342],[110.6303716,21.3710645],[110.6231537,21.3697482],[110.6243366,21.3646651],[110.6212735,21.3439661],[110.6176901,21.3372507],[110.6159145,21.3206557],[110.617792,21.3076622],[110.62335,21.2863501],[110.6297708,21.2683298],[110.63084,21.25907],[110.6349701,21.25419],[110.63694,21.23437],[110.63051,21.2270099],[110.614888,21.2190962],[110.6075162,21.2236999],[110.6064773,21.2307387],[110.6022828,21.2294],[110.6061351,21.2190409],[110.5791701,21.2185401],[110.5775199,21.22084],[110.55802,21.2222001],[110.54266,21.2156],[110.53554,21.2094],[110.5223601,21.20935],[110.5160201,21.21514],[110.5014501,21.2201199],[110.4893599,21.22137],[110.4803201,21.21696],[110.4773201,21.21103],[110.4671976,21.210775],[110.4565138,21.2062744],[110.45417,21.1942099],[110.4496599,21.19047],[110.4337401,21.1899],[110.4265254,21.1986701],[110.4357244,21.2102277],[110.44036,21.2200369],[110.4409273,21.2344419],[110.43863,21.2413042],[110.4431302,21.2427148],[110.4461794,21.2341273],[110.4482963,21.2418074],[110.4421075,21.2463344],[110.4350338,21.2431984],[110.427956,21.2555442],[110.4246381,21.2665444],[110.4325629,21.287394],[110.4393118,21.2927958],[110.4516656,21.2916479],[110.4549259,21.2859918],[110.4684103,21.2873616],[110.47871,21.28378],[110.4854301,21.28856],[110.48938,21.2968199],[110.4762201,21.28853],[110.46548,21.2940399],[110.4471901,21.29977],[110.4608801,21.3121799],[110.45948,21.3211799],[110.4544201,21.31267],[110.42646,21.2997001],[110.42326,21.3069],[110.42291,21.32621],[110.42659,21.33292],[110.42324,21.3437201],[110.42679,21.35326],[110.42416,21.3568699],[110.4339366,21.3697013],[110.4322851,21.3850015],[110.4250467,21.366623],[110.40221,21.3806],[110.3979564,21.3809632],[110.3951079,21.3888952],[110.388307,21.3928133],[110.3847267,21.4095029],[110.3748499,21.4141001],[110.37221,21.42105],[110.37502,21.44087],[110.3654306,21.4371085],[110.359681,21.4385121],[110.3505701,21.43397],[110.3280299,21.4306601],[110.32476,21.4242101],[110.3373799,21.43108],[110.35029,21.43216],[110.35799,21.43554],[110.3687299,21.4305601],[110.3687064,21.4129918],[110.37846,21.40652],[110.39179,21.37478],[110.39936,21.3699],[110.3987201,21.3616599],[110.4071701,21.34315],[110.4125923,21.3083793],[110.4168597,21.3033541],[110.4162803,21.2907189],[110.4011151,21.2774403],[110.3981191,21.272459],[110.3906116,21.2780964],[110.3904587,21.26722],[110.3944598,21.2615289],[110.4064386,21.256467],[110.4102159,21.2439699],[110.4191553,21.2415469],[110.4239312,21.2255788],[110.4166723,21.2120152],[110.4149154,21.1918644],[110.4076173,21.1838124],[110.4026287,21.1669138],[110.4015684,21.1480435],[110.3972209,21.138293],[110.3868404,21.1316873],[110.3762524,21.1429677],[110.3602678,21.1307616],[110.35552,21.1173999],[110.34485,21.1102699],[110.32896,21.1048001],[110.32183,21.10477],[110.31631,21.1108001],[110.3122,21.11001],[110.3267991,21.0750548],[110.3289396,21.0729625],[110.3433752,21.0793383],[110.3454217,21.0745493],[110.3532799,21.0764101],[110.3667895,21.073403],[110.3660882,21.0764576],[110.3743145,21.0859203],[110.3966305,21.0945228],[110.4025823,21.0912133],[110.4071984,21.0951434],[110.4229322,21.0825743],[110.4128364,21.0710203],[110.4163849,21.0663111],[110.4273579,21.0785962],[110.4488115,21.0626986],[110.4687303,21.0620616],[110.4693029,21.0574716],[110.4812059,21.05922],[110.4814017,21.0662422],[110.4897452,21.0666813],[110.4898413,21.0714758],[110.5020989,21.0740399],[110.5067767,21.0693496],[110.5069068,21.0769419],[110.5232871,21.0774575],[110.5304646,21.0708651],[110.5432749,21.0700341],[110.5486822,21.0657041],[110.5506054,21.0578596],[110.5439897,21.0276668],[110.5384657,21.0143872],[110.526723,20.9799983],[110.5268128,20.960052],[110.5292952,20.9310589],[110.5251391,20.9251107],[110.515807,20.9238913],[110.5028835,20.9287146],[110.503609,20.9353421],[110.4977712,20.9434385],[110.5016899,20.9513128],[110.4936621,20.9582937],[110.4872744,20.9688984],[110.4789837,20.9757921],[110.4805863,20.980404],[110.46765,20.9961257],[110.4547513,20.9980764],[110.4418699,20.9968294],[110.42934,20.9923094],[110.420419,20.995948],[110.4157171,21.0026914],[110.409961,21.0027365],[110.3894596,20.9956813],[110.366461,20.9939972],[110.3632611,20.9961909],[110.3526986,20.9939371],[110.3468563,20.9957124],[110.3384078,20.992074],[110.3060563,20.9722082],[110.2505466,20.9577088],[110.2466869,20.9599142],[110.2330077,20.9583425],[110.2053004,20.9444367],[110.2005315,20.9453911],[110.2017599,20.9726127],[110.2107131,20.9857683],[110.2205837,20.9892705],[110.2381575,20.9888937],[110.2432027,20.9911675],[110.2534971,20.9872121],[110.2476686,20.9830962],[110.2451795,20.9745386],[110.2505627,20.9701182],[110.2454719,20.9655811],[110.251413,20.9621247],[110.2535239,20.9692967],[110.24784,20.9742999],[110.2487415,20.9807722],[110.2557421,20.9859036],[110.2613211,20.9839828],[110.2661705,20.9910198],[110.2654758,20.9973402],[110.2566406,21.0070684],[110.2372804,21.0032673],[110.2587622,21.0226871],[110.2688339,21.026763],[110.2789915,21.036652],[110.2799597,21.0451434],[110.2864802,21.0605429],[110.295361,21.0634014],[110.3010392,21.059011],[110.3207535,21.0551438],[110.3236985,21.0610135],[110.3153247,21.0575067],[110.3011143,21.0619246],[110.2986252,21.072507],[110.295994,21.0761686],[110.3055292,21.0867024],[110.3201875,21.0898631],[110.3121551,21.1085525],[110.3087053,21.1082057],[110.2881299,21.0944799],[110.28185,21.0873601],[110.28284,21.0800201],[110.2607793,21.0722792],[110.2521211,21.0554066],[110.2407464,21.046865],[110.2399554,21.0366513],[110.2423079,21.0263612],[110.2298,21.01838],[110.21803,21.0393101],[110.2023491,21.055086],[110.2000313,21.0498672],[110.2063553,21.0398253],[110.1954975,21.0318043],[110.1948215,21.0232495],[110.2008573,21.0121771],[110.1869628,21.0213157],[110.1979296,21.0107188],[110.1911799,21.0085399],[110.1889051,21.0124284],[110.180967,21.0015352],[110.1843999,20.99525],[110.1765863,20.9961869],[110.1700723,20.9886783],[110.1728296,20.9834794],[110.1634285,20.9787987],[110.1676074,20.9753877],[110.1693682,20.9658666],[110.1658398,20.9484446],[110.1687527,20.9110315],[110.1741761,20.8969296],[110.1879787,20.8762956],[110.1936436,20.8627619],[110.1934433,20.8565931],[110.2040344,20.848495],[110.21589,20.8511596],[110.2273965,20.8567064],[110.2436399,20.8502897],[110.2462148,20.8454971],[110.26304,20.8387799],[110.2698701,20.8416501],[110.2835599,20.84261],[110.28793,20.8461001],[110.29864,20.8409999],[110.30573,20.84618],[110.3243599,20.8468999],[110.32577,20.83763],[110.3306901,20.83958],[110.3488299,20.82627],[110.3606099,20.82438],[110.3773534,20.8183126],[110.3692424,20.8250616],[110.3747785,20.8252571],[110.3851667,20.8196426],[110.3864901,20.79267],[110.3891501,20.77658],[110.39302,20.7670699],[110.39302,20.7583999],[110.40425,20.76633],[110.39266,20.7549599],[110.3882899,20.7199299],[110.3757765,20.7072358],[110.3611,20.70953],[110.35476,20.7200599],[110.3404701,20.7323701],[110.3368001,20.75913],[110.32563,20.7760899],[110.3303401,20.76323],[110.3313601,20.75036],[110.32797,20.74288],[110.3299399,20.7302699],[110.3262599,20.7261301],[110.33317,20.71122],[110.3333931,20.6981745],[110.3182,20.69417],[110.2986999,20.67941],[110.3036701,20.6698999],[110.30053,20.6665401],[110.3011996,20.6559188],[110.3042301,20.66683],[110.3253799,20.67965],[110.3303401,20.67104],[110.3415701,20.6670901],[110.3494999,20.6680199],[110.35542,20.6597999],[110.35367,20.65439],[110.3593964,20.6457197],[110.3664735,20.655617],[110.3679606,20.6404196],[110.3717479,20.64362],[110.3711601,20.65806],[110.3771799,20.6591001],[110.38535,20.6663499],[110.3902801,20.66663],[110.3953801,20.65686],[110.3941799,20.64939],[110.38488,20.64729],[110.3862701,20.6415],[110.4059401,20.6493],[110.4072801,20.65562],[110.4242199,20.6622399],[110.4275201,20.65761],[110.42858,20.6676601],[110.4400701,20.66692],[110.4442022,20.6566942],[110.4521901,20.64572],[110.45574,20.6485599],[110.45105,20.6560199],[110.45638,20.65964],[110.45307,20.6663201],[110.4614301,20.66403],[110.45784,20.67382],[110.4509899,20.67507],[110.4575401,20.6786999],[110.4645401,20.6743401],[110.4750199,20.6481099],[110.4762066,20.6485208],[110.488176,20.6204021],[110.4864501,20.5853099],[110.4810684,20.5787444],[110.47893,20.58515],[110.48273,20.59379],[110.48242,20.60667],[110.47805,20.60357],[110.4777294,20.5861783],[110.4648999,20.58593],[110.4543399,20.5807],[110.4472199,20.5833801],[110.4384001,20.6024101],[110.4399801,20.6178699],[110.4348601,20.63382],[110.4330999,20.6294299],[110.4218601,20.63648],[110.40057,20.6228899],[110.3959501,20.6169501],[110.39543,20.6058699],[110.3908,20.60444],[110.4000899,20.60422],[110.4048,20.59071],[110.4099899,20.5925299],[110.4133099,20.58276],[110.4210899,20.58536],[110.4316599,20.57445],[110.4487968,20.5635469],[110.4565032,20.5674337],[110.4628977,20.577851],[110.4708156,20.5794962],[110.48228,20.5658499],[110.4889901,20.5608499],[110.5000001,20.5413],[110.50317,20.5317901],[110.5098901,20.52589],[110.5210399,20.49862],[110.53052,20.48242],[110.5331467,20.4735883],[110.5289928,20.4682675],[110.52296,20.45304],[110.5187962,20.4273715],[110.5108901,20.42661],[110.5000001,20.4147401],[110.4879152,20.406462],[110.4716033,20.3846223],[110.4677799,20.37021],[110.4687601,20.36378],[110.4616601,20.3634999],[110.4440163,20.3418591],[110.4402276,20.3314047],[110.4203843,20.3190274],[110.4059618,20.3058152],[110.40099,20.3044599],[110.3778797,20.3099808],[110.36634,20.30009],[110.36088,20.3002],[110.3533562,20.2862533],[110.34021,20.2831299],[110.3336924,20.2763062],[110.33222,20.2688],[110.3165531,20.2617367],[110.3003357,20.2593375],[110.2983677,20.2635841],[110.2896996,20.2626874],[110.2826902,20.2543639],[110.2834761,20.2435155],[110.2751774,20.2558511],[110.2746601,20.2634201],[110.2674101,20.26738],[110.2505159,20.2642965],[110.2471056,20.2725547],[110.24035,20.2757701],[110.23271,20.27496],[110.2188255,20.2786926],[110.2318266,20.2685065],[110.2222358,20.2705893],[110.2027214,20.2700175],[110.1979136,20.2752608],[110.1929758,20.2719758],[110.191959,20.2622165],[110.1952998,20.2516894],[110.1888967,20.2520533],[110.1812295,20.2389524],[110.1675797,20.2422548],[110.1357975,20.2403585],[110.140708,20.2331486],[110.1321782,20.2330968],[110.1320647,20.2419299],[110.1249762,20.2350182],[110.12017,20.2452099],[110.1178576,20.2594493],[110.1144828,20.2634535],[110.0961178,20.2612416],[110.0883313,20.2688707],[110.0801291,20.2688204],[110.06857,20.2727501],[110.0639899,20.2861199],[110.05635,20.28659],[110.0568601,20.29173],[110.0419899,20.29141],[110.0433901,20.28549],[110.03755,20.28095],[110.0228487,20.2786389],[110.0120354,20.2817065],[110.0141655,20.2688466],[110.0090468,20.2665268],[110.0024099,20.26994],[109.9971129,20.2818197],[109.9884814,20.2902455],[109.9784285,20.2857523],[109.9800968,20.2769365],[109.9669111,20.2731373],[109.9550201,20.2564],[109.9494501,20.2554768],[109.9431308,20.2418062],[109.9378099,20.2393001],[109.9324756,20.2286437],[109.9190051,20.2239763],[109.9206,20.24203],[109.9175699,20.24716],[109.91949,20.2654599],[109.9292499,20.2745301],[109.9355501,20.29029],[109.9337999,20.30675],[109.9267701,20.31777],[109.9276899,20.32318],[109.91782,20.3486199],[109.90714,20.3528001],[109.9024499,20.36011],[109.8874499,20.3576901],[109.8811099,20.36513],[109.8802199,20.3750301],[109.8737601,20.3810401],[109.87359,20.3859301],[109.88069,20.3867499],[109.8800999,20.39267],[109.87061,20.40111],[109.89258,20.4039501],[109.8978158,20.4105977],[109.8987233,20.4232077],[109.9076244,20.4308143],[109.9243633,20.4204358],[109.93495,20.41748],[109.9362301,20.4113099],[109.9438901,20.40955],[109.94775,20.4041701],[109.9695999,20.4041701],[109.97633,20.3973801],[109.9669499,20.3911501],[109.9677199,20.3790501],[109.9747001,20.376],[109.97835,20.36109],[109.98244,20.3614999],[109.9788299,20.34976],[109.98565,20.3500599],[109.9861501,20.3580401],[109.98132,20.36497],[109.98635,20.36912],[109.98643,20.3776101],[109.9786099,20.3834901],[109.9857001,20.3848201],[109.99534,20.39312],[109.99476,20.39878],[110.0045997,20.3992336],[110.01066,20.41046],[110.01046,20.42101],[109.99253,20.4466699],[109.9803,20.43783],[109.9759301,20.45738],[109.9618199,20.46348],[109.9633601,20.4583299],[109.9551401,20.4423199],[109.9452603,20.4364132],[109.9421101,20.44894],[109.9438001,20.46285],[109.93731,20.4715699],[109.9360101,20.48237],[109.92887,20.48774],[109.92606,20.47897],[109.92616,20.4647999],[109.9352201,20.4586799],[109.93227,20.45015],[109.9196948,20.4353123],[109.9175573,20.4485233],[109.9202192,20.4501659],[109.9186152,20.4609552],[109.91259,20.4691001],[109.9129801,20.47451],[109.9007,20.49142],[109.8905599,20.49496],[109.8783101,20.48896],[109.8684299,20.4937901],[109.87016,20.5002399],[109.8656201,20.5045899],[109.84025,20.4990101],[109.8301023,20.5027222],[109.8284323,20.5067461],[109.8112694,20.4990013],[109.8248242,20.5080203],[109.82244,20.5225801],[109.8171799,20.5307901],[109.81503,20.5448101],[109.82991,20.5465801],[109.8423046,20.5534141],[109.8371,20.55409],[109.8334029,20.5666554],[109.8328699,20.5530401],[109.8273557,20.5502904],[109.8305985,20.559682],[109.8293728,20.5724279],[109.8174155,20.5988631],[109.7950995,20.6282358],[109.7763509,20.6383818],[109.76863,20.63782],[109.76406,20.62749],[109.75829,20.63105],[109.7424,20.63351],[109.74741,20.6407501],[109.7452201,20.6572201],[109.7368099,20.6648801],[109.7415799,20.66762],[109.7447801,20.6775601],[109.75818,20.6785501],[109.76307,20.6818099],[109.76518,20.6921201],[109.77719,20.69543],[109.7857099,20.69162],[109.7953701,20.68075],[109.8057299,20.6862301],[109.8108101,20.6994],[109.81858,20.7035701],[109.8214099,20.7101499],[109.82826,20.70866],[109.8202899,20.7149101],[109.80112,20.71465],[109.79567,20.71139],[109.79424,20.7021101],[109.79587,20.68616],[109.79035,20.6928199],[109.7730101,20.7047901],[109.76362,20.71606],[109.7608299,20.72273],[109.7465098,20.7415903],[109.7545775,20.7545271],[109.7563014,20.7682362],[109.7600242,20.7720896],[109.7634501,20.7868599],[109.75888,20.79327],[109.7565999,20.8048401],[109.7511,20.8071099],[109.7538001,20.8115101],[109.7379615,20.8089805],[109.74086,20.8034299],[109.7352115,20.8000533],[109.7259099,20.8071801],[109.7288801,20.79536],[109.7254699,20.7943099],[109.71685,20.81046],[109.7041001,20.8278799],[109.68237,20.85449],[109.6727599,20.8724401],[109.6658,20.90173],[109.6646599,20.937]],[[110.7039759,21.503524],[110.7188713,21.5061287],[110.7262933,21.5036367],[110.7290713,21.510536],[110.7224304,21.5113892],[110.7185073,21.5172086],[110.7068264,21.5198735],[110.7090539,21.51436],[110.7039759,21.503524]],[[110.4860333,21.4811132],[110.493802,21.474598],[110.5095576,21.477552],[110.5096877,21.4833746],[110.5018918,21.4889382],[110.504713,21.4818624],[110.486371,21.4849519],[110.4860333,21.4811132]],[[110.4788883,21.4594534],[110.4795485,21.4496206],[110.4859983,21.45936],[110.4788883,21.4594534]]],[[[110.4282116,21.1767221],[110.4291155,21.1847034],[110.4524499,21.1853721],[110.4673603,21.1970135],[110.4633397,21.2030727],[110.4823351,21.2022375],[110.4921547,21.21347],[110.4985034,21.2128999],[110.5016604,21.2067661],[110.5150205,21.1983464],[110.5118072,21.1867526],[110.5048471,21.1864004],[110.5016422,21.1817101],[110.5142641,21.182456],[110.5232401,21.19159],[110.5339399,21.19523],[110.543,21.19448],[110.5557383,21.2022202],[110.57922,21.20192],[110.572232,21.1913199],[110.6039518,21.1983],[110.6114169,21.2089502],[110.6236818,21.21198],[110.6209899,21.19339],[110.6245499,21.1921099],[110.6108501,21.18125],[110.6056499,21.17481],[110.5948699,21.1534099],[110.59269,21.14543],[110.57743,21.1065099],[110.5658101,21.0925701],[110.56142,21.09345],[110.5458264,21.0886988],[110.5331522,21.0911369],[110.5270556,21.101442],[110.5350217,21.1028433],[110.5337343,21.1134052],[110.5288607,21.1202485],[110.5196446,21.1158248],[110.5157098,21.1281272],[110.5216563,21.1352712],[110.5124992,21.1336888],[110.5106807,21.1378968],[110.5154175,21.1447113],[110.5123933,21.1518608],[110.5017462,21.1455319],[110.4889977,21.1545799],[110.4855403,21.1436682],[110.4658261,21.1528214],[110.4585466,21.1540183],[110.45003,21.16537],[110.4504101,21.17155],[110.4315938,21.1697951],[110.4282116,21.1767221]]],[[[110.5486433,20.9029383],[110.5562165,20.9103249],[110.5630079,20.9099416],[110.5636706,20.9167036],[110.5770519,20.924165],[110.5796295,20.9372021],[110.5896342,20.9360698],[110.5857718,20.9417163],[110.5866757,20.9487127],[110.5949074,20.9489707],[110.6087401,20.94113],[110.6313097,20.939473],[110.637871,20.9342661],[110.6347677,20.9249516],[110.6359988,20.9165336],[110.6228909,20.9122943],[110.6228131,20.9007935],[110.6159788,20.8875226],[110.6088898,20.8878659],[110.6062102,20.8798893],[110.6081615,20.871609],[110.5947357,20.8668371],[110.5843395,20.8660326],[110.5591938,20.8724486],[110.5636315,20.8916022],[110.5548006,20.8882213],[110.5486433,20.9029383]]],[[[110.3683903,21.9361041],[110.3778025,21.9465614],[110.3866128,21.9528014],[110.3970934,21.9559871],[110.4085777,21.956487],[110.4140297,21.9471236],[110.4378274,21.9435664],[110.4305306,21.9364327],[110.425203,21.9392978],[110.4174293,21.9335868],[110.4156051,21.9380479],[110.4105056,21.9263756],[110.4051366,21.920568],[110.3960362,21.9167217],[110.4085777,21.9149524],[110.4084119,21.9109136],[110.3917621,21.9086082],[110.3915097,21.9159421],[110.3855972,21.9195878],[110.3867812,21.9244095],[110.3812827,21.9324328],[110.3741386,21.9315765],[110.3683903,21.9361041]]],[[[110.3981807,20.6918935],[110.4029017,20.6966481],[110.4047599,20.706636],[110.415397,20.7134393],[110.4290006,20.6991889],[110.4294948,20.6910403],[110.4345488,20.6816945],[110.4257757,20.678094],[110.4201882,20.6889806],[110.4152664,20.6815006],[110.4021383,20.6820644],[110.3981807,20.6918935]]],[[[109.7359729,20.7980038],[109.7397065,20.7992676],[109.7450036,20.7883975],[109.7388504,20.7817075],[109.7508806,20.7646135],[109.7482126,20.7615597],[109.74443,20.77102],[109.7363033,20.7781682],[109.7377701,20.787931],[109.7359729,20.7980038]]],[[[110.22144,20.99156],[110.2328923,20.9997717],[110.2482587,21.0037331],[110.2557877,21.0032949],[110.2644405,20.9964438],[110.261144,20.9855179],[110.2442569,20.9927727],[110.2391177,20.9905214],[110.22144,20.99156]]],[[[110.5620074,20.3456882],[110.5687721,20.3493288],[110.5797127,20.3629845],[110.5861339,20.3651798],[110.5860293,20.3544221],[110.5792916,20.3527649],[110.5718055,20.3435254],[110.5620074,20.3456882]]],[[[110.3737418,21.7682491],[110.3740456,21.782769],[110.3830208,21.7845962],[110.3866583,21.778628],[110.3828039,21.769675],[110.3843925,21.763216],[110.3765023,21.7614542],[110.3737418,21.7682491]]],[[[110.2573001,21.0570001],[110.2717799,21.0690299],[110.28003,21.06585],[110.27437,21.0452299],[110.26839,21.0332299],[110.2588,21.03151],[110.26106,21.04697],[110.2573001,21.0570001]]],[[[110.20166,21.0227501],[110.2026494,21.0316285],[110.2140799,21.0354301],[110.21837,21.0256599],[110.21955,21.01357],[110.2027301,21.0024201],[110.2052999,21.0099],[110.20166,21.0227501]]],[[[110.3905795,21.1043133],[110.4096304,21.1129941],[110.4166129,21.112305],[110.4227359,21.1063676],[110.4192458,21.0981561],[110.4058213,21.1027041],[110.3905795,21.1043133]]],[[[110.34888,20.68553],[110.3521599,20.6874699],[110.3623,20.6837801],[110.37289,20.67094],[110.3673,20.66629],[110.35797,20.6719099],[110.34888,20.68553]]],[[[110.24215,21.04251],[110.243471,21.0487006],[110.2543881,21.0557312],[110.2594101,21.04672],[110.25728,21.03382],[110.245352,21.0267024],[110.24215,21.04251]]],[[[110.61914,21.32342],[110.61939,21.3329501],[110.6241801,21.33914],[110.6270801,21.33477],[110.62561,21.31597],[110.61914,21.32342]]],[[[110.4141588,21.1568172],[110.4239501,21.1646399],[110.4409701,21.16482],[110.4390701,21.1504505],[110.42015,21.15188],[110.4141588,21.1568172]]],[[[110.4084563,20.6116622],[110.4121444,20.6136104],[110.4212826,20.6046603],[110.418878,20.5911587],[110.4137483,20.5975299],[110.4084563,20.6116622]]],[[[110.6315499,21.3051599],[110.6364334,21.3097462],[110.6417799,21.2771201],[110.6378549,21.2786025],[110.6315499,21.3051599]]],[[[110.6244101,21.3028299],[110.62646,21.30645],[110.6331099,21.2848299],[110.6283001,21.2863601],[110.6244101,21.3028299]]],[[[110.6188899,21.3144099],[110.6200999,21.3205901],[110.62438,21.3149401],[110.6228899,21.30567],[110.6188899,21.3144099]]],[[[110.4787143,20.9258739],[110.4935143,20.9255492],[110.5010065,20.9128116],[110.4955647,20.9177358],[110.4787143,20.9258739]]],[[[110.7441777,21.3756104],[110.7442957,21.3759151],[110.7454169,21.3746613],[110.7441777,21.3756104]]],[[[110.6404084,21.2910688],[110.6404567,21.296152],[110.641728,21.2958371],[110.6404084,21.2910688]]],[[[110.6359728,21.2669404],[110.6410368,21.2668604],[110.6360587,21.2663005],[110.6359728,21.2669404]]],[[[110.6257635,21.3637958],[110.62795,21.3692801],[110.6296098,21.3699106],[110.6257635,21.3637958]]],[[[110.6250608,21.3521951],[110.6259245,21.3555075],[110.6261122,21.3534142],[110.6250608,21.3521951]]],[[[110.6241918,21.3600539],[110.6252485,21.3622521],[110.6260264,21.359879],[110.6241918,21.3600539]]],[[[110.6241694,21.3594799],[110.6256158,21.3589549],[110.6243098,21.3568365],[110.6241694,21.3594799]]],[[[110.6030506,20.9509639],[110.6031746,20.9510522],[110.6031696,20.9508194],[110.6030506,20.9509639]]],[[[110.6029931,20.4275482],[110.606789,20.434429],[110.6165254,20.434615],[110.6029931,20.4275482]]],[[[110.5953111,20.9514893],[110.5953875,20.951835],[110.5959843,20.9513992],[110.5953111,20.9514893]]],[[[110.5907285,20.8649875],[110.5914259,20.86599],[110.5914473,20.8648371],[110.5907285,20.8649875]]],[[[110.5893445,20.8637143],[110.5898595,20.8641153],[110.5898702,20.863594],[110.5893445,20.8637143]]],[[[110.5859005,20.8624511],[110.5870485,20.8625012],[110.5873275,20.8615287],[110.5859005,20.8624511]]],[[[110.5645153,20.9217799],[110.5654407,20.9213239],[110.5649163,20.9208354],[110.5645153,20.9217799]]],[[[110.5378568,20.4760995],[110.5387688,20.4760392],[110.5379319,20.4745617],[110.5378568,20.4760995]]],[[[110.5351639,20.4843512],[110.5353677,20.4847833],[110.5356467,20.4845622],[110.5351639,20.4843512]]],[[[110.53496,20.4801701],[110.5356574,20.4799088],[110.535475,20.4795068],[110.53496,20.4801701]]],[[[110.5348313,20.4700387],[110.5373311,20.4744914],[110.5382109,20.4741496],[110.5348313,20.4700387]]],[[[110.5289197,20.4561672],[110.531677,20.4565894],[110.5313229,20.4553831],[110.5289197,20.4561672]]],[[[110.5236304,20.5124094],[110.5241775,20.5123692],[110.5236626,20.5117261],[110.5236304,20.5124094]]],[[[110.5224717,20.5118165],[110.5226219,20.512329],[110.522933,20.5120577],[110.5224717,20.5118165]]],[[[110.5223966,21.1143335],[110.5231422,21.1147189],[110.5234909,21.1130324],[110.5223966,21.1143335]]],[[[110.5204224,20.5121079],[110.5205512,20.5132334],[110.5221498,20.5123994],[110.5204224,20.5121079]]],[[[110.517793,20.9040365],[110.5179988,20.9044209],[110.519737,20.9046463],[110.517793,20.9040365]]],[[[110.5147389,21.1242942],[110.5156293,21.1241616],[110.5150527,21.1236037],[110.5147389,21.1242942]]],[[[110.5115122,21.127324],[110.5117509,21.1287752],[110.5128506,21.1272878],[110.5115122,21.127324]]],[[[110.5085564,21.1315735],[110.5088621,21.1328832],[110.5093449,21.1327806],[110.5085564,21.1315735]]],[[[110.5041951,21.2121797],[110.5104393,21.2110595],[110.5109167,21.2062435],[110.5041951,21.2121797]]],[[[110.4950917,20.5825626],[110.4956603,20.5826329],[110.4952526,20.5821608],[110.4950917,20.5825626]]],[[[110.4941583,20.5817892],[110.4947483,20.5819097],[110.494287,20.5814075],[110.4941583,20.5817892]]],[[[110.4931068,20.5813372],[110.4932678,20.5819801],[110.4936969,20.5816687],[110.4931068,20.5813372]]],[[[110.4881823,20.5785148],[110.4886651,20.5785751],[110.4882789,20.5781834],[110.4881823,20.5785148]]],[[[110.4601988,21.1930723],[110.4608345,21.1926897],[110.4602846,21.1923846],[110.4601988,21.1930723]]],[[[110.4551199,20.66839],[110.4551199,20.6688999],[110.45785,20.6684],[110.4551199,20.66839]]],[[[110.45348,20.6678701],[110.4537501,20.66838],[110.45403,20.6678701],[110.45348,20.6678701]]],[[[110.4448056,20.6766757],[110.4483247,20.6819154],[110.455234,20.683702],[110.4448056,20.6766757]]],[[[110.4397416,20.5840592],[110.440557,20.5846819],[110.4411149,20.5830949],[110.4397416,20.5840592]]],[[[110.4356646,20.5820303],[110.4409003,20.5818696],[110.4427886,20.5744167],[110.4356646,20.5820303]]],[[[110.4309799,20.61114],[110.4309799,20.61191],[110.4318,20.61192],[110.4309799,20.61114]]],[[[110.4218906,21.095009],[110.422679,21.0948897],[110.4231194,21.0939685],[110.4218906,21.095009]]],[[[110.4101247,20.6019211],[110.4103942,20.6027911],[110.4112123,20.6023417],[110.4101247,20.6019211]]],[[[110.40834,20.59381],[110.40834,20.59459],[110.40889,20.5940701],[110.40834,20.59381]]],[[[110.4016461,20.6784277],[110.4034541,20.6804951],[110.4057643,20.6789633],[110.4016461,20.6784277]]],[[[110.39654,20.6048501],[110.39681,20.60536],[110.3970899,20.60459],[110.39654,20.6048501]]],[[[110.39534,21.3809601],[110.3956101,21.3812199],[110.3956101,21.3809601],[110.39534,21.3809601]]],[[[110.3912971,21.2725006],[110.3918663,21.2729638],[110.391943,21.2722085],[110.3912971,21.2725006]]],[[[110.3907372,21.2742168],[110.3911682,21.275054],[110.391469,21.2744403],[110.3907372,21.2742168]]],[[[110.356242,20.6706759],[110.3628013,20.6646182],[110.3565251,20.6675765],[110.356242,20.6706759]]],[[[110.3498001,21.10888],[110.35118,21.10888],[110.35007,21.1084899],[110.3498001,21.10888]]],[[[110.34542,21.10654],[110.3456901,21.1070599],[110.34597,21.1068001],[110.34542,21.10654]]],[[[110.33243,21.43093],[110.3354601,21.43095],[110.33464,21.43004],[110.33243,21.43093]]],[[[110.3275,21.42731],[110.32776,21.4291101],[110.3285899,21.42809],[110.3275,21.42731]]],[[[110.31662,21.10385],[110.31976,21.10541],[110.31827,21.1042501],[110.31662,21.10385]]],[[[110.3103627,21.1058106],[110.3111026,21.1078473],[110.3120986,21.1066108],[110.3103627,21.1058106]]],[[[110.3096228,21.1074263],[110.3102773,21.1075249],[110.3102163,21.1058219],[110.3096228,21.1074263]]],[[[110.3095171,21.1053516],[110.312745,21.1046007],[110.3107326,21.1036866],[110.3095171,21.1053516]]],[[[110.308774,21.1037711],[110.3090208,21.1045768],[110.30923,21.1038712],[110.308774,21.1037711]]],[[[110.2899885,21.0663549],[110.2964647,21.0749072],[110.2931669,21.0659944],[110.2899885,21.0663549]]],[[[110.283844,21.0834865],[110.2852917,21.0851945],[110.2850208,21.083225],[110.283844,21.0834865]]],[[[110.25648,21.05738],[110.25946,21.0649901],[110.2669999,21.0657801],[110.25648,21.05738]]],[[[110.2549267,21.0057363],[110.2552351,21.0063422],[110.2562007,21.006197],[110.2549267,21.0057363]]],[[[110.177958,20.2377526],[110.1786393,20.237667],[110.1780868,20.2370479],[110.177958,20.2377526]]],[[[110.1491658,20.2345287],[110.1493093,20.2351629],[110.149776,20.2348584],[110.1491658,20.2345287]]],[[[110.1472226,20.2353743],[110.14827,20.2366188],[110.14833,20.23401],[110.1472226,20.2353743]]],[[[110.1147437,20.2403648],[110.1148832,20.2404151],[110.1148081,20.2402339],[110.1147437,20.2403648]]],[[[110.1139069,20.2418395],[110.1139927,20.241915],[110.1140463,20.2418093],[110.1139069,20.2418395]]],[[[110.113192,20.2402483],[110.11326,20.2402562],[110.1132496,20.2401982],[110.113192,20.2402483]]],[[[110.1116093,20.2401822],[110.1121969,20.2407291],[110.1127308,20.240161],[110.1116093,20.2401822]]],[[[110.1052556,20.2361912],[110.1069362,20.238795],[110.1073211,20.2368342],[110.1052556,20.2361912]]],[[[110.1033497,20.2349239],[110.103634,20.2353869],[110.1036501,20.2348685],[110.1033497,20.2349239]]],[[[109.9776188,20.4367034],[109.9793702,20.437158],[109.9794973,20.4363636],[109.9776188,20.4367034]]],[[[109.75188,20.67915],[109.7526999,20.67942],[109.7526999,20.6789001],[109.75188,20.67915]]],[[[109.7512722,21.3440161],[109.7515404,21.3440461],[109.7512829,21.3438462],[109.7512722,21.3440161]]],[[[109.66815,20.96045],[109.6698,20.9597],[109.6695299,20.95944],[109.66815,20.96045]]]]}},{"type":"Feature","properties":{"name":"茂名市","osm_relation":2689018},"geometry":{"type":"MultiPolygon","coordinates":[[[[110.3210574,22.1667928],[110.3314912,22.1742399],[110.3301631,22.1824121],[110.3379699,22.1862624],[110.3439135,22.1986729],[110.3547235,22.1888171],[110.3543691,22.1834972],[110.3653304,22.1759043],[110.3714425,22.1682306],[110.3784767,22.1674105],[110.389201,22.1734843],[110.3896731,22.1816353],[110.3947549,22.1900385],[110.401777,22.1884661],[110.4076115,22.1977105],[110.4052368,22.2059289],[110.410218,22.2113684],[110.4253322,22.2105543],[110.4352316,22.2017786],[110.4407459,22.20062],[110.4443576,22.1934236],[110.4521538,22.1915703],[110.4530265,22.1837285],[110.4674709,22.1739364],[110.4776166,22.1628367],[110.4858182,22.1576287],[110.4787112,22.1533995],[110.4866584,22.1442282],[110.4880506,22.1476422],[110.4970182,22.1477436],[110.5000633,22.1427006],[110.5123234,22.1519074],[110.5212294,22.1528169],[110.5272632,22.1592706],[110.5238832,22.1648302],[110.5261297,22.1709338],[110.5345166,22.1752933],[110.5394208,22.1873745],[110.5467073,22.1965918],[110.5560346,22.1993711],[110.5747662,22.1942293],[110.5755774,22.1904812],[110.5849893,22.1876444],[110.5914151,22.1897086],[110.6007741,22.1829964],[110.5954066,22.1766105],[110.5990169,22.172694],[110.5944412,22.165748],[110.6008339,22.1587657],[110.6067732,22.1581816],[110.6138715,22.1628007],[110.6219629,22.1577629],[110.624966,22.1519768],[110.6356797,22.1548964],[110.6424299,22.1636188],[110.6517783,22.1708733],[110.6610889,22.1681215],[110.6638916,22.176365],[110.6726539,22.1753739],[110.672529,22.1851165],[110.6678448,22.1850491],[110.671356,22.192141],[110.667345,22.1933641],[110.662518,22.2056708],[110.6523804,22.2061516],[110.6447873,22.216381],[110.6427842,22.2236181],[110.6493715,22.2426916],[110.6603803,22.2480495],[110.682058,22.2517432],[110.6902211,22.2615647],[110.6864117,22.2676922],[110.6913095,22.2750785],[110.7070168,22.2800715],[110.7160711,22.296228],[110.7228814,22.301807],[110.7349541,22.284726],[110.7491119,22.2849091],[110.7546193,22.2780161],[110.7709655,22.2805922],[110.7821914,22.2855875],[110.7854578,22.2932908],[110.7811949,22.2972351],[110.7680431,22.2987456],[110.7685873,22.3108294],[110.7573403,22.3271912],[110.7478167,22.3304633],[110.7429188,22.3406987],[110.74437,22.3546244],[110.7360255,22.3653612],[110.7265018,22.3690519],[110.7158897,22.3632643],[110.7138943,22.368297],[110.7054404,22.3733439],[110.7042888,22.3827319],[110.710119,22.3939951],[110.7040837,22.3999801],[110.701749,22.4078726],[110.7084173,22.4171325],[110.710116,22.433833],[110.7056813,22.4470871],[110.6998129,22.4508382],[110.6893983,22.4494505],[110.6891172,22.4590099],[110.6804209,22.4676734],[110.6782439,22.4770071],[110.6844899,22.4824901],[110.6957751,22.4770947],[110.6972262,22.4721185],[110.7161112,22.4642428],[110.7345013,22.4672887],[110.739021,22.4697251],[110.744468,22.4800742],[110.7340338,22.4901447],[110.7341881,22.5023764],[110.7403618,22.5072583],[110.7396389,22.5139899],[110.7466837,22.5222263],[110.7586378,22.5222858],[110.7534421,22.5274257],[110.7530526,22.5354314],[110.747781,22.5394508],[110.7551239,22.5492813],[110.7442426,22.5580491],[110.7478215,22.5648348],[110.7557082,22.5615364],[110.759855,22.5715615],[110.7558862,22.5853474],[110.7637647,22.5865243],[110.7663805,22.591888],[110.7734577,22.590138],[110.7763604,22.5840148],[110.7866927,22.5764991],[110.7947826,22.5602358],[110.8009377,22.5623387],[110.8039906,22.5773137],[110.8093197,22.5825645],[110.8250542,22.586977],[110.8245972,22.5929143],[110.8492545,22.5865633],[110.8545297,22.5912077],[110.8659491,22.590284],[110.8749052,22.5856833],[110.8863165,22.5898727],[110.8946068,22.5989796],[110.8924876,22.6171095],[110.9082583,22.6143756],[110.9224631,22.6139108],[110.9311417,22.6111946],[110.9444313,22.6125361],[110.9495057,22.6160519],[110.9571295,22.6274476],[110.9532239,22.6395739],[110.963718,22.6393165],[110.9754423,22.6453812],[110.9829109,22.6437009],[110.9909576,22.6341894],[110.9951039,22.6391826],[111.0043024,22.6429502],[111.0048726,22.6470949],[111.0187532,22.6534971],[111.0236937,22.6535724],[111.0306981,22.6473501],[111.0354232,22.6514107],[111.0498639,22.6507962],[111.0551647,22.6574839],[111.055386,22.6673242],[111.0685533,22.670025],[111.0743149,22.6803127],[111.0842686,22.6916828],[111.0849006,22.6965955],[111.0996448,22.6975375],[111.1022829,22.7069387],[111.1117531,22.7065541],[111.1321699,22.6876743],[111.1318933,22.6765378],[111.1220851,22.6690417],[111.1257034,22.6651068],[111.1313525,22.6462874],[111.1380381,22.6413954],[111.1389163,22.6287368],[111.1578731,22.6221377],[111.1696535,22.6085598],[111.1797329,22.6068135],[111.1915398,22.613108],[111.2021966,22.6046245],[111.2026223,22.6001588],[111.210634,22.5975137],[111.2142018,22.5886915],[111.2352784,22.5857989],[111.2440367,22.5865302],[111.2484899,22.5921331],[111.2643405,22.5957747],[111.2742102,22.5948987],[111.298047,22.5835762],[111.2985765,22.5722966],[111.3142192,22.5624737],[111.3214843,22.5600563],[111.3175871,22.5524463],[111.2888545,22.5504998],[111.2801132,22.5267519],[111.2722479,22.5207016],[111.2670223,22.5090348],[111.2672395,22.5006058],[111.271919,22.4948134],[111.2800697,22.5036176],[111.2828907,22.4987454],[111.2882124,22.5088717],[111.3013976,22.511048],[111.3045228,22.5146817],[111.312032,22.5134055],[111.3141761,22.5178665],[111.3246614,22.5188718],[111.3333858,22.5257449],[111.3448531,22.5097741],[111.3683942,22.5187457],[111.3793755,22.5125198],[111.3978471,22.5187831],[111.4080555,22.5153435],[111.4087589,22.5080689],[111.4052866,22.4947163],[111.3980383,22.4822204],[111.4034814,22.477945],[111.4043052,22.4598334],[111.4072397,22.4538126],[111.4166496,22.4505235],[111.4117363,22.4338367],[111.4164849,22.4293559],[111.4342363,22.4305424],[111.4407553,22.4449676],[111.4661282,22.4447853],[111.4752254,22.4629815],[111.4709987,22.464327],[111.4682471,22.4774001],[111.4717012,22.4829584],[111.4641495,22.4930728],[111.4714326,22.4978757],[111.476493,22.5063975],[111.4816927,22.5083852],[111.4879172,22.5030815],[111.5026567,22.4968188],[111.520104,22.4831053],[111.5266674,22.4872397],[111.5357383,22.5000504],[111.5403909,22.5023117],[111.5395749,22.5203754],[111.5561375,22.5264062],[111.5544012,22.5318297],[111.5643578,22.5437438],[111.5780033,22.5502385],[111.5913283,22.554412],[111.6018668,22.5527407],[111.6070226,22.5444818],[111.6053211,22.5372139],[111.6133073,22.53696],[111.6110939,22.524501],[111.6162852,22.5242586],[111.6143149,22.5126114],[111.6110328,22.5112154],[111.6146613,22.5003624],[111.620712,22.5139982],[111.6271877,22.5118015],[111.6289066,22.5063195],[111.6431081,22.5012177],[111.6663722,22.5062433],[111.6734373,22.4993489],[111.6752004,22.4853734],[111.6782647,22.4717194],[111.6739846,22.4598182],[111.658438,22.4447527],[111.6550435,22.4379084],[111.6445838,22.4297527],[111.6258771,22.405901],[111.6149393,22.3990863],[111.6117974,22.3935806],[111.6023442,22.3963027],[111.5966934,22.388121],[111.5957031,22.3785876],[111.5852862,22.3728172],[111.5665277,22.3782448],[111.5475695,22.3677254],[111.5377259,22.3710394],[111.5260074,22.3613453],[111.5119183,22.3682141],[111.5060596,22.3524849],[111.4957123,22.3445092],[111.4889843,22.3422786],[111.4870482,22.3363757],[111.4743832,22.3369506],[111.4605898,22.3328151],[111.4629863,22.3294572],[111.4541148,22.3124867],[111.4488192,22.3120815],[111.4595403,22.3049433],[111.4541578,22.2991386],[111.4512674,22.282248],[111.453464,22.2745506],[111.4481946,22.2730233],[111.4274647,22.2788604],[111.4146785,22.2738021],[111.4114239,22.2666686],[111.3914674,22.2536764],[111.3832722,22.2539796],[111.3759038,22.2436673],[111.3715885,22.2458227],[111.3658418,22.2406294],[111.355269,22.236654],[111.3509459,22.2261258],[111.3408937,22.2142117],[111.3459814,22.2056946],[111.343533,22.1983114],[111.3488798,22.1960371],[111.3454599,22.1862086],[111.323082,22.1760958],[111.3241497,22.1670815],[111.3292704,22.1627581],[111.3303211,22.1541648],[111.3268231,22.1427108],[111.3349741,22.1346832],[111.3360507,22.127001],[111.3323528,22.1211676],[111.3193316,22.1161153],[111.322083,22.1057468],[111.3128644,22.0997804],[111.3076303,22.091061],[111.3119098,22.0853409],[111.2995143,22.0871419],[111.301042,22.0818661],[111.2935677,22.0727347],[111.2955906,22.0667711],[111.2834465,22.061072],[111.2803041,22.0502277],[111.2844358,22.0408897],[111.2908251,22.0341493],[111.2995405,22.0326735],[111.3008595,22.0145791],[111.2953038,22.008713],[111.2826306,22.0027803],[111.2780289,21.9895269],[111.2826129,21.9802931],[111.2787548,21.974982],[111.2819838,21.9674974],[111.2780941,21.9586643],[111.2833684,21.9494923],[111.2851215,21.9403738],[111.2895223,21.9388224],[111.282222,21.9268268],[111.2850604,21.9106507],[111.2910764,21.9051502],[111.3020485,21.9017298],[111.3058426,21.896658],[111.3150091,21.9004664],[111.3200865,21.8896289],[111.334931,21.8769876],[111.3483766,21.8809288],[111.3572916,21.8796134],[111.3626388,21.8650755],[111.3693495,21.8630495],[111.3979862,21.8646958],[111.3975959,21.8573544],[111.4119358,21.8526239],[111.4165275,21.8329063],[111.415321,21.820731],[111.4182469,21.8162018],[111.4027261,21.8054032],[111.3974042,21.8070094],[111.3962415,21.800825],[111.3816759,21.7827261],[111.3690883,21.7768429],[111.3803209,21.766057],[111.382628,21.7561155],[111.3764564,21.7371945],[111.3840643,21.7301526],[111.3911718,21.7280738],[111.3987464,21.7303344],[111.401823,21.7244059],[111.4086034,21.7267196],[111.4268122,21.7201946],[111.4307372,21.7130056],[111.4356035,21.6959545],[111.4307929,21.6916844],[111.4287853,21.6829695],[111.4232805,21.678653],[111.4260534,21.6730798],[111.4190995,21.6666819],[111.4174344,21.6533064],[111.4092867,21.6418127],[111.4130449,21.6225217],[111.4211929,21.6151],[111.4112325,21.6038919],[111.4099427,21.5985587],[111.4175463,21.5909831],[111.4129543,21.5797297],[111.4182758,21.5757589],[111.426022,21.5822638],[111.4232111,21.5740827],[111.4333246,21.573193276],[111.433934001,21.572880093],[111.436094955,21.571086035],[111.4441444,21.555708],[111.4416577,21.5499],[111.4380073,21.5542802],[111.4378449,21.5435692],[111.4478841,21.5339336],[111.4450124,21.5301572],[111.4226809,21.5217105],[111.41819,21.5250203],[111.4069686,21.5169192],[111.3947606,21.5135641],[111.3779164,21.5060379],[111.3679815,21.4991503],[111.3418246,21.4728943],[111.3199984,21.4566053],[111.3153761,21.4498409],[111.3097029,21.449767],[111.300791,21.4379541],[111.2989323,21.4315247],[111.2914397,21.4373805],[111.2815406,21.4290868],[111.2733609,21.4190695],[111.2769401,21.4147238],[111.2914321,21.4099532],[111.2902339,21.4070996],[111.2757298,21.4120874],[111.2713702,21.4212874],[111.2678208,21.4217671],[111.2551546,21.4167793],[111.2572682,21.4244523],[111.2561848,21.438428],[111.2487982,21.4513975],[111.2562463,21.4446032],[111.2719112,21.4369269],[111.282728,21.4431031],[111.2786579,21.4583175],[111.28752,21.4727001],[111.3004235,21.4820407],[111.2873238,21.4860623],[111.2862912,21.4924553],[111.2753835,21.4933935],[111.2705308,21.4987111],[111.2604501,21.4909],[111.24973,21.4934901],[111.24505,21.4902799],[111.238183,21.495035],[111.2292784,21.5062872],[111.2062016,21.5129744],[111.2038,21.5062999],[111.1966401,21.5061799],[111.1869728,21.500013],[111.1873376,21.4968336],[111.2081435,21.5011659],[111.2212957,21.5010823],[111.2261572,21.4941358],[111.2322767,21.4924711],[111.2353666,21.4852221],[111.2306486,21.4796876],[111.2100774,21.4824505],[111.1898267,21.4782599],[111.1582491,21.4676393],[111.1365795,21.4635805],[111.1270255,21.468166],[111.111742,21.4649091],[111.1005801,21.4592699],[111.0861788,21.4740557],[111.0855541,21.4804106],[111.0951743,21.4782499],[111.0952565,21.4846347],[111.0842657,21.4833516],[111.082238,21.4801319],[111.0723858,21.4888539],[111.073506,21.4989112],[111.0685399,21.4912039],[111.0643997,21.499168],[111.0687376,21.5115255],[111.0647822,21.5157459],[111.0424495,21.5197769],[111.0369086,21.5160087],[111.031748,21.5188982],[111.0328161,21.5272701],[111.0051937,21.5009074],[110.9983143,21.487557],[111.0141849,21.4873049],[111.0172239,21.4834476],[111.0130209,21.4747974],[111.0174438,21.4716355],[111.0254831,21.4834033],[111.0443276,21.4792982],[111.0447527,21.4843025],[111.0589591,21.4880712],[111.0855827,21.4675544],[111.0782763,21.4644741],[111.0588974,21.4605201],[111.0300623,21.4514023],[111.0186616,21.4453621],[110.9906566,21.4239718],[110.9897301,21.42853],[110.9784765,21.4283993],[110.966755926,21.422340915],[110.9619357,21.4240038],[110.9600952,21.4372834],[110.956849,21.4384292],[110.9562322,21.4531471],[110.9455463,21.4463951],[110.9338369,21.4450885],[110.9247829,21.4519137],[110.9225086,21.4438084],[110.9152686,21.4445311],[110.9064149,21.44059],[110.897474,21.4285002],[110.8897832,21.432381],[110.889071,21.4393728],[110.8759631,21.4475497],[110.8857989,21.4505727],[110.8878822,21.4573152],[110.8914145,21.4539904],[110.8934891,21.463722],[110.8794445,21.4723896],[110.8715363,21.4696548],[110.8659721,21.4738606],[110.8733505,21.4794967],[110.8699136,21.4874084],[110.8726736,21.4914325],[110.8711804,21.5010898],[110.8661807,21.5007274],[110.8628731,21.5088406],[110.8579164,21.5044833],[110.8544268,21.4950907],[110.848897,21.5016838],[110.8426826,21.4943813],[110.8358245,21.496471],[110.8517356,21.5064087],[110.844219,21.5197657],[110.8484373,21.5239692],[110.8435766,21.5303641],[110.8243405,21.5453079],[110.8175864,21.5446331],[110.8141669,21.5543033],[110.8218316,21.5624568],[110.8132467,21.5717035],[110.8143577,21.5788235],[110.8091324,21.5857052],[110.7910677,21.5821764],[110.7889585,21.5984963],[110.7933942,21.6043724],[110.790937,21.6119983],[110.7947313,21.6232684],[110.7936809,21.6344616],[110.7823526,21.6359053],[110.7751479,21.6407836],[110.7672747,21.6504078],[110.7569274,21.6505882],[110.7569877,21.6455515],[110.7499564,21.6373328],[110.7431156,21.6381313],[110.731695,21.6264496],[110.732977,21.6112978],[110.7387497,21.6088298],[110.7432204,21.5993834],[110.7425955,21.5913431],[110.7320227,21.5879901],[110.7297746,21.578136],[110.722917,21.5762303],[110.7207813,21.567357],[110.7235086,21.5583777],[110.7206762,21.5504048],[110.7316732,21.5365037],[110.723691,21.5336494],[110.7250857,21.5269826],[110.7082629,21.5282202],[110.6960964,21.5193574],[110.6833935,21.5189382],[110.6695103,21.5235693],[110.6677428,21.5152536],[110.6757115,21.5125957],[110.6762764,21.5048719],[110.6830815,21.4993138],[110.6801039,21.4913718],[110.6612669,21.4994531],[110.6639931,21.4916574],[110.6581682,21.49566],[110.6525956,21.4935767],[110.6535763,21.5063068],[110.6497311,21.5023215],[110.6407901,21.5039385],[110.639175,21.499668],[110.6411284,21.485627],[110.6169009,21.4837975],[110.6103032,21.4875326],[110.6131946,21.4908596],[110.6046003,21.5020791],[110.5991664,21.5028362],[110.5948173,21.5100456],[110.5858503,21.5033291],[110.5731532,21.5018645],[110.5707635,21.5189035],[110.5604422,21.5195049],[110.5527866,21.5153843],[110.537456,21.496146],[110.5411715,21.481873],[110.5372136,21.4758742],[110.5281335,21.4829813],[110.5229599,21.4808786],[110.5137937,21.4830766],[110.5129952,21.4924452],[110.5020399,21.4943358],[110.5080472,21.5011634],[110.4941054,21.5196156],[110.4806679,21.5162301],[110.473246,21.5287154],[110.4788019,21.5359507],[110.4794179,21.5465411],[110.4739062,21.55528],[110.4673962,21.5546574],[110.4608596,21.5487396],[110.4590625,21.5544447],[110.4508249,21.5569272],[110.4457983,21.5528841],[110.4392189,21.5587871],[110.4298219,21.556273],[110.4181072,21.5646307],[110.4242452,21.5742947],[110.4233251,21.5830533],[110.4351913,21.5836388],[110.4386454,21.5893598],[110.4336027,21.5958943],[110.4226825,21.6025147],[110.4131855,21.6008053],[110.4156425,21.5936956],[110.4134023,21.5878366],[110.4060678,21.590621],[110.4062583,21.5977911],[110.40197,21.6042168],[110.4080557,21.6067993],[110.4080901,21.6193983],[110.4009805,21.620495],[110.3984898,21.6326153],[110.3935588,21.6299417],[110.3876911,21.6377081],[110.3948526,21.6369706],[110.3922049,21.6442881],[110.3993469,21.6410229],[110.4024562,21.6510092],[110.3894875,21.6550891],[110.3821612,21.6523263],[110.3779345,21.6698744],[110.3885325,21.6715496],[110.3909022,21.6750648],[110.4077518,21.6781818],[110.4028211,21.6861762],[110.4056854,21.6898547],[110.3982986,21.6916256],[110.3942271,21.687628],[110.3921702,21.6760455],[110.3878644,21.6840317],[110.3803997,21.6811461],[110.3798876,21.6763998],[110.3654857,21.6849976],[110.3655293,21.6910198],[110.3571011,21.7014914],[110.3492539,21.7030789],[110.3534689,21.7075746],[110.3469182,21.7161283],[110.3642017,21.7242837],[110.3642361,21.7339997],[110.3608334,21.7505035],[110.3617532,21.7585785],[110.3711111,21.7621725],[110.3661288,21.7702104],[110.3697221,21.7838716],[110.3837846,21.7915408],[110.382196,21.7980299],[110.3710161,21.8012606],[110.3726761,21.8091103],[110.3672487,21.8100194],[110.3658075,21.8032423],[110.3577085,21.8001778],[110.3441143,21.8046159],[110.3444622,21.8109141],[110.3603649,21.8092277],[110.3533681,21.8179888],[110.3436369,21.811886],[110.3405991,21.8027475],[110.3348785,21.8088979],[110.3348357,21.8251103],[110.3393576,21.8423287],[110.3476213,21.8488308],[110.3497223,21.8590148],[110.3475175,21.8668183],[110.3579341,21.8715732],[110.3680386,21.8588648],[110.382804,21.8547442],[110.3938545,21.8642402],[110.3901826,21.8766126],[110.3853478,21.8822371],[110.3830524,21.8927834],[110.3917621,21.9086082],[110.4084119,21.9109136],[110.4085777,21.9149524],[110.3960362,21.9167217],[110.4051366,21.920568],[110.4105056,21.9263756],[110.4156051,21.9380479],[110.4174293,21.9335868],[110.425203,21.9392978],[110.4305306,21.9364327],[110.4378274,21.9435664],[110.4140297,21.9471236],[110.4085777,21.956487],[110.3970934,21.9559871],[110.3866128,21.9528014],[110.3814015,21.9607469],[110.3744589,21.9646553],[110.3721597,21.970543],[110.3517102,21.9762818],[110.3486081,21.9791585],[110.3545464,21.9890208],[110.3555213,21.9960062],[110.3518315,22.010155],[110.3593866,22.0079164],[110.361908,22.012516],[110.3551668,22.0181929],[110.3454217,22.0338076],[110.3434345,22.0423026],[110.3488267,22.0466285],[110.349369,22.0564288],[110.3462365,22.0634897],[110.3510306,22.0643605],[110.3505424,22.0732329],[110.3459069,22.0777953],[110.3541919,22.0782439],[110.3538934,22.0885337],[110.3458345,22.0917528],[110.3459591,22.0996488],[110.3541211,22.0972639],[110.3615151,22.0994829],[110.3616533,22.1099811],[110.3585296,22.1122075],[110.3608737,22.125468],[110.3551862,22.1369791],[110.348972,22.1348565],[110.3416382,22.1376629],[110.3355844,22.1467351],[110.3222221,22.1547936],[110.3210574,22.1667928]],[[110.3737418,21.7682491],[110.3765023,21.7614542],[110.3843925,21.763216],[110.3828039,21.769675],[110.3866583,21.778628],[110.3830208,21.7845962],[110.3740456,21.782769],[110.3737418,21.7682491]]],[[[110.7039759,21.503524],[110.7090539,21.51436],[110.7068264,21.5198735],[110.7185073,21.5172086],[110.7224304,21.5113892],[110.7290713,21.510536],[110.7262933,21.5036367],[110.7188713,21.5061287],[110.7039759,21.503524]]],[[[110.4860333,21.4811132],[110.486371,21.4849519],[110.504713,21.4818624],[110.5018918,21.4889382],[110.5096877,21.4833746],[110.5095576,21.477552],[110.493802,21.474598],[110.4860333,21.4811132]]],[[[111.4393446,21.5057714],[111.4394211,21.5058899],[111.4394425,21.50585],[111.4393446,21.5057714]]],[[[111.4392504,21.5062211],[111.4398086,21.5079661],[111.4395121,21.50602],[111.4392504,21.5062211]]],[[[111.3853953,21.4575265],[111.3854027,21.4575508],[111.3854228,21.4575215],[111.3853953,21.4575265]]],[[[111.3852793,21.457577],[111.3852847,21.4576132],[111.3853236,21.4575858],[111.3852793,21.457577]]],[[[111.384771,21.4577873],[111.3859385,21.456923],[111.385345,21.4568394],[111.384771,21.4577873]]],[[[111.3806578,21.45036],[111.3810843,21.4502652],[111.3807973,21.4500155],[111.3806578,21.45036]]],[[[111.3806176,21.4505822],[111.3807946,21.4506072],[111.3806954,21.4504849],[111.3806176,21.4505822]]],[[[111.3802797,21.4497983],[111.3803708,21.4501329],[111.3805693,21.4498283],[111.3802797,21.4497983]]],[[[111.3801187,21.4501928],[111.3801616,21.4502827],[111.3802689,21.4502477],[111.3801187,21.4501928]]],[[[111.3800007,21.452462],[111.3801295,21.4524995],[111.3802046,21.4523696],[111.3800007,21.452462]]],[[[111.3789114,21.4522042],[111.3808241,21.4512637],[111.3793808,21.4503116],[111.3789114,21.4522042]]],[[[111.3704161,21.4351721],[111.3713247,21.4403639],[111.3781198,21.4431313],[111.3704161,21.4351721]]],[[[111.2714437,21.4208893],[111.2714437,21.4209667],[111.271508,21.4209017],[111.2714437,21.4208893]]],[[[111.2711674,21.421074],[111.2712827,21.4210765],[111.2711808,21.4210241],[111.2711674,21.421074]]],[[[111.2709099,21.4213362],[111.2709823,21.4213262],[111.2709528,21.4212763],[111.2709099,21.4213362]]],[[[111.2702501,21.4212214],[111.2705129,21.4211639],[111.2702528,21.4210416],[111.2702501,21.4212214]]],[[[111.2544022,21.4183961],[111.2544606,21.4184972],[111.2544995,21.4184391],[111.2544022,21.4183961]]],[[[111.2543218,21.4187169],[111.2543526,21.4187918],[111.2544666,21.418642],[111.2543218,21.4187169]]],[[[111.2543164,21.4185758],[111.2543325,21.4186682],[111.2543915,21.4186021],[111.2543164,21.4185758]]],[[[111.2488206,21.4088298],[111.248842,21.408901],[111.2488742,21.4088461],[111.2488206,21.4088298]]],[[[111.248716,21.4086625],[111.2487455,21.4087212],[111.2487549,21.4086713],[111.248716,21.4086625]]],[[[111.2480548,21.4086962],[111.2480655,21.4087424],[111.2480843,21.4087087],[111.2480548,21.4086962]]],[[[111.2479904,21.4086925],[111.2480146,21.4087237],[111.2480427,21.4086888],[111.2479904,21.4086925]]],[[[111.2478833,21.4084289],[111.248728,21.4087861],[111.2486093,21.4084205],[111.2478833,21.4084289]]],[[[111.2477303,21.4086039],[111.2479341,21.4086575],[111.2478898,21.4085602],[111.2477303,21.4086039]]],[[[111.2477221,21.4082506],[111.2478462,21.408349],[111.2478148,21.4082019],[111.2477221,21.4082506]]],[[[111.2468325,21.4085297],[111.2469527,21.4084997],[111.2469307,21.4084108],[111.2468325,21.4085297]]],[[[111.2244201,21.4975099],[111.22525,21.4980301],[111.22607,21.49623],[111.2244201,21.4975099]]],[[[111.2201008,21.4065837],[111.2201142,21.4066373],[111.2201639,21.4065824],[111.2201008,21.4065837]]],[[[111.2199815,21.4064251],[111.2200029,21.4065812],[111.2200727,21.4064575],[111.2199815,21.4064251]]],[[[111.21996,21.4062865],[111.2200579,21.4064238],[111.2201504,21.4062703],[111.21996,21.4062865]]],[[[111.2195483,21.4057359],[111.219614,21.4056622],[111.2195617,21.4056322],[111.2195483,21.4057359]]],[[[111.2192895,21.4052626],[111.2194859,21.4055992],[111.2195357,21.405248],[111.2192895,21.4052626]]],[[[111.2191325,21.4058919],[111.2191835,21.406033],[111.2192546,21.4059918],[111.2191325,21.4058919]]],[[[111.2184016,21.4048106],[111.2184231,21.4048444],[111.21847,21.4047919],[111.2184016,21.4048106]]],[[[111.2179658,21.4046496],[111.2179872,21.4047108],[111.218061,21.4046308],[111.2179658,21.4046496]]],[[[111.217255,21.4046808],[111.2173341,21.404687],[111.21731,21.4046221],[111.217255,21.4046808]]],[[[111.2172362,21.4053376],[111.2172912,21.405345],[111.2172939,21.4053001],[111.2172362,21.4053376]]],[[[111.2171946,21.4053912],[111.2172148,21.4054287],[111.2172322,21.40538],[111.2171946,21.4053912]]],[[[111.2171531,21.4054674],[111.2171745,21.4054949],[111.2172067,21.4054462],[111.2171531,21.4054674]]],[[[111.2170109,21.4054337],[111.2170632,21.4054874],[111.2170994,21.405395],[111.2170109,21.4054337]]],[[[111.2169988,21.4047395],[111.2170351,21.4047757],[111.2170351,21.4047232],[111.2169988,21.4047395]]],[[[111.2168312,21.4056647],[111.2168312,21.4056972],[111.2168634,21.4056634],[111.2168312,21.4056647]]],[[[111.2162985,21.4078426],[111.2186717,21.4068057],[111.2176538,21.4046321],[111.2162985,21.4078426]]],[[[111.2151552,21.4076354],[111.2154901,21.4083491],[111.2154473,21.4074949],[111.2151552,21.4076354]]],[[[111.2076599,21.51145],[111.21013,21.5109301],[111.21096,21.50964],[111.2076599,21.51145]]],[[[111.1882851,21.3880004],[111.1883797,21.3880834],[111.1884172,21.3879598],[111.1882851,21.3880004]]],[[[111.1849102,21.3817097],[111.1849894,21.3817072],[111.1849411,21.3816422],[111.1849102,21.3817097]]],[[[111.1835718,21.3795492],[111.1836979,21.3796192],[111.1837757,21.3794044],[111.1835718,21.3795492]]],[[[111.1768636,21.3822017],[111.190846,21.3921905],[111.1790308,21.3741617],[111.1768636,21.3822017]]],[[[111.1763433,21.3804471],[111.1763875,21.3805246],[111.1764278,21.3804859],[111.1763433,21.3804471]]],[[[111.0582175,21.5155947],[111.0583554,21.5158149],[111.058339,21.5153917],[111.0582175,21.5155947]]],[[[111.0364768,21.4929927],[111.0402855,21.5017848],[111.0465136,21.4956232],[111.0364768,21.4929927]]],[[[111.0240287,21.4920219],[111.0246107,21.4948994],[111.027682,21.4935874],[111.0240287,21.4920219]]],[[[110.4788883,21.4594534],[110.4859983,21.45936],[110.4795485,21.4496206],[110.4788883,21.4594534]]]]}},{"type":"Feature","properties":{"name":"肇庆市","osm_relation":3205802},"geometry":{"type":"MultiPolygon","coordinates":[[[[111.3570155,23.3272469],[111.3625073,23.3519683],[111.3694217,23.3588201],[111.37257,23.3720867],[111.3844041,23.3794466],[111.3867394,23.3949241],[111.3785945,23.4012585],[111.3841907,23.4162979],[111.3858301,23.4342499],[111.3906691,23.4411824],[111.3875585,23.450323],[111.3946001,23.4592788],[111.3917479,23.4646658],[111.3944198,23.471847],[111.4233007,23.4686221],[111.4284467,23.4827709],[111.4332103,23.4834007],[111.4401626,23.4910758],[111.4470291,23.5035913],[111.4553976,23.5029616],[111.4589047,23.5140476],[111.4672422,23.5220474],[111.4687013,23.5291695],[111.474924,23.535819],[111.4728212,23.5470319],[111.4752245,23.5601714],[111.4836787,23.5638299],[111.486082,23.5709103],[111.4829063,23.577125],[111.4841938,23.5891603],[111.481046,23.6039383],[111.4775575,23.6083186],[111.4812775,23.6139052],[111.4815509,23.629309],[111.4884366,23.6292661],[111.4993515,23.6342023],[111.5064208,23.6263644],[111.533896,23.6347612],[111.5459761,23.6436166],[111.5554843,23.6418419],[111.5532783,23.6367139],[111.5609229,23.6365416],[111.5700244,23.6434628],[111.5809135,23.6473453],[111.5842975,23.6408879],[111.5899676,23.64534],[111.6054926,23.6399538],[111.6107645,23.6420043],[111.609955,23.661157],[111.6211434,23.6782112],[111.6266495,23.6766065],[111.6327825,23.6804216],[111.6315096,23.6878395],[111.6384956,23.6976692],[111.6418083,23.6966344],[111.6598463,23.7030477],[111.6574859,23.7090597],[111.661477,23.7209257],[111.6379594,23.7258761],[111.6173649,23.7273603],[111.6121673,23.7366014],[111.6159439,23.7399012],[111.6251446,23.7392134],[111.6223811,23.7554175],[111.6243053,23.7723534],[111.6215228,23.7811036],[111.6252857,23.7853465],[111.6230678,23.7909211],[111.6344833,23.7896645],[111.6362857,23.8012091],[111.6416072,23.8051356],[111.6444396,23.814009],[111.6409206,23.8180136],[111.6486453,23.8255514],[111.6497194,23.8361],[111.6592969,23.8376758],[111.6674566,23.8323763],[111.6712205,23.8262198],[111.6781405,23.8259037],[111.6853646,23.8189084],[111.690816,23.8262478],[111.6917622,23.8386263],[111.6995747,23.8410004],[111.7093403,23.8399132],[111.7144705,23.8285026],[111.732526,23.8219141],[111.7407031,23.8234071],[111.7471007,23.815408],[111.7605816,23.8176454],[111.7696615,23.8108225],[111.7747656,23.8135243],[111.7863542,23.8118598],[111.7909635,23.8183767],[111.798419,23.8167684],[111.8052176,23.8087195],[111.808517,23.813169],[111.8059508,23.8194523],[111.81024,23.8321956],[111.8195747,23.8351107],[111.8148785,23.8581272],[111.8186024,23.8745139],[111.8116667,23.8778255],[111.8074392,23.8902539],[111.8174132,23.906352],[111.817691,23.9139887],[111.833724,23.9141298],[111.8407378,23.9071962],[111.8525,23.9211306],[111.8518663,23.9300651],[111.8461285,23.9369878],[111.8492622,23.9502669],[111.8609896,23.9491949],[111.8639757,23.9431727],[111.8738455,23.9390951],[111.8816319,23.9471984],[111.8923958,23.9494987],[111.9068837,23.9468229],[111.9050608,23.9550716],[111.9125434,23.9551606],[111.9177517,23.9602821],[111.9189236,23.9711437],[111.9216667,23.97],[111.9297743,23.9819162],[111.9370809,23.9855209],[111.9278906,23.9970074],[111.9267448,24.0018728],[111.9163889,24.0149327],[111.9159288,24.0402908],[111.9133941,24.0448915],[111.9007118,24.0497678],[111.8922222,24.0683312],[111.8918837,24.0725195],[111.8823872,24.0835221],[111.8852316,24.0895827],[111.8784028,24.0985352],[111.873559,24.1130295],[111.8736719,24.1297765],[111.8772743,24.1386936],[111.8842459,24.1655124],[111.8664203,24.178367],[111.870217,24.1938064],[111.8694358,24.202908],[111.8727865,24.2319119],[111.8773872,24.2330143],[111.8883594,24.2271984],[111.9008333,24.2249935],[111.9108333,24.2256706],[111.9157292,24.2364952],[111.9273958,24.2386892],[111.9341927,24.2334852],[111.9375608,24.2378451],[111.9492026,24.2398516],[111.9564329,24.2376982],[111.9728743,24.2255711],[111.9816151,24.2079779],[111.9890112,24.2014397],[111.9916149,24.1911289],[111.9971798,24.1878478],[112.0015717,24.1929625],[112.0195838,24.1911141],[112.0364072,24.1942238],[112.0406084,24.2002829],[112.0359995,24.2193885],[112.0450004,24.2269319],[112.0477269,24.2486449],[112.0529442,24.2497406],[112.0624577,24.2633866],[112.0674746,24.2641025],[112.0813816,24.2595801],[112.090591,24.2442326],[112.1006697,24.2311637],[112.1096534,24.2316396],[112.1171014,24.2256471],[112.1186897,24.2172472],[112.1238374,24.2101353],[112.1390457,24.2040561],[112.1429257,24.1927656],[112.1521794,24.1885273],[112.1613109,24.1906296],[112.1645404,24.2001333],[112.1720753,24.2004106],[112.1815461,24.2052502],[112.1916066,24.2068411],[112.2119629,24.2290649],[112.2106779,24.2431914],[112.2130304,24.2471579],[112.2304432,24.2490351],[112.2395845,24.2435861],[112.2442285,24.2461984],[112.2511211,24.2625178],[112.2503227,24.2819976],[112.2567378,24.2933865],[112.251677,24.3236299],[112.2531088,24.3270978],[112.2691598,24.3234589],[112.2884301,24.3304249],[112.288361,24.347356],[112.2848972,24.3658766],[112.2794553,24.3801797],[112.2836998,24.3915058],[112.2936648,24.3885827],[112.3019551,24.3814299],[112.3143766,24.3829855],[112.3366507,24.3562623],[112.3523974,24.3535633],[112.358674,24.3505573],[112.3683526,24.3506245],[112.372606,24.3395041],[112.3794202,24.3310194],[112.3884653,24.3293131],[112.3889686,24.3219266],[112.3964162,24.3128657],[112.4058433,24.3096973],[112.4138993,24.2989185],[112.4183602,24.2876136],[112.4388396,24.2904346],[112.444638,24.2836964],[112.4504366,24.2506753],[112.4533269,24.2410809],[112.4476933,24.2120275],[112.4411221,24.2132249],[112.4426585,24.2054946],[112.4341345,24.1931882],[112.4336655,24.1829535],[112.4260616,24.1760284],[112.4294385,24.1670707],[112.4241253,24.1631832],[112.4292992,24.1543294],[112.4239254,24.1443094],[112.4244029,24.1296719],[112.4283699,24.1265859],[112.4415219,24.1245511],[112.4499941,24.1274412],[112.4471466,24.1183528],[112.4584134,24.123442],[112.466183,24.1229799],[112.4814083,24.1168769],[112.4884317,24.0981186],[112.4842471,24.0888083],[112.4955756,24.0835458],[112.4926242,24.06711],[112.4947164,24.059586],[112.5024849,24.0541472],[112.5033013,24.0428148],[112.5135094,24.0203648],[112.5018598,24.0113892],[112.506123,24.0041109],[112.5053149,23.9969275],[112.5096982,23.9922917],[112.5109661,23.9797652],[112.5305233,23.9735239],[112.5449762,23.9756681],[112.5511485,23.9809273],[112.5591779,23.9801938],[112.5619473,23.9677652],[112.5701237,23.9701856],[112.5833364,23.9595899],[112.6031803,23.9554522],[112.6176413,23.9465069],[112.6287872,23.9465456],[112.6400378,23.943846],[112.64897,23.9511316],[112.6592301,23.9521798],[112.6707329,23.9426222],[112.6774596,23.9418351],[112.6781021,23.9268019],[112.6882762,23.9154715],[112.6880413,23.9069867],[112.68035,23.8980785],[112.6870255,23.8923469],[112.6759491,23.8809363],[112.6707667,23.8692649],[112.6728677,23.8577288],[112.6670341,23.8542567],[112.6667997,23.8385116],[112.6700816,23.8339958],[112.6568687,23.8250046],[112.6503152,23.8153611],[112.6607409,23.8149632],[112.670376,23.8178999],[112.6843001,23.8090847],[112.7007325,23.8090391],[112.6955069,23.7958726],[112.6990049,23.793228],[112.6973382,23.7796427],[112.6925289,23.7683836],[112.7008189,23.7555042],[112.7061927,23.7554999],[112.7248215,23.7611579],[112.7379028,23.7550811],[112.7206701,23.7284265],[112.7061216,23.7147388],[112.7082661,23.7095115],[112.7193331,23.7128733],[112.7163563,23.7011671],[112.7098633,23.694288],[112.722068,23.6865468],[112.7235175,23.6811233],[112.7321463,23.6870223],[112.7406183,23.6889182],[112.7347157,23.6752205],[112.7393424,23.6707934],[112.7460522,23.6778878],[112.7540123,23.6749211],[112.7634218,23.679984],[112.7756615,23.6738407],[112.7794727,23.6578927],[112.7730827,23.6438775],[112.746833,23.6312641],[112.7452189,23.6126751],[112.753665,23.6053571],[112.766955,23.6058932],[112.768144,23.5983673],[112.7766248,23.5911325],[112.7945848,23.5915616],[112.7929185,23.5796843],[112.7949405,23.5744779],[112.7882051,23.5742935],[112.79238,23.5613555],[112.7915724,23.5544391],[112.796963,23.5482018],[112.8119891,23.5478009],[112.8154958,23.5512164],[112.8253401,23.5484197],[112.8264686,23.5402766],[112.8356178,23.5387599],[112.8453138,23.5303005],[112.8401658,23.5056545],[112.8406176,23.4898619],[112.8331439,23.4876921],[112.8259212,23.4708084],[112.8066238,23.4651856],[112.7975004,23.4468542],[112.7984643,23.4383926],[112.7911901,23.4317237],[112.7889419,23.4101956],[112.7826053,23.4057994],[112.780513,23.3967934],[112.7804603,23.3765699],[112.7886551,23.3716407],[112.8013891,23.3700919],[112.8049142,23.3740019],[112.8014155,23.3790721],[112.8007468,23.3901522],[112.8089332,23.3944542],[112.8332905,23.3900742],[112.8546099,23.3672903],[112.8588289,23.3518772],[112.8704957,23.3532749],[112.8834885,23.3482443],[112.8758515,23.339384],[112.8662504,23.3183766],[112.8620818,23.2967885],[112.8563059,23.2941693],[112.8428303,23.2778132],[112.8399051,23.2660703],[112.8226047,23.2529729],[112.8153298,23.2424867],[112.8164228,23.2362029],[112.8259425,23.2468799],[112.8421355,23.2413911],[112.8378641,23.2272221],[112.8268314,23.2184093],[112.8098612,23.2198324],[112.8057377,23.2030682],[112.7957201,23.2030991],[112.8014063,23.2150777],[112.7946358,23.2309008],[112.7901042,23.228984],[112.7898349,23.2124763],[112.781137,23.208611],[112.7758677,23.2212022],[112.7807143,23.2266034],[112.7763106,23.2285022],[112.7642362,23.2259921],[112.7678164,23.2182592],[112.761016,23.2161688],[112.7592945,23.2060491],[112.7673626,23.202657],[112.7671051,23.1941762],[112.7704525,23.1820655],[112.7702791,23.171115],[112.7876968,23.1512069],[112.7925108,23.1377354],[112.7934873,23.1145439],[112.7981718,23.0981884],[112.8113297,23.0766884],[112.814878,23.0500274],[112.8265763,23.0266684],[112.8275528,23.0178509],[112.8113901,23.0109899],[112.7991269,22.9993231],[112.789704,22.9931701],[112.7830368,22.9946561],[112.7835058,23.0016836],[112.7887754,23.0032915],[112.7821171,23.0065958],[112.7824818,23.0011077],[112.7660492,22.9927879],[112.757629,22.9820758],[112.7399908,22.9929939],[112.7296083,22.9839619],[112.7280196,22.9758825],[112.7310928,22.9666223],[112.7362492,22.9657064],[112.7309708,22.9542845],[112.7289046,22.9435317],[112.7235753,22.9387493],[112.7037224,22.930561],[112.6986099,22.9385597],[112.6995474,22.9469287],[112.6946171,22.9511881],[112.6817698,22.9512861],[112.6676231,22.9433614],[112.6756755,22.9344218],[112.685008,22.9300901],[112.6920477,22.9178376],[112.6814062,22.910467],[112.6873704,22.9049313],[112.6795579,22.9014891],[112.6724826,22.9056379],[112.6713366,22.8983051],[112.654228,22.8900844],[112.6470137,22.8908796],[112.630582,22.8866585],[112.6274754,22.8804486],[112.610183,22.8759292],[112.6085248,22.8804793],[112.5939068,22.8717749],[112.5902117,22.8763849],[112.597165,22.8790937],[112.6017949,22.8858936],[112.5980737,22.9006207],[112.5870893,22.8981466],[112.5752693,22.9048226],[112.5671815,22.9158786],[112.5456991,22.9194127],[112.5301824,22.9070325],[112.531208,22.8966327],[112.5200937,22.9001138],[112.5236832,22.9102744],[112.5162924,22.9070259],[112.5175884,22.9150495],[112.5091684,22.9067739],[112.5042321,22.9117045],[112.5023067,22.9042601],[112.4925088,22.9021092],[112.4865974,22.9038963],[112.4772649,22.8992581],[112.4722176,22.8932498],[112.4792347,22.8831147],[112.4707349,22.8687502],[112.4813174,22.8535973],[112.4927101,22.8525603],[112.4979654,22.8435565],[112.4969704,22.8209359],[112.4952603,22.8152517],[112.4832637,22.8095182],[112.4776042,22.7977412],[112.4669445,22.7965949],[112.4581165,22.7919688],[112.4482465,22.7947006],[112.4384635,22.7943211],[112.4361109,22.7904108],[112.4081773,22.7771204],[112.3871532,22.772409],[112.3773094,22.7872112],[112.3788804,22.794892],[112.3701998,22.7998747],[112.3688456,22.7970223],[112.3510417,22.7907093],[112.3434814,22.792984],[112.3443141,22.7883141],[112.3307899,22.7918691],[112.3232379,22.7894704],[112.3102952,22.7927672],[112.3179171,22.8052239],[112.3279167,22.8045272],[112.3310074,22.8091947],[112.3232987,22.8207271],[112.3145051,22.82813],[112.3051221,22.8275868],[112.3068747,22.8321511],[112.3051568,22.8464046],[112.307083,22.8532618],[112.2986285,22.8647853],[112.2934981,22.8679099],[112.2908773,22.8760575],[112.2960851,22.8853431],[112.2942274,22.8933267],[112.3003735,22.8988889],[112.3021525,22.9140057],[112.2901386,22.9183651],[112.2801729,22.9140403],[112.273185,22.9174407],[112.2608334,22.9094379],[112.2525863,22.9133485],[112.2559287,22.9215055],[112.257725,22.9425762],[112.2503558,22.9493795],[112.2519876,22.9543903],[112.2638626,22.9510281],[112.265712,22.9465489],[112.2750173,22.9517926],[112.2785064,22.9472632],[112.2850346,22.9553923],[112.279071,22.9599412],[112.2800956,22.9651688],[112.2721442,22.9733348],[112.2802256,22.9789948],[112.2814577,22.9877406],[112.2892704,23.0005463],[112.2938621,23.0130555],[112.2891667,23.0127363],[112.2816582,23.0227622],[112.2846266,23.0270089],[112.2833153,23.0393643],[112.2802432,23.0452731],[112.2842971,23.055968],[112.2907114,23.0635584],[112.2960154,23.0822348],[112.3051477,23.0793921],[112.3124044,23.0829318],[112.3211629,23.096206],[112.3218579,23.1067884],[112.307221,23.1184234],[112.3067011,23.1238781],[112.2960506,23.1249741],[112.28526,23.1320942],[112.2656293,23.1242536],[112.2329964,23.1174614],[112.220932,23.1123042],[112.2072915,23.0964644],[112.1916668,23.0819645],[112.1810592,23.0763566],[112.1653489,23.0753485],[112.1298654,23.0872664],[112.1185628,23.0839581],[112.0968467,23.0917074],[112.0821614,23.0836328],[112.0395573,23.0733785],[112.0295978,23.0761112],[112.0220753,23.0820879],[112.0013714,23.0839768],[111.9828498,23.0909831],[111.9773998,23.0976135],[111.9724435,23.1269173],[111.9662824,23.1313581],[111.9530675,23.1335393],[111.9218535,23.1272305],[111.9021919,23.127865],[111.8850845,23.1318378],[111.8696333,23.1419415],[111.8632783,23.1434794],[111.8531205,23.1411443],[111.8405807,23.1352997],[111.8241717,23.1322817],[111.7822043,23.1341694],[111.7577473,23.1379705],[111.7219442,23.1543523],[111.7034826,23.1520081],[111.6940204,23.158968],[111.6851201,23.1602031],[111.6713815,23.1560979],[111.6588327,23.158181],[111.644083,23.1682319],[111.6331538,23.1886821],[111.6138521,23.1928255],[111.5853648,23.1902859],[111.5793542,23.1914866],[111.5346309,23.2153747],[111.528647,23.2221678],[111.5293593,23.2293673],[111.5365442,23.2374188],[111.5625244,23.2459557],[111.5707987,23.2509206],[111.5729561,23.2645796],[111.5536215,23.2879989],[111.5271689,23.3272854],[111.5212956,23.3251068],[111.5228309,23.3130253],[111.5149636,23.3084564],[111.5156753,23.299046],[111.5111981,23.2877715],[111.4981084,23.285046],[111.4868734,23.2870364],[111.4685754,23.2779842],[111.465574,23.2821162],[111.4600792,23.2748678],[111.4492885,23.2835204],[111.4480819,23.2920366],[111.4324483,23.297592],[111.4368408,23.3038676],[111.4157382,23.3187381],[111.403325,23.3183791],[111.3904433,23.3276768],[111.3791323,23.3262743],[111.3702547,23.3187982],[111.3570155,23.3272469]]],[[[112.782857,23.0047462],[112.7838436,23.0055894],[112.784906,23.0022613],[112.782857,23.0047462]]]]}},{"type":"Feature","properties":{"name":"惠州市","osm_relation":3209912},"geometry":{"type":"MultiPolygon","coordinates":[[[[113.8080517,23.6307555],[113.8116452,23.6384669],[113.8226364,23.6468072],[113.8151569,23.6528481],[113.8149304,23.6602241],[113.8338872,23.6573759],[113.8388276,23.6713656],[113.8471057,23.670594],[113.8412893,23.6809586],[113.8668028,23.6846301],[113.8835202,23.6909169],[113.8947154,23.704003],[113.8959877,23.7183031],[113.9069733,23.7187064],[113.9141957,23.7332674],[113.9313105,23.7349008],[113.935987,23.7415957],[113.9502289,23.7347143],[113.9568991,23.7424726],[113.9675567,23.7415225],[113.9703042,23.7465146],[113.9695989,23.7581241],[113.9765735,23.7626904],[113.984931,23.7618987],[113.9952936,23.7664234],[114.0056145,23.7798736],[114.0129809,23.7804936],[114.0062478,23.7724254],[114.0049992,23.7657033],[114.013991,23.763545],[114.0176389,23.7549],[114.022488,23.7619812],[114.0305131,23.7676013],[114.0336058,23.7738845],[114.0434309,23.7781075],[114.054512,23.7780267],[114.0496072,23.788681],[114.0318798,23.7950594],[114.0312066,23.7990397],[114.0425683,23.8062261],[114.0325074,23.8105042],[114.0302041,23.8162228],[114.0343848,23.8263724],[114.0469011,23.8322804],[114.0497351,23.8475911],[114.0525152,23.8494189],[114.0455109,23.8566999],[114.0422983,23.870607],[114.0366,23.8742282],[114.0375788,23.8923842],[114.0311968,23.8980093],[114.0313835,23.9039269],[114.0457529,23.9268152],[114.0460179,23.93185],[114.052358,23.9392074],[114.0630788,23.9334344],[114.0692181,23.9334],[114.0700596,23.9268931],[114.0821941,23.9281933],[114.0878627,23.9249276],[114.0916001,23.9289802],[114.1033755,23.9286419],[114.1255963,23.9396781],[114.1276739,23.9448282],[114.1493105,23.939529],[114.1538374,23.9434799],[114.1592679,23.9565052],[114.1686636,23.9614632],[114.1815533,23.9582788],[114.1815874,23.9523707],[114.1874656,23.9469026],[114.1977735,23.9440772],[114.2083421,23.9485118],[114.217124,23.9429751],[114.2260247,23.9429835],[114.2366098,23.9471371],[114.2492337,23.9551328],[114.2551035,23.9559963],[114.258846,23.9630834],[114.2661012,23.9627609],[114.2668019,23.9508515],[114.2500394,23.9449937],[114.2423739,23.9396685],[114.2496929,23.937279],[114.2428799,23.9325726],[114.2318005,23.913312],[114.2391483,23.9099684],[114.250527,23.9099866],[114.2567855,23.9137552],[114.2591355,23.9088126],[114.2675967,23.9039616],[114.2835287,23.9081142],[114.298516,23.8941126],[114.3163742,23.8969939],[114.3270192,23.9029976],[114.3335316,23.8954223],[114.3439109,23.8898882],[114.3411381,23.880934],[114.3513373,23.8721277],[114.3388633,23.8690959],[114.3252959,23.8555278],[114.3252089,23.8429306],[114.3219883,23.83497],[114.3277002,23.8111812],[114.3360335,23.8103581],[114.3377956,23.7998615],[114.3434904,23.7954647],[114.3418055,23.7861249],[114.3330036,23.7731516],[114.3368495,23.7628084],[114.3365715,23.7540975],[114.3523092,23.7500742],[114.3545938,23.7429916],[114.3503926,23.7385125],[114.3555653,23.731117],[114.3638291,23.7279546],[114.3649575,23.7338225],[114.3736031,23.747127],[114.377215,23.7418888],[114.3836129,23.7417131],[114.3942377,23.7222884],[114.3951834,23.7144453],[114.4004009,23.7106244],[114.4110863,23.714532],[114.4164077,23.7123602],[114.419281,23.6995784],[114.4351225,23.6899972],[114.4450269,23.6963399],[114.4682652,23.7058324],[114.4887161,23.7017632],[114.5079347,23.6911277],[114.5120496,23.6852357],[114.5157213,23.6710799],[114.5258516,23.6693103],[114.5261549,23.6638761],[114.5338288,23.6537748],[114.5349397,23.6442392],[114.5411986,23.6344601],[114.5524744,23.624955],[114.5491934,23.6101788],[114.5458249,23.6080214],[114.5523879,23.5992172],[114.5500175,23.5928739],[114.5629436,23.5823013],[114.5630563,23.5734509],[114.5744184,23.5642731],[114.5784904,23.5662551],[114.5960334,23.557984],[114.6067712,23.5469209],[114.6021183,23.5396231],[114.6149307,23.5310922],[114.6190108,23.5319918],[114.6178817,23.5466411],[114.6204953,23.552179],[114.6322229,23.5513309],[114.6350526,23.5591643],[114.6509895,23.5654899],[114.6540902,23.5554607],[114.6550507,23.5422326],[114.6593292,23.5352722],[114.6694006,23.5313838],[114.6851452,23.5351073],[114.6928585,23.5315325],[114.6926039,23.5229722],[114.680884,23.5117106],[114.6782663,23.4972023],[114.6855563,23.4800232],[114.6930612,23.4749779],[114.6939245,23.4657491],[114.6905885,23.4626603],[114.6668671,23.4542713],[114.6595066,23.4474819],[114.6468921,23.428902],[114.6320863,23.4157541],[114.626691,23.4142551],[114.629101,23.4074982],[114.6355895,23.4067102],[114.63763,23.4018231],[114.646102,23.3996372],[114.6441407,23.4061733],[114.6482722,23.4146262],[114.6553812,23.4060091],[114.661033,23.4123718],[114.6814496,23.4162036],[114.6913952,23.4098663],[114.7028554,23.4068787],[114.691822,23.4015398],[114.6885753,23.3961866],[114.6955457,23.3918851],[114.6959452,23.3789167],[114.6990791,23.3701951],[114.6928291,23.3688669],[114.7151905,23.3612297],[114.7111445,23.3505223],[114.7227077,23.3409497],[114.7228894,23.3302591],[114.7304161,23.3369781],[114.7322301,23.3310081],[114.741883,23.3330629],[114.7491917,23.331475],[114.7545824,23.3262276],[114.7569515,23.3172324],[114.771952,23.3160727],[114.7748948,23.2975141],[114.7677934,23.2916482],[114.7638966,23.2820107],[114.7684879,23.2764051],[114.7744947,23.2777674],[114.7755023,23.2684251],[114.7821515,23.2689247],[114.7821421,23.2592048],[114.787247,23.2533428],[114.7885925,23.2423551],[114.7812655,23.236821],[114.7782537,23.227225],[114.782481,23.2206209],[114.7816827,23.2097768],[114.7978106,23.208247],[114.799608,23.2024979],[114.8144423,23.1937545],[114.8298246,23.1745594],[114.836612,23.1726279],[114.8400499,23.1671814],[114.8458136,23.1680465],[114.8526452,23.1754344],[114.8523504,23.1802541],[114.8642684,23.1911783],[114.8627056,23.2004388],[114.8573413,23.2026759],[114.8553624,23.2138438],[114.8713784,23.2256812],[114.8753101,23.2352364],[114.8751103,23.2439563],[114.8943554,23.2494701],[114.8903626,23.2577108],[114.9072377,23.2773421],[114.9072463,23.298729],[114.914529,23.317635],[114.9108664,23.3188345],[114.9107535,23.3339758],[114.9084881,23.3415647],[114.91867,23.3413546],[114.9396178,23.3529425],[114.9492715,23.3464371],[114.9434633,23.3323745],[114.9569882,23.3294922],[114.9663459,23.3163567],[114.9717105,23.3195967],[114.9664493,23.3051734],[114.9733937,23.2970491],[114.9874308,23.2994102],[114.9921875,23.3164065],[115.0026389,23.3270531],[115.0023613,23.3349411],[115.0089329,23.3325459],[115.0318755,23.3305341],[115.0428129,23.3236197],[115.0512587,23.3236354],[115.0563545,23.3337912],[115.0667186,23.335616],[115.0732987,23.3473421],[115.0826301,23.3463039],[115.0953036,23.3583791],[115.1084635,23.3619664],[115.1173524,23.3705862],[115.1363799,23.3632339],[115.1525873,23.3648074],[115.1564498,23.3698112],[115.1642191,23.3712672],[115.1636725,23.3798096],[115.171467,23.3835066],[115.1847134,23.3791232],[115.1928036,23.3833079],[115.2003304,23.3800459],[115.2098964,23.3816128],[115.2169098,23.3870117],[115.2209893,23.3846576],[115.2306422,23.3879424],[115.2302523,23.3822002],[115.2360247,23.3793253],[115.2442879,23.3834595],[115.2565804,23.3831363],[115.2602255,23.3870184],[115.2727865,23.3784502],[115.2759547,23.3709008],[115.2812933,23.3698674],[115.2907814,23.3598655],[115.303021,23.3625561],[115.2982723,23.352379],[115.3020049,23.3469401],[115.298802,23.327192],[115.3027082,23.3236875],[115.3059719,23.3105233],[115.3299568,23.3248963],[115.3406769,23.3194703],[115.3432553,23.3110438],[115.358038,23.3078495],[115.3610504,23.3022703],[115.3723179,23.3053295],[115.3713365,23.2997572],[115.3795136,23.2923005],[115.3899477,23.2907445],[115.396406,23.2788673],[115.3984373,23.2525371],[115.4142965,23.2462129],[115.4191842,23.2461952],[115.421554,23.237509],[115.4047052,23.2404188],[115.3981427,23.2331245],[115.3980116,23.219989],[115.383134,23.2226843],[115.3805208,23.215542],[115.3712677,23.2075955],[115.3587066,23.2064562],[115.3565186,23.2025581],[115.3374397,23.1966338],[115.3381597,23.1884093],[115.3334028,23.1855094],[115.3320055,23.1728279],[115.3276127,23.173431],[115.3203816,23.1619752],[115.3122131,23.1661047],[115.3068231,23.1602454],[115.2896789,23.1635831],[115.2794981,23.1587582],[115.2768832,23.1477843],[115.2805554,23.1381422],[115.2765969,23.1276497],[115.2828905,23.1205058],[115.2844093,23.108196],[115.2877606,23.1055599],[115.2854165,23.098194],[115.2751036,23.0948606],[115.2578987,23.0941276],[115.2610766,23.0867945],[115.2467621,23.0762761],[115.241146,23.0645118],[115.2221699,23.0565036],[115.2159372,23.0574103],[115.1975086,23.0464797],[115.1893925,23.04829],[115.1755983,23.0429449],[115.1610326,23.0296552],[115.1584809,23.0151448],[115.1505731,23.0111695],[115.1439058,23.002936],[115.144279,22.993748],[115.12454,23.005853],[115.117152,23.00769],[115.106189,23.016525],[115.106076,23.012126],[115.094436,22.998761],[115.081007,23.010264],[115.069965,23.00227],[115.06987,22.9973],[115.0555176,22.9939849],[115.05559,22.988329],[115.042664,22.969591],[115.038732,22.972567],[115.032075,22.96689],[115.02171,22.964444],[115.015243,22.958168],[115.005347,22.958652],[114.995277,22.952281],[114.993091,22.941436],[114.981631,22.937875],[114.971302,22.941525],[114.961319,22.92957],[114.948958,22.931571],[114.941753,22.9223],[114.925833,22.923641],[114.913323,22.909962],[114.92171,22.90378],[114.921945,22.89306],[114.928047,22.889944],[114.931962,22.881834],[114.936675,22.880402],[114.934496,22.872993],[114.925252,22.874814],[114.920556,22.871285],[114.927803,22.861979],[114.923447,22.852712],[114.927178,22.843418],[114.936007,22.845406],[114.945573,22.837185],[114.943411,22.828893],[114.946068,22.819071],[114.939878,22.812368],[114.94816,22.797507],[114.969635,22.790927],[114.968142,22.785688],[114.973125,22.779497],[114.987587,22.773925],[114.995104,22.776369],[114.989758,22.757209],[115.002465,22.743515],[115.007492,22.742406],[115.005182,22.731959],[115.016553,22.723909],[115.0204029,22.7057317],[115.0032453,22.7051033],[114.9874183,22.6935806],[114.9881964,22.6898871],[114.9767129,22.6878115],[114.9709095,22.6980699],[114.9572734,22.6973453],[114.9506485,22.7078882],[114.9502623,22.7205213],[114.9532964,22.7307884],[114.9515115,22.7405958],[114.9375802,22.7495392],[114.934822,22.7554207],[114.9306681,22.7505501],[114.9104801,22.7532499],[114.9043268,22.7490266],[114.8905243,22.7573913],[114.8885784,22.7645267],[114.8826194,22.7677293],[114.8766388,22.7624402],[114.8668001,22.76053],[114.87122,22.75286],[114.8853601,22.7445501],[114.8842708,22.7307808],[114.8917727,22.7291607],[114.8969293,22.7191839],[114.911778,22.7224462],[114.9162354,22.7259865],[114.9255001,22.7153356],[114.9422613,22.707908],[114.9554627,22.694967],[114.9663207,22.6941205],[114.9690643,22.6780814],[114.9670801,22.6781899],[114.9496489,22.6639265],[114.9402696,22.6583159],[114.9262899,22.6432999],[114.9049691,22.6076577],[114.9000988,22.5882484],[114.9029091,22.5752443],[114.9115393,22.5736315],[114.9178732,22.5615945],[114.9134322,22.5557847],[114.904723,22.5515502],[114.9009767,22.5542498],[114.8925499,22.554441],[114.8838506,22.5442924],[114.8814572,22.5556818],[114.8900381,22.5622427],[114.8855437,22.5698689],[114.8935917,22.571842],[114.8877793,22.5873194],[114.8789938,22.5944666],[114.860599,22.6015249],[114.844409,22.6027794],[114.8299099,22.6013799],[114.80133,22.5924953],[114.7985364,22.5979246],[114.7892001,22.59966],[114.7714081,22.5943343],[114.76513,22.5963699],[114.7511483,22.5872405],[114.7502037,22.5980547],[114.7353471,22.6079897],[114.7473183,22.6175379],[114.7433232,22.623553],[114.7436357,22.6323506],[114.7497703,22.6400647],[114.7452262,22.6410968],[114.728764,22.6559513],[114.7369945,22.6672739],[114.7365737,22.6743862],[114.7477528,22.6822441],[114.7504851,22.6908095],[114.745494,22.7005701],[114.737841,22.709158],[114.73702,22.7142299],[114.7416749,22.7216901],[114.7389313,22.7309566],[114.7439001,22.7349256],[114.7430216,22.7410763],[114.7535103,22.7548991],[114.7641921,22.7607685],[114.7748331,22.7612483],[114.7901648,22.7759152],[114.8012524,22.7755612],[114.8212929,22.7857258],[114.8241556,22.792572],[114.8027293,22.8117937],[114.8030685,22.8185716],[114.7950699,22.8271003],[114.7905906,22.8253811],[114.7794977,22.8388563],[114.7891311,22.8204538],[114.7844315,22.8167075],[114.7795997,22.8250835],[114.7704359,22.8324237],[114.7673053,22.827591],[114.7754081,22.8198117],[114.7761303,22.8054497],[114.7742716,22.7970415],[114.7673793,22.7873189],[114.7524025,22.7841907],[114.7459062,22.7795472],[114.7352082,22.7772993],[114.7308998,22.7825556],[114.7224888,22.7844689],[114.7215012,22.7948796],[114.7189315,22.7954915],[114.7141961,22.7960691],[114.7067492,22.7930096],[114.6890916,22.7923324],[114.6857482,22.7905108],[114.68751,22.77988],[114.6606899,22.7743501],[114.6602768,22.7705917],[114.6495223,22.7707852],[114.6424103,22.767937],[114.6379548,22.7539491],[114.6023966,22.7403513],[114.6057661,22.73295],[114.6029288,22.7280799],[114.5888831,22.7265596],[114.5633697,22.7262759],[114.5510648,22.7310326],[114.568335,22.7170054],[114.5715821,22.7052938],[114.5752304,22.7017516],[114.5752626,22.6910926],[114.5684224,22.6912453],[114.5644755,22.6958893],[114.5509544,22.6958749],[114.5383041,22.7135287],[114.5299463,22.7099661],[114.5326535,22.7037942],[114.5300862,22.6980921],[114.5421775,22.6937011],[114.5401454,22.6879447],[114.5330062,22.6831823],[114.5103338,22.6829933],[114.5147104,22.6760871],[114.508493215,22.666197356],[114.508003923,22.666470464],[114.507523,22.6667389],[114.5019472,22.6710261],[114.4875705,22.6726199],[114.4772177,22.6711031],[114.4728144,22.6655225],[114.4479804,22.672513],[114.4451155,22.6677496],[114.4269134,22.6631244],[114.4232416,22.6787729],[114.4384217,22.6865779],[114.4408515,22.6920415],[114.4366987,22.7004751],[114.4224521,22.7014123],[114.4155036,22.7165544],[114.4054657,22.7130751],[114.3983752,22.7265422],[114.4011847,22.7327548],[114.4098709,22.7394172],[114.4099903,22.7554359],[114.4138098,22.7687522],[114.4060921,22.7805236],[114.3948961,22.7818194],[114.3905072,22.7739547],[114.3904667,22.7638493],[114.3840544,22.7599583],[114.362959,22.76961],[114.3508991,22.7683403],[114.3527521,22.7743147],[114.3494954,22.7807576],[114.3405834,22.7815631],[114.3380787,22.7866113],[114.3466995,22.7926795],[114.3451268,22.8018082],[114.3486799,22.8093255],[114.3433211,22.8117954],[114.3260795,22.8119565],[114.3220603,22.8078758],[114.3141967,22.8098088],[114.3115149,22.8037856],[114.2896029,22.8064054],[114.287058,22.8112242],[114.2803037,22.8109365],[114.2781751,22.80513],[114.2568561,22.7846437],[114.2483809,22.7841066],[114.2408668,22.7937192],[114.2295666,22.7960283],[114.2244676,22.8152165],[114.2299118,22.8217774],[114.2308584,22.8347594],[114.2274445,22.8549115],[114.2306277,22.8563994],[114.2296589,22.8674944],[114.2254146,22.8739979],[114.2263371,22.8828353],[114.2318564,22.8884384],[114.2401794,22.8833161],[114.2464806,22.8868241],[114.255461,22.902397],[114.254358,22.908831],[114.244393,22.907904],[114.24041,22.914507],[114.2241017,22.9175012],[114.2078517,22.9315022],[114.2051355,22.9465329],[114.2093836,22.9497324],[114.2064698,22.9582491],[114.2184785,22.9660594],[114.2173229,22.9834498],[114.2075426,22.9904892],[114.1946598,22.9894593],[114.1921455,22.9940566],[114.1803814,22.9950758],[114.1775211,22.9988766],[114.173323,22.9914872],[114.1535159,22.9810929],[114.1506787,22.9858072],[114.1330553,22.9891177],[114.1271508,22.9971506],[114.1243617,22.9926462],[114.1191423,22.9968053],[114.1220782,23.0056635],[114.1270367,23.0069697],[114.1346543,23.0285248],[114.1458879,23.0219862],[114.1429353,23.0292041],[114.1368457,23.0310934],[114.1342853,23.0370796],[114.1238129,23.0444241],[114.1231835,23.05059],[114.1159405,23.0507598],[114.1028386,23.0572545],[114.0921355,23.0668051],[114.0864611,23.0800898],[114.0837392,23.0974894],[114.0800024,23.0996112],[114.0550339,23.103779],[114.0421686,23.0999115],[114.0326661,23.0926534],[114.0155807,23.0849952],[114.0041857,23.0864806],[113.9883157,23.0951803],[113.9818325,23.1042737],[113.9658154,23.1160052],[113.9573665,23.1168452],[113.929573,23.1098545],[113.9016164,23.1176553],[113.8899706,23.114055],[113.8697249,23.12732],[113.8590403,23.1176962],[113.842917,23.1197378],[113.839818,23.128348],[113.8439536,23.133768],[113.8403985,23.1376417],[113.8440776,23.1507265],[113.8504323,23.1538729],[113.8534704,23.1601547],[113.8650681,23.1630104],[113.8719333,23.1685945],[113.8844669,23.1657878],[113.8956036,23.1719774],[113.8963269,23.1783557],[113.8841174,23.1807322],[113.8778039,23.1941108],[113.8833186,23.2072214],[113.8874915,23.2070455],[113.8902083,23.2166962],[113.8974272,23.213196],[113.8998685,23.222278],[113.8964504,23.2228007],[113.8846984,23.2457],[113.8905946,23.2531065],[113.8867821,23.2601894],[113.8804006,23.2605297],[113.8785808,23.2662179],[113.871707,23.2683727],[113.8790864,23.2743098],[113.8860961,23.2878298],[113.8876634,23.3111159],[113.893496,23.3226809],[113.8880797,23.3246483],[113.8899138,23.3320647],[113.8839873,23.3310986],[113.888583,23.3450581],[113.9000497,23.3489862],[113.9062174,23.3458552],[113.9235031,23.3425679],[113.9356567,23.3455271],[113.9422252,23.3386821],[113.9519873,23.3376926],[113.9563345,23.3266353],[113.9530674,23.318571],[113.967223,23.3092948],[113.9714044,23.3038736],[113.9898832,23.3012978],[113.9912648,23.3116819],[113.9802238,23.3318384],[113.9894676,23.3360991],[113.9964908,23.3473299],[113.987737,23.3540708],[113.9761954,23.3803209],[113.9823543,23.3868292],[113.9953905,23.3919496],[113.9925739,23.4022805],[113.9803553,23.4082944],[113.9783331,23.4238815],[113.9838281,23.4321949],[113.9696659,23.4321122],[113.9537958,23.4343139],[113.9462959,23.4460662],[113.9507267,23.4523269],[113.9477836,23.4569146],[113.9491718,23.4683518],[113.958779,23.4670725],[113.9603274,23.4717096],[113.9701871,23.4677298],[113.976913,23.4754274],[113.9716468,23.4827032],[113.964042,23.480335],[113.9561077,23.4830829],[113.9507865,23.4806015],[113.9337898,23.4794776],[113.9276964,23.486967],[113.9359515,23.4863441],[113.9417093,23.4956317],[113.9239432,23.4971803],[113.9212245,23.5048682],[113.9044162,23.507173],[113.8999501,23.5162047],[113.8879346,23.5231265],[113.8836301,23.5310352],[113.8858824,23.5361852],[113.8662683,23.5426362],[113.8575215,23.5690491],[113.8477912,23.5733002],[113.8529564,23.5857989],[113.8590497,23.5901219],[113.8533116,23.5962303],[113.8568013,23.6066299],[113.8546046,23.612699],[113.8384856,23.6205857],[113.8291012,23.6202731],[113.8280401,23.6263509],[113.8133465,23.6257263],[113.8080517,23.6307555]]],[[[114.6158901,22.4686853],[114.6217561,22.4719942],[114.6421409,22.4666776],[114.6474194,22.4697734],[114.651593,22.4655845],[114.6472558,22.458136],[114.6339816,22.4578187],[114.6255903,22.4517951],[114.6195821,22.4651024],[114.6158901,22.4686853]]],[[[114.92788,22.72169],[114.9317101,22.7341001],[114.9474199,22.73237],[114.9499601,22.72918],[114.9453462,22.7094088],[114.9347721,22.7191804],[114.92788,22.72169]]],[[[114.6341895,22.5841484],[114.640325,22.5840481],[114.6529636,22.5781155],[114.6550678,22.5688018],[114.6474704,22.5761998],[114.6376455,22.578612],[114.6341895,22.5841484]]],[[[114.8353806,22.5083867],[114.8359211,22.5145107],[114.8416087,22.5191949],[114.8501261,22.516644],[114.8420486,22.5088352],[114.8353806,22.5083867]]],[[[114.6387559,22.4312459],[114.6453367,22.4440062],[114.6550409,22.4465013],[114.6489389,22.4386061],[114.6510914,22.4371992],[114.6387559,22.4312459]]],[[[114.5800026,22.7175418],[114.5889931,22.717512],[114.5962877,22.7137013],[114.589379,22.7079519],[114.5831279,22.7079779],[114.5800026,22.7175418]]],[[[114.6008476,22.6635406],[114.6063485,22.6753491],[114.6133256,22.6705467],[114.6035891,22.6626508],[114.6008476,22.6635406]]],[[[115.0256756,22.5525207],[115.026017,22.5528026],[115.0262611,22.5521479],[115.0256756,22.5525207]]],[[[115.0113764,22.7041618],[115.0114462,22.7042385],[115.0115615,22.7041482],[115.0113764,22.7041618]]],[[[115.0112155,22.7040616],[115.0113147,22.7041457],[115.0114167,22.7040591],[115.0112155,22.7040616]]],[[[115.0103872,22.7038273],[115.0107944,22.704074],[115.0104859,22.7037758],[115.0103872,22.7038273]]],[[[115.0103652,22.7036125],[115.0111042,22.7038674],[115.0105812,22.7033576],[115.0103652,22.7036125]]],[[[114.9898273,22.6891017],[114.9928933,22.6878845],[114.9910801,22.6868599],[114.9898273,22.6891017]]],[[[114.9886447,22.6885155],[114.9891892,22.688711],[114.9889854,22.688471],[114.9886447,22.6885155]]],[[[114.9870005,22.6883064],[114.9877743,22.6886331],[114.9872258,22.6880453],[114.9870005,22.6883064]]],[[[114.9852812,22.6863217],[114.9857439,22.6869787],[114.9866054,22.6863209],[114.9852812,22.6863217]]],[[[114.9726561,22.6775969],[114.9756722,22.6789569],[114.9759565,22.6780486],[114.9726561,22.6775969]]],[[[114.9709596,22.6783815],[114.9722108,22.6784879],[114.9721102,22.6781884],[114.9709596,22.6783815]]],[[[114.9475211,22.7037808],[114.9476016,22.703808],[114.9475667,22.7037535],[114.9475211,22.7037808]]],[[[114.9474165,22.6612397],[114.947572,22.6612991],[114.9476042,22.6610838],[114.9474165,22.6612397]]],[[[114.9420279,22.6580529],[114.942217,22.6580653],[114.9421392,22.6578537],[114.9420279,22.6580529]]],[[[114.9413601,22.6580715],[114.9417222,22.6582349],[114.9417812,22.6577138],[114.9413601,22.6580715]]],[[[114.9332383,22.6490503],[114.9334489,22.6489365],[114.9332665,22.6487793],[114.9332383,22.6490503]]],[[[114.9326603,22.6479055],[114.9329916,22.6481072],[114.9328025,22.6477223],[114.9326603,22.6479055]]],[[[114.9307908,22.645711],[114.930823,22.6460143],[114.9310832,22.645846],[114.9307908,22.645711]]],[[[114.9306111,22.6454474],[114.9307103,22.6457259],[114.9309156,22.6455089],[114.9306111,22.6454474]]],[[[114.9290071,22.738169],[114.92944,22.7376699],[114.9291855,22.7375048],[114.9290071,22.738169]]],[[[114.9283379,22.7392512],[114.9289294,22.7405091],[114.9293478,22.7395172],[114.9283379,22.7392512]]],[[[114.92594,22.591745],[114.926219,22.5924582],[114.9263048,22.5916459],[114.92594,22.591745]]],[[[114.924961,22.629126],[114.9254425,22.629605],[114.9258462,22.628637],[114.924961,22.629126]]],[[[114.9220468,22.629402],[114.9220535,22.6297474],[114.9224357,22.6296979],[114.9220468,22.629402]]],[[[114.9214701,22.6301521],[114.9224572,22.6311325],[114.9235904,22.6306696],[114.9214701,22.6301521]]],[[[114.9196154,22.6248745],[114.9196503,22.6249401],[114.9196999,22.6248937],[114.9196154,22.6248745]]],[[[114.9194477,22.6247847],[114.9196838,22.6247364],[114.9195108,22.6246436],[114.9194477,22.6247847]]],[[[114.9186645,22.630297],[114.9190333,22.6304344],[114.919091,22.6302388],[114.9186645,22.630297]]],[[[114.917939,22.6266515],[114.9179484,22.6267035],[114.9180101,22.6266589],[114.917939,22.6266515]]],[[[114.9178921,22.7275345],[114.9186364,22.7278308],[114.9184622,22.7267645],[114.9178921,22.7275345]]],[[[114.9178062,22.6267171],[114.917817,22.6267554],[114.9178773,22.6267344],[114.9178062,22.6267171]]],[[[114.9134919,22.5896351],[114.9135174,22.5897007],[114.9135871,22.5896734],[114.9134919,22.5896351]]],[[[114.9125913,22.5806575],[114.9141184,22.5809969],[114.9141343,22.5801612],[114.9125913,22.5806575]]],[[[114.912309,22.581636],[114.9124633,22.5820496],[114.9127275,22.5816459],[114.912309,22.581636]]],[[[114.9121413,22.5885921],[114.9129206,22.5899],[114.9134679,22.5888664],[114.9121413,22.5885921]]],[[[114.9120516,22.5740822],[114.9122474,22.5739955],[114.9121293,22.5738866],[114.9120516,22.5740822]]],[[[114.9119469,22.5734358],[114.9120462,22.5736017],[114.9121079,22.5734308],[114.9119469,22.5734358]]],[[[114.9094257,22.579334],[114.9114763,22.5794801],[114.9109854,22.5782256],[114.9094257,22.579334]]],[[[114.9040157,22.5766914],[114.9041122,22.5768264],[114.9043187,22.5767323],[114.9040157,22.5766914]]],[[[114.9010768,22.5531438],[114.9011949,22.5533122],[114.9013129,22.5532503],[114.9010768,22.5531438]]],[[[114.8814824,22.5565609],[114.881528,22.5566525],[114.8815361,22.5565188],[114.8814824,22.5565609]]],[[[114.8809379,22.5548889],[114.8812249,22.5549037],[114.8809835,22.5546981],[114.8809379,22.5548889]]],[[[114.8801038,22.5547244],[114.8805329,22.5548898],[114.8804129,22.5543529],[114.8801038,22.5547244]]],[[[114.8794252,22.5628474],[114.8794788,22.562944],[114.8795029,22.5628325],[114.8794252,22.5628474]]],[[[114.8790269,22.5629774],[114.8790845,22.5629948],[114.8790523,22.5629093],[114.8790269,22.5629774]]],[[[114.8788727,22.5630158],[114.8789705,22.5630765],[114.8789316,22.5629663],[114.8788727,22.5630158]]],[[[114.8788619,22.562892],[114.8789101,22.5628177],[114.87887,22.5628028],[114.8788619,22.562892]]],[[[114.8787761,22.5628263],[114.8788056,22.5628511],[114.8788257,22.5628189],[114.8787761,22.5628263]]],[[[114.8787586,22.5625242],[114.8787922,22.5625452],[114.8788029,22.5624957],[114.8787586,22.5625242]]],[[[114.8786862,22.5627335],[114.8787533,22.5627186],[114.8787304,22.5626629],[114.8786862,22.5627335]]],[[[114.8786715,22.5621068],[114.8788324,22.5619731],[114.8786956,22.5619384],[114.8786715,22.5621068]]],[[[114.8785494,22.5618864],[114.8785682,22.5619693],[114.878587,22.5618641],[114.8785494,22.5618864]]],[[[114.8784569,22.5619607],[114.878536,22.561895],[114.8784649,22.561874],[114.8784569,22.5619607]]],[[[114.8784167,22.5612943],[114.8784408,22.5614925],[114.878481,22.5613266],[114.8784167,22.5612943]]],[[[114.8783684,22.5611829],[114.8784408,22.5611433],[114.8783818,22.5610838],[114.8783684,22.5611829]]],[[[114.8769669,22.5619619],[114.8770125,22.561952],[114.8769696,22.5619161],[114.8769669,22.5619619]]],[[[114.8752543,22.5611631],[114.8772242,22.5607743],[114.8766209,22.5599655],[114.8752543,22.5611631]]],[[[114.8749231,22.5617068],[114.8750438,22.5618108],[114.8749499,22.5616052],[114.8749231,22.5617068]]],[[[114.8699516,22.5452949],[114.8712136,22.5455702],[114.8709132,22.5445282],[114.8699516,22.5452949]]],[[[114.8467948,22.5114983],[114.8468504,22.5115163],[114.8468424,22.5114559],[114.8467948,22.5114983]]],[[[114.840064,22.5295589],[114.8421586,22.5349596],[114.84299,22.5318058],[114.840064,22.5295589]]],[[[114.8367915,22.507833],[114.8367948,22.5079144],[114.8369215,22.5078896],[114.8367915,22.507833]]],[[[114.8367757,22.5077027],[114.836806,22.5076979],[114.8367806,22.5076739],[114.8367757,22.5077027]]],[[[114.836713,22.5078323],[114.8367589,22.5078174],[114.836734,22.5077961],[114.836713,22.5078323]]],[[[114.8366641,22.5077533],[114.8367043,22.50777],[114.8367137,22.5077248],[114.8366641,22.5077533]]],[[[114.8361102,22.5149394],[114.8362027,22.5149294],[114.8361343,22.5148811],[114.8361102,22.5149394]]],[[[114.8351298,22.5104211],[114.8351888,22.5104657],[114.8352103,22.5104297],[114.8351298,22.5104211]]],[[[114.8348267,22.5114568],[114.8348737,22.5114568],[114.8348428,22.5113788],[114.8348267,22.5114568]]],[[[114.8344392,22.599689],[114.834981,22.6001397],[114.835217,22.5992482],[114.8344392,22.599689]]],[[[114.834289,22.5131591],[114.8343855,22.5131194],[114.8343493,22.5130352],[114.834289,22.5131591]]],[[[114.8328862,22.5104409],[114.833023,22.5104087],[114.832917,22.5103926],[114.8328862,22.5104409]]],[[[114.8325851,22.5140338],[114.8326441,22.5141453],[114.832748,22.5140089],[114.8325851,22.5140338]]],[[[114.832178,22.5111496],[114.8328352,22.5141204],[114.8342045,22.5134366],[114.832178,22.5111496]]],[[[114.8222284,22.5952626],[114.8223773,22.5952515],[114.8223236,22.595202],[114.8222284,22.5952626]]],[[[114.8205762,22.5961145],[114.8206204,22.596268],[114.8206566,22.5961727],[114.8205762,22.5961145]]],[[[114.8202355,22.5961504],[114.8202637,22.5961987],[114.8203106,22.596143],[114.8202355,22.5961504]]],[[[114.8197339,22.5961566],[114.8198667,22.5962234],[114.8198453,22.596065],[114.8197339,22.5961566]]],[[[114.8165408,22.5965231],[114.8166588,22.5965194],[114.8166427,22.5964513],[114.8165408,22.5965231]]],[[[114.8142797,22.5953964],[114.814281,22.5954793],[114.8143601,22.5954657],[114.8142797,22.5953964]]],[[[114.8141241,22.5954867],[114.8142233,22.5955041],[114.8142247,22.5954385],[114.8141241,22.5954867]]],[[[114.803921,22.5915951],[114.8041154,22.59161],[114.8040202,22.5914416],[114.803921,22.5915951]]],[[[114.8032182,22.5912262],[114.8032477,22.5913438],[114.8033658,22.5912707],[114.8032182,22.5912262]]],[[[114.8027851,22.5911345],[114.8028682,22.5910652],[114.802832,22.5910342],[114.8027851,22.5911345]]],[[[114.8015995,22.5886556],[114.8016706,22.5886606],[114.8016518,22.588481],[114.8015995,22.5886556]]],[[[114.8007949,22.5888612],[114.8010497,22.5891113],[114.8011328,22.5888277],[114.8007949,22.5888612]]],[[[114.8007144,22.5930587],[114.8007748,22.5930797],[114.800764,22.5929671],[114.8007144,22.5930587]]],[[[114.8003788,22.8191151],[114.8005697,22.8190584],[114.8004057,22.81901],[114.8003788,22.8191151]]],[[[114.7999213,22.8187169],[114.8005666,22.8187369],[114.8004606,22.8186437],[114.7999213,22.8187169]]],[[[114.7990407,22.5896289],[114.7997823,22.5898852],[114.7995959,22.5890692],[114.7990407,22.5896289]]],[[[114.7713963,22.7625914],[114.7715454,22.7625086],[114.7713983,22.7622841],[114.7713963,22.7625914]]],[[[114.7664961,22.5954471],[114.7665819,22.5955412],[114.7666785,22.5953976],[114.7664961,22.5954471]]],[[[114.7652033,22.5937001],[114.7652194,22.5938994],[114.7654179,22.5937236],[114.7652033,22.5937001]]],[[[114.7635618,22.5932667],[114.7637925,22.5933261],[114.7636637,22.5931144],[114.7635618,22.5932667]]],[[[114.7594325,22.5911927],[114.7595143,22.5911581],[114.7594875,22.5911222],[114.7594325,22.5911927]]],[[[114.7583127,22.5904808],[114.7585809,22.5905352],[114.7586024,22.5903458],[114.7583127,22.5904808]]],[[[114.7570065,22.5896462],[114.7570561,22.589749],[114.7571701,22.5896214],[114.7570065,22.5896462]]],[[[114.7556399,22.5881319],[114.7556707,22.5883238],[114.7558263,22.5881591],[114.7556399,22.5881319]]],[[[114.7533265,22.5875573],[114.7533372,22.5876267],[114.7534619,22.587535],[114.7533265,22.5875573]]],[[[114.7530006,22.5875499],[114.7531642,22.5874855],[114.7530703,22.5874063],[114.7530006,22.5875499]]],[[[114.752275,22.5871784],[114.7524481,22.5871859],[114.7524226,22.5871165],[114.752275,22.5871784]]],[[[114.7521517,22.5868416],[114.7523434,22.5868949],[114.7522818,22.5867339],[114.7521517,22.5868416]]],[[[114.7478896,22.5869097],[114.7479486,22.5870558],[114.7481123,22.58701],[114.7478896,22.5869097]]],[[[114.7476107,22.5869085],[114.747773,22.5869221],[114.7476321,22.5868342],[114.7476107,22.5869085]]],[[[114.7475772,22.5867797],[114.7476992,22.586781],[114.747604,22.5866807],[114.7475772,22.5867797]]],[[[114.7471225,22.5867005],[114.7472016,22.5869308],[114.7473384,22.5867624],[114.7471225,22.5867005]]],[[[114.7464184,22.5862411],[114.7464493,22.5863637],[114.7465499,22.5863302],[114.7464184,22.5862411]]],[[[114.7463152,22.7473426],[114.7463608,22.74758],[114.7465673,22.7473252],[114.7463152,22.7473426]]],[[[114.746173,22.7469418],[114.7462508,22.747209],[114.7463581,22.7469715],[114.746173,22.7469418]]],[[[114.7460523,22.7472708],[114.7461113,22.7474019],[114.7461972,22.7472189],[114.7460523,22.7472708]]],[[[114.7459826,22.7466005],[114.7460496,22.7466846],[114.7460647,22.7465448],[114.7459826,22.7466005]]],[[[114.7459182,22.6382215],[114.7460657,22.6382078],[114.7459665,22.6381162],[114.7459182,22.6382215]]],[[[114.7457653,22.746885],[114.7458029,22.7471991],[114.7459692,22.7468751],[114.7457653,22.746885]]],[[[114.7457653,22.7468256],[114.7458431,22.7468553],[114.7458458,22.7467464],[114.7457653,22.7468256]]],[[[114.7457197,22.6392055],[114.7457626,22.6392228],[114.7457506,22.6391622],[114.7457197,22.6392055]]],[[[114.7456929,22.747486],[114.7459075,22.7474069],[114.7457251,22.7471793],[114.7456929,22.747486]]],[[[114.7456902,22.6871965],[114.7457506,22.68734],[114.7458002,22.6872138],[114.7456902,22.6871965]]],[[[114.7449017,22.5827653],[114.7449499,22.582899],[114.745025,22.5827678],[114.7449017,22.5827653]]],[[[114.7448668,22.6376471],[114.7449808,22.6376248],[114.7449164,22.6375654],[114.7448668,22.6376471]]],[[[114.744785,22.5826254],[114.7448614,22.5825783],[114.7447917,22.5825795],[114.744785,22.5826254]]],[[[114.7445624,22.5822811],[114.7446093,22.582343],[114.7446629,22.5822824],[114.7445624,22.5822811]]],[[[114.7443223,22.6411042],[114.7443518,22.6411475],[114.7443746,22.6410683],[114.7443223,22.6411042]]],[[[114.7443022,22.5822514],[114.7443344,22.5824607],[114.744506,22.5822811],[114.7443022,22.5822514]]],[[[114.7441104,22.5819282],[114.7441922,22.5820681],[114.7443625,22.581953],[114.7441104,22.5819282]]],[[[114.7440889,22.581522],[114.7441439,22.581709],[114.7442821,22.5816583],[114.7440889,22.581522]]],[[[114.7440152,22.5868342],[114.744152,22.5869011],[114.7441681,22.586745],[114.7440152,22.5868342]]],[[[114.7432347,22.6332925],[114.7433151,22.6333161],[114.7433004,22.6332542],[114.7432347,22.6332925]]],[[[114.7431488,22.6329051],[114.7434425,22.6330252],[114.7433245,22.63253],[114.7431488,22.6329051]]],[[[114.7429651,22.6261204],[114.7430858,22.6261996],[114.7430094,22.6260474],[114.7429651,22.6261204]]],[[[114.7429048,22.5810428],[114.7434801,22.581215],[114.7431636,22.5807196],[114.7429048,22.5810428]]],[[[114.7428726,22.6861324],[114.7429799,22.6862326],[114.7430429,22.6861039],[114.7428726,22.6861324]]],[[[114.742827,22.62693],[114.7429973,22.6268817],[114.7428645,22.6267455],[114.742827,22.62693]]],[[[114.7427452,22.5809425],[114.7428578,22.5809524],[114.742772,22.5808484],[114.7427452,22.5809425]]],[[[114.7427237,22.5807196],[114.7430617,22.5807382],[114.7429825,22.5804645],[114.7427237,22.5807196]]],[[[114.7425131,22.5805958],[114.742654,22.5807345],[114.742666,22.580602],[114.7425131,22.5805958]]],[[[114.7424716,22.626576],[114.7425131,22.6266936],[114.7426338,22.6266119],[114.7424716,22.626576]]],[[[114.7417434,22.5797847],[114.7420102,22.5797699],[114.7417688,22.5795457],[114.7417434,22.5797847]]],[[[114.740366,22.7033861],[114.741561,22.7028714],[114.7404036,22.7025535],[114.740366,22.7033861]]],[[[114.7395118,22.7045503],[114.7395748,22.7044736],[114.7395171,22.7044612],[114.7395118,22.7045503]]],[[[114.7389901,22.7045528],[114.7393951,22.705112],[114.7395386,22.7046431],[114.7389901,22.7045528]]],[[[114.7379145,22.7042026],[114.7379427,22.7044909],[114.7380862,22.7042769],[114.7379145,22.7042026]]],[[[114.7348326,22.7768319],[114.7351196,22.7768542],[114.7351518,22.7767676],[114.7348326,22.7768319]]],[[[114.7348058,22.7767132],[114.7351411,22.7767281],[114.7351411,22.7766489],[114.7348058,22.7767132]]],[[[114.7345939,22.776461],[114.7350043,22.7765327],[114.7349077,22.776231],[114.7345939,22.776461]]],[[[114.7342131,22.7778409],[114.7344571,22.7779398],[114.7344169,22.7778261],[114.7342131,22.7778409]]],[[[114.7334553,22.7230337],[114.7335345,22.7230585],[114.7334982,22.7228989],[114.7334553,22.7230337]]],[[[114.7300664,22.7299373],[114.7301656,22.7298903],[114.7301066,22.729774],[114.7300664,22.7299373]]],[[[114.7293776,22.6273999],[114.73263,22.6265969],[114.7310722,22.6235097],[114.7293776,22.6273999]]],[[[114.7277101,22.73158],[114.729903,22.7313334],[114.7301516,22.730576],[114.7277101,22.73158]]],[[[114.7251373,22.5773654],[114.7254905,22.5781576],[114.7265366,22.5769069],[114.7251373,22.5773654]]],[[[114.7235405,22.7343024],[114.7283763,22.7361138],[114.7285667,22.7337664],[114.7235405,22.7343024]]],[[[114.7234158,22.5829882],[114.7235714,22.5830773],[114.7235405,22.5829027],[114.7234158,22.5829882]]],[[[114.7211909,22.6007835],[114.7212432,22.6008132],[114.7212888,22.6007364],[114.7211909,22.6007835]]],[[[114.7211078,22.6008033],[114.7211882,22.6010212],[114.7212982,22.6009246],[114.7211078,22.6008033]]],[[[114.7178194,22.5919505],[114.7179186,22.5920941],[114.718042,22.5920025],[114.7178194,22.5919505]]],[[[114.7176729,22.7937286],[114.7214478,22.794722],[114.7179992,22.78878],[114.7176729,22.7937286]]],[[[114.7164729,22.5824483],[114.7167747,22.582447],[114.716776,22.582218],[114.7164729,22.5824483]]],[[[114.7162583,22.5900164],[114.7163764,22.5900041],[114.7163308,22.589853],[114.7162583,22.5900164]]],[[[114.7152227,22.5832005],[114.7172701,22.5917099],[114.7224251,22.5811899],[114.7152227,22.5832005]]],[[[114.7128216,22.7902841],[114.7143459,22.7958162],[114.7170193,22.7937029],[114.7128216,22.7902841]]],[[[114.6740457,22.4155897],[114.674086,22.4156554],[114.6740766,22.4155786],[114.6740457,22.4155897]]],[[[114.6739881,22.4153219],[114.674027,22.4153976],[114.6740605,22.4153728],[114.6739881,22.4153219]]],[[[114.6738298,22.4157769],[114.673927,22.4157608],[114.6738955,22.4156703],[114.6738298,22.4157769]]],[[[114.6736991,22.4158197],[114.6737078,22.4158433],[114.6737266,22.4158209],[114.6736991,22.4158197]]],[[[114.6726778,22.4151384],[114.673756,22.4155686],[114.6732558,22.4148248],[114.6726778,22.4151384]]],[[[114.6664497,22.4080567],[114.6665007,22.4080802],[114.6664685,22.408017],[114.6664497,22.4080567]]],[[[114.661375,22.4046905],[114.6660648,22.4084608],[114.6660983,22.4034791],[114.661375,22.4046905]]],[[[114.6583521,22.7651314],[114.6586629,22.7654661],[114.6596503,22.7651215],[114.6583521,22.7651314]]],[[[114.6566436,22.570616],[114.6567911,22.5706185],[114.6567978,22.570538],[114.6566436,22.570616]]],[[[114.6562694,22.5703015],[114.6564384,22.570455],[114.6565336,22.5703015],[114.6562694,22.5703015]]],[[[114.6556683,22.7658967],[114.6589199,22.7645501],[114.6564991,22.7635444],[114.6556683,22.7658967]]],[[[114.6554326,22.5654977],[114.6556579,22.5655497],[114.6556418,22.5653726],[114.6554326,22.5654977]]],[[[114.6545508,22.5679906],[114.6549176,22.568024],[114.654821,22.5678593],[114.6545508,22.5679906]]],[[[114.6543465,22.5746493],[114.658218,22.5775133],[114.6570097,22.5706395],[114.6543465,22.5746493]]],[[[114.6543127,22.4421072],[114.6546158,22.4421345],[114.6543798,22.4419857],[114.6543127,22.4421072]]],[[[114.6542658,22.5647719],[114.6544898,22.5648636],[114.654597,22.5645527],[114.6542658,22.5647719]]],[[[114.6540887,22.4422357],[114.6541384,22.4423919],[114.6542282,22.4422307],[114.6540887,22.4422357]]],[[[114.6539949,22.4448893],[114.65408,22.4449104],[114.6540619,22.4448298],[114.6539949,22.4448893]]],[[[114.6537346,22.4425432],[114.6537587,22.4427267],[114.6539559,22.4426325],[114.6537346,22.4425432]]],[[[114.6535698,22.763666],[114.654247,22.7636536],[114.6553226,22.7627744],[114.6535698,22.763666]]],[[[114.6529461,22.4408574],[114.6530453,22.4410904],[114.6534222,22.4409594],[114.6529461,22.4408574]]],[[[114.651605,22.4663548],[114.6520852,22.4658807],[114.651884,22.4656725],[114.651605,22.4663548]]],[[[114.6503498,22.5660376],[114.6504235,22.5661379],[114.6504705,22.5660091],[114.6503498,22.5660376]]],[[[114.6496497,22.5712637],[114.6498361,22.5712624],[114.6497208,22.5711411],[114.6496497,22.5712637]]],[[[114.6495089,22.5677838],[114.649592,22.567951],[114.6496725,22.5677937],[114.6495089,22.5677838]]],[[[114.6494874,22.5681516],[114.6495732,22.5682346],[114.6496323,22.5681664],[114.6494874,22.5681516]]],[[[114.6491334,22.5715126],[114.6493922,22.5714371],[114.6492501,22.5712488],[114.6491334,22.5715126]]],[[[114.6490328,22.5802057],[114.6490623,22.5802478],[114.6491159,22.5801971],[114.6490328,22.5802057]]],[[[114.6485614,22.4466934],[114.6485614,22.4468143],[114.6486499,22.4467907],[114.6485614,22.4466934]]],[[[114.6474597,22.6915074],[114.6475241,22.6917672],[114.6475938,22.6915197],[114.6474597,22.6915074]]],[[[114.646309,22.6035816],[114.6472303,22.6036048],[114.6474,22.60228],[114.646309,22.6035816]]],[[[114.6458986,22.6588933],[114.6460918,22.6590764],[114.6461749,22.6588289],[114.6458986,22.6588933]]],[[[114.6452174,22.5828767],[114.6452925,22.5828297],[114.6452335,22.582826],[114.6452174,22.5828767]]],[[[114.6450859,22.572538],[114.6461651,22.5740549],[114.6464365,22.5731882],[114.6450859,22.572538]]],[[[114.644988,22.6316499],[114.6450189,22.6318505],[114.6451798,22.631567],[114.644988,22.6316499]]],[[[114.6447395,22.6344828],[114.6448427,22.6344878],[114.644777,22.6344036],[114.6447395,22.6344828]]],[[[114.6444073,22.6751641],[114.6444087,22.6752941],[114.6444878,22.6752136],[114.6444073,22.6751641]]],[[[114.6441373,22.6335359],[114.6442245,22.6336374],[114.6442003,22.633453],[114.6441373,22.6335359]]],[[[114.6440917,22.6608873],[114.6493522,22.6664612],[114.6494452,22.6598708],[114.6440917,22.6608873]]],[[[114.64384,22.5932766],[114.6469125,22.5926414],[114.6454503,22.5908013],[114.64384,22.5932766]]],[[[114.6436778,22.6321853],[114.6440452,22.6327405],[114.6443656,22.6320973],[114.6436778,22.6321853]]],[[[114.6436501,22.6678401],[114.6450077,22.6777856],[114.6491589,22.6673247],[114.6436501,22.6678401]]],[[[114.6435199,22.4332916],[114.6435289,22.4333378],[114.6435826,22.4333028],[114.6435199,22.4332916]]],[[[114.6433452,22.6558735],[114.6433546,22.6559403],[114.6433854,22.6558648],[114.6433452,22.6558735]]],[[[114.643093,22.6278087],[114.6431212,22.6278483],[114.6432352,22.6277592],[114.643093,22.6278087]]],[[[114.6429904,22.6817313],[114.6450285,22.683185],[114.6449304,22.6807684],[114.6429904,22.6817313]]],[[[114.6429884,22.6851419],[114.6431165,22.6851097],[114.6430193,22.6849631],[114.6429884,22.6851419]]],[[[114.6428999,22.6562893],[114.64364,22.6564532],[114.6437636,22.6559552],[114.6428999,22.6562893]]],[[[114.6428034,22.6382561],[114.6428516,22.6383799],[114.643026,22.6383502],[114.6428034,22.6382561]]],[[[114.642798,22.6390173],[114.6435705,22.6406339],[114.6444757,22.6399717],[114.642798,22.6390173]]],[[[114.6427692,22.6850349],[114.6429435,22.6850857],[114.6429717,22.6849316],[114.6427692,22.6850349]]],[[[114.642503,22.6278782],[114.6425754,22.6279562],[114.6427309,22.6277878],[114.642503,22.6278782]]],[[[114.6424359,22.6557473],[114.6424761,22.6557473],[114.6424413,22.65572],[114.6424359,22.6557473]]],[[[114.6422079,22.5728983],[114.6425217,22.5729429],[114.642334,22.5727374],[114.6422079,22.5728983]]],[[[114.6421221,22.5731237],[114.6421663,22.5731398],[114.6421771,22.5731014],[114.6421221,22.5731237]]],[[[114.6421118,22.627244],[114.6423422,22.6279111],[114.6428913,22.6272803],[114.6421118,22.627244]]],[[[114.6420228,22.6261068],[114.6420859,22.6260882],[114.6420255,22.6260796],[114.6420228,22.6261068]]],[[[114.6420111,22.6326752],[114.6430489,22.6378054],[114.6453709,22.6358051],[114.6420111,22.6326752]]],[[[114.6419317,22.6279958],[114.6421838,22.6288028],[114.642741,22.6282768],[114.6419317,22.6279958]]],[[[114.6415776,22.5722569],[114.641583,22.572346],[114.6417144,22.5723336],[114.6415776,22.5722569]]],[[[114.6413778,22.6568104],[114.6421445,22.656748],[114.6418452,22.6557572],[114.6413778,22.6568104]]],[[[114.6413739,22.5727053],[114.6419501,22.5730172],[114.6421918,22.5725367],[114.6413739,22.5727053]]],[[[114.6413349,22.4539691],[114.6447909,22.453865],[114.6442818,22.4475728],[114.6413349,22.4539691]]],[[[114.6411751,22.4374561],[114.6411751,22.4375416],[114.6412542,22.4374908],[114.6411751,22.4374561]]],[[[114.6408534,22.5711795],[114.6409258,22.5713479],[114.6411028,22.5712216],[114.6408534,22.5711795]]],[[[114.6407708,22.626136],[114.6420108,22.6259384],[114.64187,22.6240729],[114.6407708,22.626136]]],[[[114.6406522,22.6259422],[114.6406656,22.6260734],[114.6407126,22.6260449],[114.6406522,22.6259422]]],[[[114.6400835,22.4313126],[114.6404308,22.431325],[114.6404952,22.4311192],[114.6400835,22.4313126]]],[[[114.6392599,22.6219253],[114.6393666,22.6223014],[114.6397589,22.6218053],[114.6392599,22.6219253]]],[[[114.6390778,22.5731584],[114.6390992,22.573203],[114.6391743,22.5731485],[114.6390778,22.5731584]]],[[[114.6388055,22.5758914],[114.6389464,22.5760004],[114.6390188,22.5759571],[114.6388055,22.5758914]]],[[[114.6387251,22.6234985],[114.6388686,22.6236409],[114.6389423,22.6234837],[114.6387251,22.6234985]]],[[[114.6385816,22.5731361],[114.6386567,22.5731398],[114.6386553,22.5730853],[114.6385816,22.5731361]]],[[[114.6384314,22.623397],[114.6384783,22.6234391],[114.6384676,22.6233611],[114.6384314,22.623397]]],[[[114.6382514,22.5694768],[114.6392588,22.5692253],[114.6384716,22.5690123],[114.6382514,22.5694768]]],[[[114.6381216,22.572694],[114.6410386,22.5724816],[114.6385388,22.5703731],[114.6381216,22.572694]]],[[[114.6380022,22.5710953],[114.6381283,22.5711572],[114.6380451,22.5710259],[114.6380022,22.5710953]]],[[[114.6377199,22.6578302],[114.6377481,22.6578363],[114.6377575,22.6577986],[114.6377199,22.6578302]]],[[[114.6377032,22.6575974],[114.6377461,22.6576247],[114.6377568,22.6575814],[114.6377032,22.6575974]]],[[[114.6376108,22.622657],[114.6387506,22.6234589],[114.6388981,22.6215899],[114.6376108,22.622657]]],[[[114.6375817,22.5731454],[114.6381672,22.5731067],[114.6379285,22.5726903],[114.6375817,22.5731454]]],[[[114.637412,22.4328163],[114.6374589,22.4328844],[114.6376212,22.4327791],[114.637412,22.4328163]]],[[[114.637408,22.4327307],[114.637408,22.4327816],[114.6374777,22.4327332],[114.637408,22.4327307]]],[[[114.6373437,22.6931319],[114.637565,22.6930997],[114.6375154,22.6930292],[114.6373437,22.6931319]]],[[[114.6372995,22.6582912],[114.637339,22.6583029],[114.6373437,22.6582707],[114.6372995,22.6582912]]],[[[114.6370661,22.6903975],[114.6371198,22.6904618],[114.6371364,22.6903889],[114.6370661,22.6903975]]],[[[114.636936,22.6911671],[114.6371318,22.6911795],[114.6370675,22.6909852],[114.636936,22.6911671]]],[[[114.6368743,22.6908033],[114.6369307,22.6908478],[114.6369709,22.6907934],[114.6368743,22.6908033]]],[[[114.6368194,22.5887708],[114.636869,22.5888116],[114.6368703,22.5887658],[114.6368194,22.5887708]]],[[[114.6368127,22.6931034],[114.6376982,22.6925438],[114.6369763,22.6915642],[114.6368127,22.6931034]]],[[[114.6364291,22.6900498],[114.6366416,22.6908159],[114.6369753,22.6902679],[114.6364291,22.6900498]]],[[[114.6364019,22.7167634],[114.6367902,22.7168428],[114.6365575,22.7164349],[114.6364019,22.7167634]]],[[[114.6363124,22.5786814],[114.6365914,22.578778],[114.636645,22.5785749],[114.6363124,22.5786814]]],[[[114.6360107,22.5792114],[114.636122,22.5793228],[114.6361729,22.5792361],[114.6360107,22.5792114]]],[[[114.635674,22.4543545],[114.6391837,22.4525425],[114.6379834,22.4511134],[114.635674,22.4543545]]],[[[114.6354766,22.4699779],[114.635607,22.4699286],[114.6355259,22.4698205],[114.6354766,22.4699779]]],[[[114.6351229,22.6588871],[114.635902,22.6594576],[114.6376991,22.657819],[114.6351229,22.6588871]]],[[[114.6350531,22.6592175],[114.635092,22.6592429],[114.6350994,22.6591723],[114.6350531,22.6592175]]],[[[114.634983,22.5784076],[114.635147,22.5794343],[114.6356333,22.57868],[114.634983,22.5784076]]],[[[114.6345516,22.5702346],[114.6346012,22.5702433],[114.6345663,22.5701962],[114.6345516,22.5702346]]],[[[114.6344671,22.5700736],[114.6344805,22.5701219],[114.634522,22.570086],[114.6344671,22.5700736]]],[[[114.634231,22.5699485],[114.6344711,22.5699262],[114.6342579,22.5698247],[114.634231,22.5699485]]],[[[114.6341385,22.5702148],[114.6344523,22.5704241],[114.6343812,22.570138],[114.6341385,22.5702148]]],[[[114.6334726,22.5716668],[114.6334887,22.5717114],[114.6335337,22.5716711],[114.6334726,22.5716668]]],[[[114.6332581,22.5693361],[114.6333104,22.569403],[114.6333332,22.5693343],[114.6332581,22.5693361]]],[[[114.6329583,22.5722463],[114.6329858,22.5722476],[114.632965,22.5722092],[114.6329583,22.5722463]]],[[[114.6329107,22.5722785],[114.6329395,22.5722798],[114.6329214,22.572247],[114.6329107,22.5722785]]],[[[114.6328926,22.5709981],[114.6328993,22.5710259],[114.6329389,22.5710055],[114.6328926,22.5709981]]],[[[114.6328463,22.5711597],[114.6328913,22.571203],[114.6329147,22.5711318],[114.6328463,22.5711597]]],[[[114.6327404,22.570886],[114.6328363,22.5709077],[114.6327947,22.5708296],[114.6327404,22.570886]]],[[[114.6326851,22.5723309],[114.6337034,22.5718232],[114.6328577,22.5715132],[114.6326851,22.5723309]]],[[[114.6326673,22.5676922],[114.632847,22.5678135],[114.6330616,22.567551],[114.6326673,22.5676922]]],[[[114.6321604,22.6157564],[114.6322127,22.6157082],[114.6321698,22.6156983],[114.6321604,22.6157564]]],[[[114.6318211,22.5700389],[114.6319646,22.5699956],[114.6318385,22.5698631],[114.6318211,22.5700389]]],[[[114.6316521,22.5693145],[114.6316963,22.5693516],[114.6316977,22.569312],[114.6316521,22.5693145]]],[[[114.6315381,22.569894],[114.6338555,22.5679448],[114.6321818,22.5678061],[114.6315381,22.569894]]],[[[114.6311584,22.7172379],[114.6351153,22.7168571],[114.6332889,22.7146221],[114.6311584,22.7172379]]],[[[114.630551,22.6870431],[114.6307683,22.687105],[114.630602,22.6868971],[114.630551,22.6870431]]],[[[114.6304652,22.6136605],[114.6307133,22.6136531],[114.6306409,22.6135417],[114.6304652,22.6136605]]],[[[114.6300656,22.6871569],[114.6301782,22.6873203],[114.630374,22.687194],[114.6300656,22.6871569]]],[[[114.6296954,22.6874613],[114.6301085,22.6872708],[114.6297491,22.6872015],[114.6296954,22.6874613]]],[[[114.6291617,22.7176376],[114.6300217,22.7199948],[114.6309681,22.7183503],[114.6291617,22.7176376]]],[[[114.6279565,22.6335187],[114.6305072,22.6321932],[114.6295258,22.6311296],[114.6279565,22.6335187]]],[[[114.6270011,22.6126317],[114.6272259,22.6156672],[114.6303914,22.6137224],[114.6270011,22.6126317]]],[[[114.6269901,22.452219],[114.6270001,22.4523023],[114.6270534,22.4522707],[114.6269901,22.452219]]],[[[114.6266958,22.6338219],[114.62697,22.6333828],[114.626734,22.6335041],[114.6266958,22.6338219]]],[[[114.6252256,22.6114767],[114.6252282,22.611499],[114.6252765,22.6114779],[114.6252256,22.6114767]]],[[[114.6248889,22.6127098],[114.6255799,22.6127242],[114.6251531,22.6115634],[114.6248889,22.6127098]]],[[[114.6247548,22.6125847],[114.6247548,22.6126218],[114.624791,22.6125908],[114.6247548,22.6125847]]],[[[114.6245992,22.612628],[114.6246783,22.6126392],[114.6246824,22.6126057],[114.6245992,22.612628]]],[[[114.6243122,22.471667],[114.6243473,22.4716617],[114.6243157,22.4716162],[114.6243122,22.471667]]],[[[114.6228953,22.4721732],[114.6229979,22.4722185],[114.6229751,22.4720468],[114.6228953,22.4721732]]],[[[114.6215683,22.6625713],[114.6217093,22.6647741],[114.6264875,22.6619101],[114.6215683,22.6625713]]],[[[114.6186085,22.4645949],[114.6186085,22.4646829],[114.6186326,22.4646829],[114.6186085,22.4645949]]],[[[114.618347,22.6898716],[114.6192348,22.6897776],[114.6188593,22.6894856],[114.618347,22.6898716]]],[[[114.6181261,22.4659366],[114.6181509,22.4659861],[114.618175,22.4659272],[114.6181261,22.4659366]]],[[[114.617435,22.4659235],[114.617487,22.4659483],[114.6174826,22.465908],[114.617435,22.4659235]]],[[[114.6173928,22.4617357],[114.6174029,22.461789],[114.6174283,22.4617339],[114.6173928,22.4617357]]],[[[114.617376,22.4656775],[114.6173975,22.4657754],[114.61749,22.4657202],[114.617376,22.4656775]]],[[[114.6168652,22.4622161],[114.6168788,22.4622569],[114.6169056,22.462224],[114.6168652,22.4622161]]],[[[114.6165013,22.4658293],[114.6165935,22.4658888],[114.6168262,22.4657462],[114.6165013,22.4658293]]],[[[114.6164145,22.4620747],[114.6165378,22.4622011],[114.6165472,22.4620437],[114.6164145,22.4620747]]],[[[114.6163595,22.4616831],[114.6165432,22.4617178],[114.6164225,22.4614972],[114.6163595,22.4616831]]],[[[114.6162468,22.4620164],[114.6162522,22.4622594],[114.616401,22.4622718],[114.6162468,22.4620164]]],[[[114.6160778,22.4617153],[114.616161,22.4619074],[114.616279,22.4617103],[114.6160778,22.4617153]]],[[[114.6159511,22.4671866],[114.6160074,22.467177],[114.6159786,22.4671343],[114.6159511,22.4671866]]],[[[114.6157161,22.4674466],[114.6159793,22.4674367],[114.6158941,22.4672849],[114.6157161,22.4674466]]],[[[114.6142063,22.6969476],[114.614262,22.6969971],[114.6142787,22.6969569],[114.6142063,22.6969476]]],[[[114.6140588,22.6966822],[114.6141292,22.69672],[114.6141487,22.696595],[114.6140588,22.6966822]]],[[[114.6140119,22.6967546],[114.6140474,22.6969458],[114.6141688,22.6968845],[114.6140119,22.6967546]]],[[[114.6138422,22.4682081],[114.6138985,22.4682837],[114.6139763,22.4682466],[114.6138422,22.4682081]]],[[[114.6137296,22.467912],[114.6137671,22.4679875],[114.6138167,22.4679392],[114.6137296,22.467912]]],[[[114.6133795,22.4678673],[114.6135727,22.4680346],[114.6135163,22.4676715],[114.6133795,22.4678673]]],[[[114.6131703,22.4673642],[114.6132267,22.4673642],[114.6132052,22.467322],[114.6131703,22.4673642]]],[[[114.6115234,22.4681648],[114.611561,22.4683457],[114.6116307,22.4682565],[114.6115234,22.4681648]]],[[[114.6108314,22.4685713],[114.6109307,22.4685564],[114.6108438,22.4684602],[114.6108314,22.4685713]]],[[[114.6105672,22.4691017],[114.611569,22.4705368],[114.614207,22.4687113],[114.6105672,22.4691017]]],[[[114.6103728,22.6940858],[114.6104322,22.6960475],[114.6139081,22.6968515],[114.6103728,22.6940858]]],[[[114.6098913,22.6826777],[114.6100831,22.6828311],[114.6103674,22.6827247],[114.6098913,22.6826777]]],[[[114.6095399,22.682966],[114.6099127,22.6829029],[114.6096526,22.6828051],[114.6095399,22.682966]]],[[[114.6086159,22.6764672],[114.6094313,22.6777578],[114.6104647,22.6760653],[114.6086159,22.6764672]]],[[[114.6073714,22.4649376],[114.6077013,22.464862],[114.607649,22.4647095],[114.6073714,22.4649376]]],[[[114.6073312,22.6623708],[114.6073714,22.6624228],[114.6074009,22.6623758],[114.6073312,22.6623708]]],[[[114.6072762,22.6618139],[114.6076812,22.6621221],[114.6076933,22.6618659],[114.6072762,22.6618139]]],[[[114.6066043,22.4662067],[114.6076825,22.465209],[114.6067961,22.4648818],[114.6066043,22.4662067]]],[[[114.6062663,22.4659947],[114.6063575,22.4661001],[114.6063897,22.4659947],[114.6062663,22.4659947]]],[[[114.6051894,22.4661583],[114.605235,22.4661608],[114.6052216,22.4661038],[114.6051894,22.4661583]]],[[[114.6050446,22.4659489],[114.6050647,22.466079],[114.6050942,22.4659464],[114.6050446,22.4659489]]],[[[114.6049534,22.46553],[114.6054538,22.4664799],[114.6059766,22.4650528],[114.6049534,22.46553]]],[[[114.604134,22.662757],[114.6041581,22.6628535],[114.6042198,22.6627966],[114.604134,22.662757]]],[[[114.6034795,22.6984484],[114.603568,22.6984311],[114.6035492,22.6983915],[114.6034795,22.6984484]]],[[[114.6008911,22.4689257],[114.6009944,22.468896],[114.6009676,22.4688092],[114.6008911,22.4689257]]],[[[114.6007624,22.4686394],[114.6008188,22.4688811],[114.6009126,22.4686828],[114.6007624,22.4686394]]],[[[114.5978375,22.6988876],[114.5978817,22.6988591],[114.5978388,22.6988394],[114.5978375,22.6988876]]],[[[114.5972353,22.6788566],[114.5975317,22.678791],[114.5972688,22.6785262],[114.5972353,22.6788566]]],[[[114.5970838,22.6783839],[114.5981835,22.6767208],[114.5975022,22.6762754],[114.5970838,22.6783839]]],[[[114.5949965,22.7049471],[114.5969273,22.7050524],[114.5962305,22.7033613],[114.5949965,22.7049471]]],[[[114.585156,22.6984592],[114.59493,22.6990559],[114.5880702,22.6963574],[114.585156,22.6984592]]],[[[114.5797255,22.716204],[114.5799891,22.7169371],[114.5799033,22.7159114],[114.5797255,22.716204]]],[[[114.5780388,22.70651],[114.5781219,22.7065533],[114.5781434,22.7065137],[114.5780388,22.70651]]],[[[114.5715821,22.7053928],[114.5722193,22.70998],[114.5780133,22.7064518],[114.5715821,22.7053928]]],[[[114.5401096,22.7057875],[114.5401633,22.7058097],[114.5401727,22.705764],[114.5401096,22.7057875]]],[[[114.5399259,22.7059483],[114.5399943,22.7061104],[114.5400949,22.7059223],[114.5399259,22.7059483]]],[[[114.5366456,22.7004143],[114.5366456,22.7005059],[114.5367086,22.7005009],[114.5366456,22.7004143]]],[[[114.5362982,22.7002832],[114.5363425,22.7005467],[114.5364618,22.7005628],[114.5362982,22.7002832]]],[[[114.53546,22.7067524],[114.5356183,22.7069986],[114.5357108,22.706479],[114.53546,22.7067524]]],[[[114.5351046,22.707157],[114.5352951,22.707063],[114.5351395,22.7070494],[114.5351046,22.707157]]],[[[114.5343316,22.7028953],[114.5365369,22.7058097],[114.5369393,22.7007175],[114.5343316,22.7028953]]],[[[114.5328893,22.6747031],[114.5330167,22.6769243],[114.534452,22.6749127],[114.5328893,22.6747031]]],[[[114.5295348,22.6727876],[114.5308319,22.6733896],[114.5311682,22.6728586],[114.5295348,22.6727876]]],[[[114.5259603,22.6760088],[114.5261823,22.6797116],[114.5296353,22.6756231],[114.5259603,22.6760088]]],[[[114.5253774,22.6706195],[114.5253856,22.672823],[114.5294385,22.6721785],[114.5253774,22.6706195]]],[[[114.5245196,22.668431],[114.52523,22.66978],[114.5259706,22.6689306],[114.5245196,22.668431]]],[[[114.5195237,22.6713924],[114.5230535,22.6726026],[114.5213422,22.6674045],[114.5195237,22.6713924]]],[[[114.5174912,22.6802611],[114.5190925,22.6807011],[114.518324,22.6801336],[114.5174912,22.6802611]]],[[[114.5164955,22.6797315],[114.5167235,22.6799691],[114.5169411,22.6797481],[114.5164955,22.6797315]]]]}},{"type":"Feature","properties":{"name":"梅州市","osm_relation":3233743},"geometry":{"type":"MultiPolygon","coordinates":[[[[115.3122743,23.7641529],[115.3262236,23.7748518],[115.3443224,23.7850607],[115.3476822,23.7930622],[115.3527516,23.7939708],[115.3457204,23.8031938],[115.3581852,23.8067159],[115.3534983,23.8086651],[115.3547745,23.8161734],[115.344818,23.821004],[115.3513457,23.8315382],[115.3481595,23.8351429],[115.3494613,23.8449169],[115.3552164,23.8490887],[115.3673787,23.8501971],[115.371432,23.8535172],[115.3672832,23.8600277],[115.3669012,23.867682],[115.3738019,23.8701304],[115.3768225,23.8828278],[115.3868145,23.884384],[115.3864667,23.8991838],[115.3957727,23.9047956],[115.3985246,23.9121548],[115.395642,23.9304856],[115.406814,23.9423737],[115.4034807,23.9530987],[115.4090278,23.9560719],[115.420165,23.9563132],[115.4237589,23.9520836],[115.4291581,23.9599367],[115.4482811,23.9695743],[115.4475002,23.9865107],[115.4414931,23.9961767],[115.4476998,23.9998876],[115.4435937,24.005065],[115.4449047,24.0150587],[115.4390708,24.020925],[115.4419795,24.0325046],[115.4405732,24.0408898],[115.421094,24.0564646],[115.41961,24.0645988],[115.4126996,24.0707971],[115.417066,24.0781577],[115.4239584,24.0792778],[115.4310503,24.0966491],[115.4324998,24.1065892],[115.4420663,24.1111529],[115.4437244,24.1153496],[115.4372743,24.1270186],[115.4418494,24.1331206],[115.4482993,24.1281365],[115.4583425,24.1326851],[115.4685161,24.1448333],[115.4764322,24.1458271],[115.4793318,24.140282],[115.475157,24.1334225],[115.4788893,24.1261698],[115.4894882,24.1250043],[115.4955644,24.131105],[115.5035422,24.1078905],[115.5083601,24.1018084],[115.5248435,24.1013108],[115.5327171,24.1116582],[115.5274655,24.120408],[115.5278644,24.1253671],[115.5174746,24.1316476],[115.5171701,24.1399071],[115.505061,24.1431686],[115.5160941,24.1461135],[115.5116666,24.1554412],[115.5055998,24.1596058],[115.5074487,24.1649595],[115.5022226,24.1687523],[115.5055042,24.178308],[115.4987673,24.1903414],[115.5104088,24.1935446],[115.5158245,24.1855234],[115.5266581,24.1786483],[115.5405816,24.1731317],[115.5380389,24.1821071],[115.5340714,24.1824574],[115.5333855,24.1956208],[115.5465104,24.2014061],[115.5530557,24.2092295],[115.55948,24.2037351],[115.5668144,24.2071836],[115.5686029,24.2300826],[115.5661812,24.2387004],[115.573056,24.2400656],[115.5732379,24.2452216],[115.5861811,24.2458463],[115.5875963,24.2582533],[115.5802785,24.2620402],[115.5720834,24.2730651],[115.5762326,24.280534],[115.5730474,24.2933029],[115.5631258,24.2982214],[115.5670578,24.3129068],[115.5589504,24.3159663],[115.5601917,24.3195754],[115.5545231,24.327943],[115.5557556,24.3319535],[115.5480131,24.3363115],[115.5461988,24.362843],[115.5498184,24.3692624],[115.5496792,24.3816543],[115.5529084,24.3886505],[115.562813,24.3913694],[115.5713459,24.3988049],[115.5792192,24.4142884],[115.5775306,24.4258554],[115.5693054,24.4309355],[115.5681093,24.4397972],[115.570776,24.44465],[115.58111,24.4495911],[115.5884456,24.4644164],[115.5848352,24.4661869],[115.5704193,24.4622229],[115.5716228,24.4723068],[115.5680179,24.4801185],[115.5574001,24.4798875],[115.5552998,24.4728829],[115.546398,24.4722364],[115.5449524,24.4767857],[115.5492575,24.4873596],[115.5392209,24.487855],[115.5337847,24.4844565],[115.5256175,24.4930068],[115.5116922,24.4977968],[115.4997444,24.4959962],[115.4894868,24.4973259],[115.4878195,24.5113188],[115.4824447,24.5133911],[115.4855291,24.5254042],[115.4802131,24.5383007],[115.4827022,24.5461083],[115.4791831,24.5544619],[115.4789581,24.5651725],[115.4858779,24.5663278],[115.4925326,24.5729285],[115.5045181,24.5754289],[115.5101698,24.5795903],[115.5058328,24.5862415],[115.5054703,24.5941219],[115.5001752,24.6058764],[115.5056878,24.609513],[115.5164336,24.6222073],[115.5159467,24.6313974],[115.5242273,24.6374351],[115.5414845,24.6409075],[115.554783,24.6460091],[115.5639869,24.6309954],[115.5660555,24.6207217],[115.5726648,24.6175196],[115.5902041,24.6171213],[115.6011193,24.627483],[115.6243985,24.6220388],[115.6313533,24.6142234],[115.6417855,24.6186141],[115.654053,24.6108863],[115.6687145,24.6046013],[115.6810029,24.5863822],[115.6818722,24.5735574],[115.6730821,24.5683744],[115.6732753,24.5630155],[115.6841688,24.5475031],[115.703123,24.5473767],[115.7148109,24.5418411],[115.740505,24.545883],[115.755284,24.5519455],[115.7594203,24.5575846],[115.7799029,24.5694489],[115.7888988,24.56978],[115.8018425,24.5650361],[115.8080245,24.5671445],[115.8175874,24.5631912],[115.8338918,24.5665584],[115.8390314,24.5642454],[115.8445372,24.5750508],[115.8363184,24.5769045],[115.8359403,24.5863822],[115.8200988,24.5999083],[115.8004594,24.6223826],[115.7951775,24.6248488],[115.7908307,24.6334538],[115.7814611,24.6331026],[115.7845521,24.6474138],[115.7754722,24.6662003],[115.7650972,24.665516],[115.7565397,24.6726081],[115.7679379,24.6747147],[115.773683,24.6804733],[115.7930524,24.6783134],[115.7935354,24.6861249],[115.797821,24.6883965],[115.8005868,24.705081],[115.7872295,24.7026267],[115.7756654,24.7044668],[115.764327,24.710268],[115.7675515,24.7246485],[115.7520358,24.7384028],[115.7518869,24.7502854],[115.7587614,24.7571078],[115.7600171,24.7645635],[115.7716084,24.7734221],[115.7718982,24.7771056],[115.759341,24.7954341],[115.7685448,24.8055177],[115.7684482,24.8166529],[115.7744371,24.8225269],[115.773278,24.8328716],[115.7760792,24.8375176],[115.7834204,24.8358521],[115.7872842,24.8391832],[115.780724,24.8492393],[115.786125,24.856363],[115.7775281,24.8647768],[115.786608,24.865215],[115.7914377,24.8611835],[115.8025461,24.8637251],[115.8002799,24.8781199],[115.8042848,24.8955347],[115.8195467,24.9109546],[115.8312346,24.9105166],[115.8450787,24.9031182],[115.8510365,24.8939576],[115.8615653,24.8921176],[115.8566389,24.8825665],[115.85973,24.8786232],[115.8549968,24.8681947],[115.8578947,24.8658285],[115.8656457,24.8706517],[115.8786625,24.8703857],[115.8889363,24.8727872],[115.900203,24.8828294],[115.9004928,24.8872107],[115.8807876,24.8999156],[115.8774068,24.9248835],[115.8737448,24.935967],[115.8776965,24.9392487],[115.8840718,24.9356575],[115.8927344,24.9401606],[115.9038802,24.9262977],[115.912908,24.9272678],[115.9212934,24.9234657],[115.9499939,24.9214671],[115.9581207,24.9161515],[115.9720676,24.918881],[115.9809115,24.9025738],[115.9983333,24.8993424],[116.0104861,24.9085135],[116.018559,24.9049523],[116.0335069,24.8896658],[116.0381035,24.8789103],[116.0474119,24.8642163],[116.0579334,24.8625898],[116.0640243,24.8526528],[116.0664302,24.8562617],[116.0796792,24.8556028],[116.1064583,24.8516233],[116.1311285,24.8496528],[116.1347049,24.8473698],[116.1484288,24.8493576],[116.1522175,24.8590053],[116.1570061,24.858968],[116.167427,24.8655623],[116.1887066,24.8742773],[116.1962066,24.8607964],[116.2062153,24.8572743],[116.208724,24.8509852],[116.2158507,24.8454536],[116.2164757,24.8336328],[116.2246528,24.8288628],[116.2342969,24.8332465],[116.2454167,24.8307574],[116.24625,24.8256076],[116.2317708,24.8132205],[116.227521,24.8040314],[116.2368168,24.8033609],[116.2447974,24.7979303],[116.2539079,24.80246],[116.2669792,24.80176],[116.2866927,24.8030838],[116.2965451,24.8065061],[116.3134635,24.8209701],[116.3275521,24.8293859],[116.3280208,24.8245898],[116.339349,24.8302995],[116.3443924,24.8394401],[116.3465017,24.8524023],[116.3449826,24.8594379],[116.3570052,24.8725629],[116.3673207,24.8746564],[116.3744444,24.8801997],[116.3899653,24.8805534],[116.3863889,24.8756011],[116.3899479,24.868737],[116.3890972,24.8595877],[116.3953819,24.8553798],[116.4025087,24.8559353],[116.4129774,24.8433442],[116.3907292,24.8317556],[116.3781337,24.8283355],[116.3724653,24.8237717],[116.3701302,24.8087131],[116.3724832,24.8042011],[116.3909484,24.8040483],[116.4023698,24.7804536],[116.4143142,24.7699718],[116.416467,24.7635612],[116.4105382,24.7591298],[116.4123698,24.7457378],[116.4213715,24.7442036],[116.4251389,24.7379058],[116.4326128,24.7362782],[116.4356219,24.7253234],[116.4407598,24.7187546],[116.4501963,24.7185191],[116.4650087,24.7220703],[116.4741233,24.7200868],[116.479783,24.7231207],[116.4969184,24.7011697],[116.4970833,24.6857248],[116.5003906,24.6699002],[116.5129253,24.6551997],[116.5078733,24.644911],[116.5080642,24.6386176],[116.5021615,24.624145],[116.5059201,24.6184266],[116.5255729,24.6078993],[116.5415017,24.6151085],[116.5488281,24.6160417],[116.5660243,24.6247678],[116.567717,24.6320052],[116.5819878,24.6397808],[116.5920833,24.6570985],[116.5983681,24.6563194],[116.6067274,24.6503928],[116.6125955,24.6509505],[116.6196875,24.6444423],[116.628342,24.6443121],[116.6307118,24.6507422],[116.6465017,24.6544032],[116.6505208,24.6582661],[116.6625781,24.6616059],[116.6804253,24.6606619],[116.6855729,24.662424],[116.6958767,24.6586155],[116.7027083,24.66801],[116.7171528,24.6671984],[116.7236545,24.6700282],[116.7372656,24.6694119],[116.7420486,24.661773],[116.749158,24.6573611],[116.7577865,24.6678125],[116.772934,24.682424],[116.7965972,24.6811871],[116.8057465,24.6683789],[116.8107205,24.6574978],[116.8073264,24.6477973],[116.7938889,24.6400326],[116.7942448,24.6268902],[116.7828906,24.6175933],[116.7769705,24.6059071],[116.7565365,24.5858225],[116.7631424,24.5670508],[116.7514323,24.5578776],[116.7536979,24.5494857],[116.7676649,24.5376194],[116.7764497,24.5366298],[116.7747483,24.5305339],[116.7786806,24.5211871],[116.7921962,24.5049371],[116.8122309,24.4933355],[116.8089062,24.486582],[116.8289931,24.499069],[116.8448003,24.4820508],[116.8562153,24.4652344],[116.8488542,24.4561176],[116.8369358,24.4563585],[116.8389931,24.4502474],[116.8343663,24.4455035],[116.8436892,24.4298416],[116.8509462,24.4267882],[116.8590191,24.4127908],[116.8649219,24.41023],[116.8650608,24.4012652],[116.8687413,24.394145],[116.8807465,24.399197],[116.8823872,24.3930816],[116.8930035,24.3844727],[116.899401,24.3728668],[116.8924392,24.3630946],[116.8916319,24.3537044],[116.90375,24.3447591],[116.9048264,24.3322157],[116.9150174,24.32398],[116.9084896,24.314477],[116.9097483,24.2907053],[116.9136458,24.2863607],[116.9249566,24.2891753],[116.9335938,24.2836871],[116.9343924,24.2714453],[116.9318316,24.2689952],[116.9308941,24.250931],[116.9346094,24.242526],[116.9285538,24.226105],[116.9126394,24.2357618],[116.8971439,24.2264976],[116.891892,24.2194702],[116.9000694,24.2051299],[116.8962589,24.1999413],[116.8909375,24.2007548],[116.8797827,24.1965845],[116.8793923,24.1845946],[116.874089,24.1707578],[116.8625958,24.1666126],[116.8569879,24.171022],[116.8549397,24.1801733],[116.8491234,24.1851515],[116.8382017,24.1838005],[116.8256346,24.1684847],[116.8275711,24.1638888],[116.812154,24.1685062],[116.8089468,24.1719494],[116.7900465,24.1580965],[116.7824603,24.158587],[116.779967,24.1515452],[116.773832,24.14753],[116.7595738,24.128276],[116.7625176,24.1101582],[116.7674796,24.1051825],[116.7647512,24.1012253],[116.7694978,24.0937646],[116.7612014,24.0830164],[116.7613978,24.0777908],[116.7528912,24.0848656],[116.7438543,24.0696459],[116.7329771,24.0616734],[116.7314931,24.0571005],[116.7237848,24.0569338],[116.7079685,24.0651763],[116.6956165,24.0528275],[116.6980818,24.0436675],[116.7053071,24.0345309],[116.7045325,24.0188773],[116.6979961,24.0150956],[116.6931539,24.0057309],[116.6859292,24.0081119],[116.6909636,23.9946462],[116.6853816,23.9912869],[116.6900175,23.9832252],[116.6834466,23.9838104],[116.6810157,23.9924715],[116.6685245,23.9902343],[116.6532985,23.9913981],[116.6468409,23.9978969],[116.6367619,23.9924373],[116.6362848,23.9771896],[116.632934,23.971667],[116.6222917,23.9768574],[116.6166497,23.9723586],[116.6064494,23.9713451],[116.6040623,23.9639949],[116.6213634,23.9528406],[116.6191753,23.9500935],[116.5998087,23.9531683],[116.6040016,23.944356],[116.6001128,23.935104],[116.6003651,23.9136396],[116.5860934,23.903774],[116.5707211,23.9119838],[116.5643407,23.9131626],[116.5536197,23.9100222],[116.5542625,23.9018322],[116.5402604,23.8923877],[116.534992,23.8923939],[116.5309297,23.8844315],[116.521216,23.8815799],[116.5178215,23.8848374],[116.5098699,23.8693714],[116.4924219,23.8718258],[116.4905473,23.8668514],[116.494419,23.861088],[116.5120752,23.8486506],[116.5213975,23.8350849],[116.5139063,23.8260764],[116.505339,23.8304063],[116.508846,23.8185139],[116.5058168,23.8114376],[116.5122485,23.8053438],[116.5013897,23.7962305],[116.4998962,23.7903212],[116.4999661,23.7649421],[116.491598,23.7550632],[116.4805734,23.7540846],[116.4603305,23.7577089],[116.4471274,23.7714931],[116.434636,23.7760142],[116.4314677,23.7827778],[116.4211632,23.7832428],[116.4121447,23.7802501],[116.407275,23.7740107],[116.3981864,23.7716538],[116.397214,23.7646491],[116.3862073,23.7506432],[116.38257,23.7502018],[116.376571,23.7400997],[116.368611,23.7426936],[116.36375,23.7354583],[116.3500352,23.7455165],[116.3455825,23.7540256],[116.3340455,23.7613329],[116.3308076,23.7764373],[116.3228129,23.7753263],[116.3154175,23.7780839],[116.3139764,23.7743795],[116.3034466,23.7727476],[116.2944101,23.7615068],[116.283863,23.7657512],[116.2666667,23.7599094],[116.2670403,23.7490343],[116.2497487,23.7398226],[116.2488806,23.7362977],[116.228533,23.7207725],[116.2240364,23.7221379],[116.2320921,23.7307614],[116.2230906,23.7314233],[116.2094789,23.7215169],[116.212066,23.7123913],[116.2097394,23.7050976],[116.1912242,23.6883229],[116.176441,23.6879968],[116.1783683,23.6769333],[116.1726302,23.668633],[116.1760334,23.6670382],[116.1729776,23.6598052],[116.1754079,23.6531837],[116.1854947,23.6511802],[116.1839929,23.6400308],[116.1752343,23.6396054],[116.173169,23.6307143],[116.1607122,23.6185354],[116.1459289,23.6186695],[116.1302084,23.6227543],[116.1287326,23.6266],[116.1125179,23.6233029],[116.1013626,23.6307687],[116.0940103,23.6249611],[116.0907037,23.6285204],[116.0799742,23.6281015],[116.0756422,23.6363995],[116.0694622,23.6386979],[116.0675867,23.6452173],[116.0516752,23.6488197],[116.0509988,23.6419551],[116.0346533,23.650632],[116.0254085,23.646639],[116.0165541,23.6471942],[116.0065884,23.6567924],[116.0128123,23.6644551],[116.0097395,23.6713844],[116.0019443,23.6780622],[115.9812415,23.6796314],[115.967761,23.6667623],[115.9540975,23.6585938],[115.9563721,23.6554993],[115.949948,23.6478841],[115.9191499,23.6309091],[115.9102344,23.6335985],[115.9012325,23.6297416],[115.9008157,23.6240168],[115.8933339,23.6228712],[115.8917191,23.6286241],[115.8829172,23.6337635],[115.8715972,23.6367278],[115.8591319,23.6487897],[115.8558251,23.6602694],[115.8439152,23.6603001],[115.840599,23.6648898],[115.8299912,23.6635438],[115.8212243,23.6536786],[115.8220055,23.6489133],[115.8138199,23.6472589],[115.8048964,23.6314021],[115.795339,23.6180902],[115.7986111,23.6109594],[115.8035769,23.6093213],[115.8031335,23.6013937],[115.7934725,23.5997286],[115.7970662,23.5918122],[115.8058594,23.5880842],[115.8076569,23.5815778],[115.8027429,23.5662046],[115.7974391,23.5598008],[115.8032557,23.55678],[115.7966404,23.5457072],[115.7877342,23.5470596],[115.7836805,23.5418575],[115.78862,23.5283096],[115.7814583,23.5200498],[115.7713626,23.5272052],[115.754965,23.5254773],[115.7468575,23.5300521],[115.731719,23.5285283],[115.7290099,23.5188263],[115.7184284,23.5172225],[115.7091057,23.5216902],[115.6972486,23.5366946],[115.6899649,23.5527294],[115.6826995,23.560171],[115.6650082,23.5510763],[115.6548696,23.5352847],[115.6477869,23.5360521],[115.6351998,23.5315105],[115.6374649,23.5165754],[115.632483,23.5177122],[115.617543,23.5098634],[115.6148441,23.5018407],[115.6185934,23.4926761],[115.6115541,23.477771],[115.601988,23.4746269],[115.5904076,23.4722182],[115.592318,23.4664212],[115.5869878,23.4638045],[115.5828038,23.4558898],[115.5655992,23.4459396],[115.5646788,23.4415868],[115.5566323,23.4372701],[115.5385502,23.4396315],[115.5310766,23.4379798],[115.5225525,23.4313974],[115.5219701,23.4246266],[115.5136809,23.4251346],[115.5030468,23.4137434],[115.5088979,23.4097596],[115.5045837,23.4025068],[115.5060595,23.3912431],[115.5002434,23.3813083],[115.4871876,23.3774218],[115.4822573,23.3792142],[115.470582,23.3761763],[115.4590023,23.3779228],[115.4520482,23.3862517],[115.4551567,23.4026957],[115.4494879,23.4073609],[115.4499571,23.42059],[115.4444015,23.4272853],[115.4338891,23.4293509],[115.4305647,23.4340469],[115.4352257,23.4370939],[115.4321616,23.4419961],[115.4356946,23.4503732],[115.4279076,23.4712891],[115.421215,23.4708465],[115.4235847,23.4818969],[115.4214062,23.4855297],[115.411823,23.4865174],[115.4092884,23.4926192],[115.4134381,23.4983707],[115.4276044,23.4983143],[115.43566,23.5033786],[115.427613,23.5185508],[115.4310941,23.5287149],[115.4303295,23.536747],[115.4365626,23.5320396],[115.4325434,23.541966],[115.4381685,23.5454453],[115.4454168,23.5583852],[115.4316846,23.5641905],[115.4328217,23.5741126],[115.423776,23.5835247],[115.4264238,23.602587],[115.421554,23.6092149],[115.4260677,23.6126256],[115.4259725,23.6296655],[115.4312764,23.6324242],[115.4276999,23.6401278],[115.4369276,23.645527],[115.4415195,23.6537887],[115.4439155,23.6653339],[115.4476995,23.6658251],[115.4467192,23.6829823],[115.4521184,23.6987264],[115.4490796,23.7091304],[115.4410336,23.711994],[115.4385333,23.7057815],[115.424627,23.7012194],[115.426094,23.696927],[115.4152086,23.6985183],[115.4023785,23.7057791],[115.4066929,23.7099764],[115.4075351,23.7254142],[115.3986203,23.7267822],[115.3897828,23.7347702],[115.383481,23.7369228],[115.3827611,23.7443083],[115.3779773,23.7506071],[115.3943743,23.7711499],[115.387734,23.7793274],[115.3822481,23.7806486],[115.3654162,23.7676797],[115.3674217,23.7612932],[115.3606071,23.7627272],[115.3430289,23.756391],[115.3417962,23.7587429],[115.3210504,23.7601625],[115.3134284,23.7578641],[115.3122743,23.7641529]]]]}},{"type":"Feature","properties":{"name":"汕尾市","osm_relation":3282610},"geometry":{"type":"MultiPolygon","coordinates":[[[[115.108879,22.836948],[115.111111,22.8498],[115.118025,22.854172],[115.117466,22.858401],[115.124424,22.870502],[115.123758,22.876963],[115.133748,22.882053],[115.133082,22.886993],[115.141324,22.898042],[115.145987,22.900421],[115.147148,22.911173],[115.154413,22.91403],[115.154625,22.923611],[115.162944,22.930955],[115.159956,22.932569],[115.155332,22.95885],[115.157438,22.970428],[115.152795,22.970281],[115.147763,22.989705],[115.144279,22.993748],[115.1439058,23.002936],[115.1505731,23.0111695],[115.1584809,23.0151448],[115.1610326,23.0296552],[115.1755983,23.0429449],[115.1893925,23.04829],[115.1975086,23.0464797],[115.2159372,23.0574103],[115.2221699,23.0565036],[115.241146,23.0645118],[115.2467621,23.0762761],[115.2610766,23.0867945],[115.2578987,23.0941276],[115.2751036,23.0948606],[115.2854165,23.098194],[115.2877606,23.1055599],[115.2844093,23.108196],[115.2828905,23.1205058],[115.2765969,23.1276497],[115.2805554,23.1381422],[115.2768832,23.1477843],[115.2794981,23.1587582],[115.2896789,23.1635831],[115.3068231,23.1602454],[115.3122131,23.1661047],[115.3203816,23.1619752],[115.3276127,23.173431],[115.3320055,23.1728279],[115.3334028,23.1855094],[115.3381597,23.1884093],[115.3374397,23.1966338],[115.3565186,23.2025581],[115.3587066,23.2064562],[115.3712677,23.2075955],[115.3805208,23.215542],[115.383134,23.2226843],[115.3980116,23.219989],[115.3981427,23.2331245],[115.4047052,23.2404188],[115.421554,23.237509],[115.4191842,23.2461952],[115.4142965,23.2462129],[115.4131861,23.2577218],[115.4258854,23.2730619],[115.4189498,23.2796067],[115.4329774,23.2844401],[115.4407469,23.2821988],[115.4540795,23.2910152],[115.4474127,23.2956511],[115.4552947,23.3031405],[115.4534724,23.3148694],[115.4634897,23.313926],[115.4809371,23.31778],[115.4934722,23.3237174],[115.4811371,23.3284309],[115.4727168,23.3264479],[115.46645,23.3300624],[115.4707723,23.3359703],[115.4659727,23.3588867],[115.4659549,23.3693515],[115.470582,23.3761763],[115.4822573,23.3792142],[115.4871876,23.3774218],[115.5002434,23.3813083],[115.5060595,23.3912431],[115.5045837,23.4025068],[115.5088979,23.4097596],[115.5030468,23.4137434],[115.5136809,23.4251346],[115.5219701,23.4246266],[115.5225525,23.4313974],[115.5310766,23.4379798],[115.5385502,23.4396315],[115.5566323,23.4372701],[115.5646788,23.4415868],[115.5655992,23.4459396],[115.5828038,23.4558898],[115.5869878,23.4638045],[115.592318,23.4664212],[115.5904076,23.4722182],[115.601988,23.4746269],[115.60987,23.4724843],[115.6188022,23.4626368],[115.6206854,23.4544289],[115.63625,23.4470032],[115.6416411,23.4424257],[115.6437237,23.4330755],[115.6532725,23.4231556],[115.6781681,23.4103948],[115.6785846,23.4067685],[115.6684291,23.3977803],[115.6669794,23.3861331],[115.672995,23.3825082],[115.669262,23.3769724],[115.6721701,23.3576867],[115.6837606,23.3562038],[115.694627,23.3618125],[115.6983069,23.3708785],[115.7087329,23.373394],[115.7212415,23.3719619],[115.729618,23.3755506],[115.7351385,23.3818508],[115.7418488,23.3797202],[115.7528382,23.3845031],[115.7729599,23.3862324],[115.7827,23.3715408],[115.8066056,23.3493534],[115.815061,23.3384119],[115.8081855,23.3293488],[115.7974042,23.3270556],[115.7978125,23.3194231],[115.7926307,23.3117794],[115.7930299,23.2892491],[115.8029777,23.2860024],[115.8199648,23.2751278],[115.8193406,23.2705451],[115.827005,23.2608154],[115.8195401,23.255849],[115.8062762,23.2514515],[115.7926045,23.2518247],[115.7861809,23.249338],[115.7745749,23.2498983],[115.7633855,23.2470295],[115.7534284,23.2475912],[115.7434893,23.2359397],[115.745356,23.2282988],[115.7530121,23.2185629],[115.7474215,23.1962199],[115.738724,23.2105341],[115.7339578,23.2137714],[115.7258764,23.2017337],[115.7287761,23.1954386],[115.7209109,23.1864542],[115.7283593,23.1805404],[115.7482464,23.1704424],[115.7587933,23.16186],[115.7720573,23.163398],[115.7759896,23.1609184],[115.7867448,23.1422156],[115.7948174,23.1357333],[115.8122046,23.1303922],[115.8163454,23.1311655],[115.8285595,23.1256316],[115.8283416,23.1149416],[115.8415795,23.1027234],[115.8469612,23.1015795],[115.8598181,23.1206767],[115.8790707,23.1224047],[115.8883849,23.126417],[115.894401,23.1323353],[115.9043316,23.1285129],[115.9109464,23.1161093],[115.918705,23.1138337],[115.9163365,23.1029849],[115.929146,23.0880941],[115.9353438,23.085057],[115.9306124,23.0763912],[115.9319204,23.0711568],[115.938439,23.0676616],[115.9458351,23.0687991],[115.9466201,23.0641136],[115.9602664,23.0557745],[115.9624759,23.0500955],[115.9508501,23.041144],[115.9509414,23.0344227],[115.946275,23.0271501],[115.9330286,23.0332895],[115.9270504,23.0302554],[115.9191817,23.0204851],[115.9377267,23.009039],[115.941479,23.0177021],[115.9441512,23.013886],[115.9499588,23.0244291],[115.9554966,23.0202639],[115.9410428,22.998906],[115.9449382,22.9951267],[115.9367571,22.9899069],[115.9366576,22.9840196],[115.9443154,22.9755543],[115.9393267,22.9591541],[115.9545433,22.9599101],[115.9598565,22.9521694],[115.9655436,22.9599439],[115.9687671,22.972637],[115.9733559,22.9546724],[115.9620212,22.9509177],[115.9655245,22.9435424],[115.9757483,22.9412318],[115.9734702,22.9350587],[115.9793322,22.9277143],[115.9935198,22.9364666],[116.0022495,22.9477132],[116.006423,22.9486791],[116.0149122,22.9359427],[116.017286,22.9399988],[116.0258709,22.9408658],[116.0432912,22.9256352],[116.0599893,22.9200427],[116.0770947,22.9179284],[116.0845673,22.9037611],[116.0967114,22.8984406],[116.0983631,22.8935281],[116.1259623,22.897008],[116.1313033,22.9019528],[116.1383602,22.898306],[116.1412167,22.8926426],[116.1512804,22.8889658],[116.158002,22.8935815],[116.1680362,22.8960796],[116.1657348,22.9093106],[116.1719227,22.9144049],[116.170823,22.922518],[116.1862403,22.9304033],[116.2033153,22.9322312],[116.2190652,22.9237779],[116.219548,22.9199191],[116.1914992,22.8891422],[116.1867321,22.8796651],[116.1802104,22.8772492],[116.1615146,22.8598983],[116.1426699,22.8467399],[116.135684,22.8394492],[116.1172742,22.8361836],[116.1079788,22.8310564],[116.1053422,22.8295422],[116.0945147,22.8191994],[116.0931569,22.8229811],[116.08838,22.82469],[116.0849601,22.83703],[116.0745438,22.8480979],[116.0601601,22.84988],[116.03989,22.84848],[116.02077,22.84244],[116.0003042,22.8314185],[115.9947687,22.8339892],[115.9877299,22.8283432],[115.97784,22.82543],[115.9661144,22.8140018],[115.95471,22.7999299],[115.9535799,22.80276],[115.9478801,22.8034899],[115.94408,22.80977],[115.93326,22.8097001],[115.9241199,22.80629],[115.90424,22.79187],[115.8891899,22.7993601],[115.87866,22.79721],[115.8562267,22.7830045],[115.8449111,22.7726988],[115.8403614,22.7645326],[115.8333528,22.7600958],[115.82489,22.75294],[115.8230853,22.7443248],[115.8178709,22.739774],[115.7977143,22.7579031],[115.8021301,22.76899],[115.80008,22.78185],[115.7977223,22.7878489],[115.80251,22.78985],[115.80064,22.7973],[115.7955999,22.8021499],[115.7910162,22.8179535],[115.7937701,22.8209301],[115.7719801,22.83466],[115.7697844,22.8402929],[115.7474525,22.8480623],[115.7235,22.8513999],[115.6980139,22.8498613],[115.6997307,22.8697638],[115.69523,22.8748501],[115.6834957,22.8774008],[115.6593838,22.8763496],[115.6346929,22.8694478],[115.6127754,22.8605512],[115.6060431,22.8545767],[115.594119,22.848531],[115.5794849,22.8379633],[115.5662187,22.8252303],[115.5575301,22.8138101],[115.5588153,22.8048546],[115.5457088,22.7949731],[115.5390361,22.778113],[115.533893,22.7801659],[115.525551,22.7692544],[115.5302524,22.7694348],[115.529657,22.7604173],[115.5215508,22.7536006],[115.5391574,22.7252076],[115.5389423,22.7190112],[115.5456931,22.7147611],[115.54872,22.7173789],[115.5625329,22.7401095],[115.55501,22.7439139],[115.5593601,22.7551836],[115.56761,22.7526501],[115.57351,22.74639],[115.5829217,22.7422407],[115.5929788,22.7509175],[115.59927,22.7511299],[115.60052,22.7372399],[115.5863306,22.7328991],[115.5717614,22.7197663],[115.570519,22.7158507],[115.5608767,22.7230914],[115.5686291,22.7220336],[115.5728319,22.7311398],[115.562715,22.739879],[115.5492224,22.7165056],[115.5639812,22.7106099],[115.5577773,22.6939423],[115.5585001,22.6858998],[115.57774,22.67268],[115.5704768,22.6694707],[115.56594,22.66048],[115.5579259,22.6643024],[115.556009,22.6702669],[115.5478337,22.672337],[115.53214,22.66944],[115.5281824,22.6756197],[115.52014,22.6762801],[115.51602,22.6855101],[115.49368,22.68659],[115.4824901,22.69549],[115.4772,22.69647],[115.46908,22.7036],[115.4527299,22.7019],[115.4439872,22.6980413],[115.4361809,22.7015796],[115.4215245,22.6888561],[115.3943396,22.691349],[115.3817332,22.6888842],[115.3773101,22.69858],[115.36283,22.7033199],[115.35858,22.71125],[115.35135,22.7122099],[115.34706,22.7229801],[115.33958,22.7334499],[115.34849,22.74217],[115.3490801,22.75105],[115.3436201,22.7666999],[115.3448081,22.7790439],[115.3407972,22.7831215],[115.323,22.7907809],[115.3094268,22.7939857],[115.2994108,22.794157],[115.2764699,22.7926486],[115.2578427,22.7884517],[115.2412377,22.7869092],[115.2300583,22.7832333],[115.2282898,22.78689],[115.237289,22.7920617],[115.2333347,22.8040803],[115.2505404,22.8151259],[115.2659679,22.8202488],[115.2672726,22.8254137],[115.2611786,22.8282345],[115.2528048,22.8228402],[115.2297699,22.8309241],[115.2136544,22.8346479],[115.2046884,22.8343857],[115.1836819,22.8282721],[115.1732252,22.8200936],[115.1720461,22.8134776],[115.166837,22.820723],[115.15841,22.826204],[115.154088,22.835193],[115.142738,22.833512],[115.133649,22.838956],[115.121297,22.837854],[115.118784,22.835006],[115.108879,22.836948]]],[[[116.2077878,22.9056453],[116.2078683,22.9055996],[116.2077986,22.9055823],[116.2077878,22.9056453]]],[[[116.2075196,22.9058689],[116.2075733,22.9059665],[116.2076148,22.9058862],[116.2075196,22.9058689]]],[[[116.207415,22.9056947],[116.2074445,22.9057429],[116.2074941,22.9056935],[116.207415,22.9056947]]],[[[116.2073708,22.9050672],[116.2074003,22.9050906],[116.2073949,22.9050387],[116.2073708,22.9050672]]],[[[116.2072903,22.9049967],[116.2073627,22.9050066],[116.2073305,22.9049708],[116.2072903,22.9049967]]],[[[116.2072192,22.9037095],[116.207305,22.9037243],[116.207301,22.903644],[116.2072192,22.9037095]]],[[[116.2071817,22.9046113],[116.2072138,22.904636],[116.2072125,22.9045841],[116.2071817,22.9046113]]],[[[116.2071173,22.904557],[116.2071696,22.9045199],[116.2071428,22.9045014],[116.2071173,22.904557]]],[[[116.2071052,22.9039714],[116.2071629,22.9041023],[116.2073117,22.9038899],[116.2071052,22.9039714]]],[[[116.2070905,22.9046718],[116.207128,22.9047027],[116.2071602,22.9046545],[116.2070905,22.9046718]]],[[[116.2069711,22.9038824],[116.2069751,22.9039874],[116.2070355,22.9039331],[116.2069711,22.9038824]]],[[[116.2066922,22.9041592],[116.2070261,22.9040282],[116.2067404,22.9038689],[116.2066922,22.9041592]]],[[[116.2065084,22.9045915],[116.2065393,22.9046607],[116.2065916,22.9046187],[116.2065084,22.9045915]]],[[[116.2063918,22.9045038],[116.2065822,22.9044458],[116.2064695,22.9042271],[116.2063918,22.9045038]]],[[[116.2063408,22.9047435],[116.2064172,22.9046632],[116.2063596,22.9046595],[116.2063408,22.9047435]]],[[[116.2057601,22.9015636],[116.205854,22.9014722],[116.2057775,22.9014636],[116.2057601,22.9015636]]],[[[116.2055562,22.9017971],[116.2056193,22.9017724],[116.2055764,22.9017279],[116.2055562,22.9017971]]],[[[116.2053363,22.9019849],[116.2053551,22.902085],[116.2054087,22.9019725],[116.2053363,22.9019849]]],[[[116.2048803,22.9002529],[116.2049769,22.9002183],[116.2049514,22.9001503],[116.2048803,22.9002529]]],[[[116.2042795,22.9004456],[116.2043399,22.9005074],[116.2046295,22.9003381],[116.2042795,22.9004456]]],[[[116.204254,22.9001639],[116.2043546,22.9001862],[116.2043466,22.9000453],[116.204254,22.9001639]]],[[[116.2042098,22.9017477],[116.2044619,22.9018033],[116.2044914,22.9013993],[116.2042098,22.9017477]]],[[[116.204069,22.9006457],[116.2041414,22.9006877],[116.204195,22.9005173],[116.204069,22.9006457]]],[[[116.2039644,22.9006569],[116.2041534,22.9004357],[116.2039872,22.9004135],[116.2039644,22.9006569]]],[[[116.2038852,22.900789],[116.2040636,22.9008261],[116.2039161,22.9007223],[116.2038852,22.900789]]],[[[116.2037779,22.9010361],[116.2039268,22.9009558],[116.2038302,22.9008891],[116.2037779,22.9010361]]],[[[116.2037498,22.9004431],[116.2039335,22.9003912],[116.203849,22.9003134],[116.2037498,22.9004431]]],[[[116.2033609,22.9002998],[116.2034078,22.9003604],[116.2035111,22.9003011],[116.2033609,22.9002998]]],[[[116.2024865,22.9001899],[116.2027198,22.9003134],[116.2027144,22.9001195],[116.2024865,22.9001899]]],[[[116.2015544,22.8976634],[116.2016389,22.8976733],[116.2016349,22.897614],[116.2015544,22.8976634]]],[[[116.2014994,22.8975597],[116.2016161,22.8975597],[116.2015356,22.897488],[116.2014994,22.8975597]]],[[[116.2012178,22.8978216],[116.2012969,22.8978055],[116.201266,22.8977425],[116.2012178,22.8978216]]],[[[116.2011735,22.897635],[116.2012915,22.8975708],[116.2011842,22.8975436],[116.2011735,22.897635]]],[[[116.2010394,22.8978278],[116.201136,22.8979834],[116.2011762,22.8978438],[116.2010394,22.8978278]]],[[[116.2010206,22.8972854],[116.2011172,22.8973991],[116.2011105,22.8972558],[116.2010206,22.8972854]]],[[[116.2007859,22.8981119],[116.2008181,22.898191],[116.2009656,22.898207],[116.2007859,22.8981119]]],[[[116.2007457,22.8980402],[116.2011534,22.8981403],[116.2010059,22.8979451],[116.2007457,22.8980402]]],[[[116.2005204,22.8982812],[116.2005419,22.8984269],[116.2007014,22.898212],[116.2005204,22.8982812]]],[[[116.2005204,22.898191],[116.2006854,22.8980748],[116.2005714,22.8979402],[116.2005204,22.898191]]],[[[116.2004721,22.8971186],[116.2004828,22.8972273],[116.2005767,22.8971829],[116.2004721,22.8971186]]],[[[116.1953706,22.8805727],[116.1954457,22.8805925],[116.1954229,22.880548],[116.1953706,22.8805727]]],[[[116.1950769,22.8805579],[116.1951157,22.8806654],[116.1951278,22.8805814],[116.1950769,22.8805579]]],[[[116.1947389,22.8747592],[116.194763,22.8749062],[116.1949119,22.874816],[116.1947389,22.8747592]]],[[[116.194299,22.88048],[116.1943741,22.8804467],[116.1943218,22.8803948],[116.194299,22.88048]]],[[[116.1936888,22.8806444],[116.1938833,22.8807321],[116.1938122,22.8805925],[116.1936888,22.8806444]]],[[[116.1935306,22.8757823],[116.1937237,22.8759157],[116.1938055,22.8755907],[116.1935306,22.8757823]]],[[[116.1932516,22.8797325],[116.1934863,22.8798054],[116.1934769,22.8795187],[116.1932516,22.8797325]]],[[[116.1932181,22.8803157],[116.1934286,22.8807506],[116.1935614,22.8802898],[116.1932181,22.8803157]]],[[[116.1931054,22.881403],[116.1931108,22.8815315],[116.1931872,22.8814092],[116.1931054,22.881403]]],[[[116.1928526,22.8800124],[116.1928982,22.880021],[116.1928741,22.8799716],[116.1928526,22.8800124]]],[[[116.1928278,22.8810793],[116.1931175,22.8809248],[116.1929847,22.8807889],[116.1928278,22.8810793]]],[[[116.1927272,22.881146],[116.1927849,22.88123],[116.1927916,22.8811534],[116.1927272,22.881146]]],[[[116.1926414,22.8810892],[116.1926736,22.8811472],[116.1927152,22.8810756],[116.1926414,22.8810892]]],[[[116.1924389,22.8810682],[116.1925623,22.8812152],[116.1925609,22.8811127],[116.1924389,22.8810682]]],[[[116.1920191,22.8767819],[116.1920205,22.8769017],[116.1921076,22.8767942],[116.1920191,22.8767819]]],[[[116.191712,22.8770142],[116.1917388,22.8772502],[116.1919145,22.8770611],[116.191712,22.8770142]]],[[[116.1914518,22.8770735],[116.1915886,22.8771896],[116.1916463,22.8769808],[116.1914518,22.8770735]]],[[[116.1899391,22.8746109],[116.1900504,22.8748209],[116.1901148,22.8745676],[116.1899391,22.8746109]]],[[[116.1898573,22.8748741],[116.1899458,22.8750063],[116.1900008,22.8749],[116.1898573,22.8748741]]],[[[116.1897473,22.8747999],[116.1898747,22.8747629],[116.1897795,22.8746393],[116.1897473,22.8747999]]],[[[116.1896789,22.8757291],[116.1897862,22.8758515],[116.1898251,22.8757168],[116.1896789,22.8757291]]],[[[116.1895408,22.8760553],[116.1896333,22.87619],[116.189703,22.8761184],[116.1895408,22.8760553]]],[[[116.1894858,22.8763544],[116.1895461,22.8763371],[116.1895099,22.8763136],[116.1894858,22.8763544]]],[[[116.1894724,22.8762147],[116.1895716,22.8762852],[116.1896051,22.876216],[116.1894724,22.8762147]]],[[[116.1894496,22.8751373],[116.1896534,22.8753016],[116.1897111,22.8751113],[116.1894496,22.8751373]]],[[[116.1893892,22.8764285],[116.189463,22.8764742],[116.1894804,22.8763951],[116.1893892,22.8764285]]],[[[116.1893289,22.8754931],[116.1894509,22.8754808],[116.1893772,22.8754165],[116.1893289,22.8754931]]],[[[116.1893181,22.8760071],[116.1894764,22.8759824],[116.1893557,22.8758873],[116.1893181,22.8760071]]],[[[116.189235,22.8761554],[116.1893423,22.8762778],[116.1893959,22.8761023],[116.189235,22.8761554]]],[[[116.1891411,22.8760986],[116.1891666,22.8761517],[116.1892498,22.8760887],[116.1891411,22.8760986]]],[[[116.188897,22.8763334],[116.1889896,22.8763568],[116.1889869,22.8762629],[116.188897,22.8763334]]],[[[116.1888246,22.8764421],[116.1888662,22.8769339],[116.1893544,22.8763284],[116.1888246,22.8764421]]],[[[116.1885571,22.8788441],[116.1887113,22.8788546],[116.1886248,22.8786693],[116.1885571,22.8788441]]],[[[116.1884384,22.8793569],[116.1884961,22.8793285],[116.1884478,22.8792716],[116.1884384,22.8793569]]],[[[116.1883727,22.8790591],[116.1884572,22.879195],[116.188547,22.8790665],[116.1883727,22.8790591]]],[[[116.1882895,22.8792284],[116.1883391,22.8792642],[116.1883365,22.8792136],[116.1882895,22.8792284]]],[[[116.1882573,22.878411],[116.1883948,22.8784178],[116.188309,22.878335],[116.1882573,22.878411]]],[[[116.1866896,22.8693148],[116.1868693,22.8693025],[116.1867486,22.8690652],[116.1866896,22.8693148]]],[[[116.1860163,22.8779545],[116.1860834,22.8780397],[116.1861639,22.8779063],[116.1860163,22.8779545]]],[[[116.1855523,22.8780323],[116.1856328,22.8782016],[116.1856717,22.8780756],[116.1855523,22.8780323]]],[[[116.1852694,22.8783931],[116.1854048,22.8783771],[116.1853217,22.8782696],[116.1852694,22.8783931]]],[[[116.1852667,22.8768783],[116.185445,22.8770191],[116.1855564,22.8768474],[116.1852667,22.8768783]]],[[[116.1851352,22.8774812],[116.1851939,22.8775034],[116.1852117,22.8774269],[116.1851352,22.8774812]]],[[[116.1846216,22.8778371],[116.1852157,22.8780471],[116.1850668,22.8773293],[116.1846216,22.8778371]]],[[[116.1756402,22.8642002],[116.1757824,22.8641718],[116.1756979,22.8640964],[116.1756402,22.8642002]]],[[[116.1752862,22.8642991],[116.1753733,22.8642707],[116.1753251,22.864246],[116.1752862,22.8642991]]],[[[116.1750501,22.8646389],[116.1753599,22.8648663],[116.1754431,22.8642732],[116.1750501,22.8646389]]],[[[116.1749294,22.8641434],[116.174975,22.8642991],[116.1751159,22.8642299],[116.1749294,22.8641434]]],[[[116.1748731,22.8646772],[116.1749496,22.8648885],[116.1750944,22.864828],[116.1748731,22.8646772]]],[[[116.174625,22.8649009],[116.1746733,22.8648824],[116.1746411,22.8648626],[116.174625,22.8649009]]],[[[116.1740457,22.8682732],[116.1740859,22.8683226],[116.1740845,22.8682719],[116.1740457,22.8682732]]],[[[116.1740041,22.865174],[116.1740577,22.8652222],[116.1740711,22.8651629],[116.1740041,22.865174]]],[[[116.1739893,22.868456],[116.174043,22.8684721],[116.1740698,22.8684214],[116.1739893,22.868456]]],[[[116.1739504,22.8685203],[116.1740349,22.8686846],[116.1740899,22.8685833],[116.1739504,22.8685203]]],[[[116.1735937,22.8682781],[116.1736996,22.8683782],[116.1738163,22.8681867],[116.1735937,22.8682781]]],[[[116.1734918,22.8693161],[116.1735696,22.8692629],[116.1734945,22.8691802],[116.1734918,22.8693161]]],[[[116.1734664,22.8674857],[116.173473,22.8676553],[116.1735615,22.867575],[116.1734664,22.8674857]]],[[[116.1733536,22.8690158],[116.1735642,22.8691122],[116.1736849,22.8687168],[116.1733536,22.8690158]]],[[[116.1732343,22.8685265],[116.1735454,22.8685178],[116.1734515,22.8683115],[116.1732343,22.8685265]]],[[[116.1726254,22.8655324],[116.1727421,22.8655546],[116.1727595,22.8654545],[116.1726254,22.8655324]]],[[[116.1726214,22.8677813],[116.1728936,22.8677047],[116.1728588,22.8675725],[116.1726214,22.8677813]]],[[[116.1725678,22.8651876],[116.1725745,22.8652531],[116.1726241,22.8652345],[116.1725678,22.8651876]]],[[[116.1724524,22.865263],[116.1725114,22.8652852],[116.1724886,22.8652358],[116.1724524,22.865263]]],[[[116.1723116,22.8656813],[116.172329,22.8657084],[116.1723357,22.8656831],[116.1723116,22.8656813]]],[[[116.1723062,22.865824],[116.1723606,22.865803],[116.1723277,22.86579],[116.1723062,22.865824]]],[[[116.1722868,22.8656362],[116.1722995,22.865664],[116.1723109,22.8656405],[116.1722868,22.8656362]]],[[[116.1722311,22.865714],[116.1722526,22.8657943],[116.1722848,22.8657264],[116.1722311,22.865714]]],[[[116.1720501,22.8661873],[116.1721976,22.8662207],[116.1721238,22.8660192],[116.1720501,22.8661873]]],[[[116.1719361,22.866149],[116.1720622,22.8660674],[116.1719871,22.8660489],[116.1719361,22.866149]]],[[[116.1714117,22.8659525],[116.1717617,22.8662738],[116.1724578,22.8647971],[116.1714117,22.8659525]]],[[[116.1714117,22.8657597],[116.1714868,22.8658005],[116.1714815,22.8657437],[116.1714117,22.8657597]]],[[[116.1712266,22.8659735],[116.1713219,22.8660353],[116.1713044,22.865913],[116.1712266,22.8659735]]],[[[116.1709866,22.8622045],[116.1713339,22.8622614],[116.1712347,22.8618597],[116.1709866,22.8622045]]],[[[116.170772,22.8628137],[116.1708337,22.8630016],[116.1710362,22.8627816],[116.170772,22.8628137]]],[[[116.1704072,22.8633698],[116.1704126,22.8634069],[116.1704528,22.8633587],[116.1704072,22.8633698]]],[[[116.1691251,22.8612246],[116.1693183,22.8616905],[116.1694309,22.8611245],[116.1691251,22.8612246]]],[[[116.168979,22.8615039],[116.1690339,22.861688],[116.1691158,22.861531],[116.168979,22.8615039]]],[[[116.1685565,22.8612419],[116.1686048,22.861316],[116.1686316,22.8612629],[116.1685565,22.8612419]]],[[[116.1684519,22.861379],[116.1685713,22.8614173],[116.1684921,22.8613024],[116.1684519,22.861379]]],[[[116.1683983,22.8628607],[116.1684868,22.8629484],[116.1686102,22.8628595],[116.1683983,22.8628607]]],[[[116.168122,22.8623763],[116.1685793,22.8620921],[116.168362,22.8615496],[116.168122,22.8623763]]],[[[116.1678162,22.8613308],[116.1678967,22.8614285],[116.167953,22.8613346],[116.1678162,22.8613308]]],[[[116.1676151,22.8615891],[116.1678672,22.8615286],[116.1676848,22.8613976],[116.1676151,22.8615891]]],[[[116.1675614,22.8608353],[116.1677384,22.8609416],[116.1676432,22.860734],[116.1675614,22.8608353]]],[[[116.1674595,22.8609082],[116.1675252,22.8609292],[116.1674662,22.8608699],[116.1674595,22.8609082]]],[[[116.1674286,22.8624974],[116.1675426,22.8625604],[116.1674836,22.8624406],[116.1674286,22.8624974]]],[[[116.1654559,22.8614779],[116.1655484,22.8614631],[116.1654948,22.8614],[116.1654559,22.8614779]]],[[[116.1651796,22.8609329],[116.1655287,22.8611636],[116.1655182,22.8608046],[116.1651796,22.8609329]]],[[[116.165064,22.8611267],[116.1651461,22.8611442],[116.1651731,22.8610245],[116.165064,22.8611267]]],[[[116.1650254,22.8583835],[116.1651823,22.8583724],[116.165083,22.8583069],[116.1650254,22.8583835]]],[[[116.164839,22.8588914],[116.1648805,22.8590163],[116.1649677,22.8588976],[116.164839,22.8588914]]],[[[116.1647907,22.8617337],[116.1649798,22.8616645],[116.1648189,22.8616126],[116.1647907,22.8617337]]],[[[116.164737,22.8581932],[116.1648618,22.8582921],[116.1649476,22.858171],[116.164737,22.8581932]]],[[[116.1643602,22.8583811],[116.1644393,22.8585429],[116.1644688,22.858344],[116.1643602,22.8583811]]],[[[116.1643159,22.8603027],[116.1644487,22.8602199],[116.1643629,22.8601062],[116.1643159,22.8603027]]],[[[116.1641309,22.8584305],[116.1641912,22.8585751],[116.1642529,22.8583304],[116.1641309,22.8584305]]],[[[116.1640128,22.8589594],[116.1648832,22.8587679],[116.16491,22.8583477],[116.1640128,22.8589594]]],[[[116.1637446,22.8599554],[116.1638238,22.8599975],[116.1638546,22.8598899],[116.1637446,22.8599554]]],[[[116.163412,22.8591176],[116.1636159,22.8590348],[116.1634912,22.8588445],[116.163412,22.8591176]]],[[[116.1631599,22.8600716],[116.1632176,22.8601989],[116.1632833,22.860084],[116.1631599,22.8600716]]],[[[116.1631371,22.8603175],[116.1632135,22.8604596],[116.1633611,22.8603237],[116.1631371,22.8603175]]],[[[116.1625698,22.8606055],[116.1626489,22.8606215],[116.1626731,22.8605449],[116.1625698,22.8606055]]],[[[116.1625189,22.860294],[116.1626999,22.8603509],[116.1626865,22.8602273],[116.1625189,22.860294]]],[[[116.1624947,22.8604324],[116.162606,22.8604053],[116.1625095,22.8603299],[116.1624947,22.8604324]]],[[[116.1615922,22.8581228],[116.1615962,22.8581685],[116.1616525,22.8581401],[116.1615922,22.8581228]]],[[[116.1614554,22.8584799],[116.16156,22.8584725],[116.1615358,22.8584144],[116.1614554,22.8584799]]],[[[116.1611804,22.8594253],[116.1614688,22.8593487],[116.1613041,22.8591908],[116.1611804,22.8594253]]],[[[116.1611187,22.8584379],[116.1614299,22.8584515],[116.1613427,22.858234],[116.1611187,22.8584379]]],[[[116.1610196,22.8588159],[116.1610235,22.858973],[116.1611281,22.8588655],[116.1610196,22.8588159]]],[[[116.1606775,22.8585998],[116.1606896,22.8587184],[116.1607647,22.858648],[116.1606775,22.8585998]]],[[[116.1605568,22.8589174],[116.1606467,22.8589866],[116.1607273,22.858906],[116.1605568,22.8589174]]],[[[116.1604509,22.8584972],[116.1605971,22.8585343],[116.1606038,22.8584021],[116.1604509,22.8584972]]],[[[116.1604281,22.8575778],[116.1606453,22.8576989],[116.1606306,22.8573195],[116.1604281,22.8575778]]],[[[116.1601679,22.8575037],[116.1604093,22.8574703],[116.1602873,22.857301],[116.1601679,22.8575037]]],[[[116.1601384,22.8583329],[116.1602645,22.8584416],[116.1603449,22.85826],[116.1601384,22.8583329]]],[[[116.1601236,22.8578188],[116.1604871,22.8579733],[116.1603302,22.8576322],[116.1601236,22.8578188]]],[[[116.1601183,22.8578769],[116.1601733,22.8579288],[116.1601867,22.8578905],[116.1601183,22.8578769]]],[[[116.1598366,22.8578114],[116.1598447,22.8579597],[116.1600298,22.8579436],[116.1598366,22.8578114]]],[[[116.1596811,22.8580412],[116.1597964,22.8580585],[116.1597495,22.857862],[116.1596811,22.8580412]]],[[[116.1577566,22.8557711],[116.1578625,22.8557772],[116.1578049,22.855666],[116.1577566,22.8557711]]],[[[116.1577392,22.8567202],[116.1578009,22.856845],[116.1578934,22.8565978],[116.1577392,22.8567202]]],[[[116.1575608,22.8544166],[116.1576198,22.8545587],[116.1577123,22.854471],[116.1575608,22.8544166]]],[[[116.1575165,22.85336],[116.1576265,22.8534205],[116.1576144,22.8533328],[116.1575165,22.85336]]],[[[116.1575085,22.854162],[116.1576587,22.8542078],[116.1575916,22.8541002],[116.1575085,22.854162]]],[[[116.1574991,22.8547367],[116.1575916,22.8547824],[116.1576091,22.8547157],[116.1574991,22.8547367]]],[[[116.1572859,22.8547688],[116.1573261,22.8549356],[116.157487,22.8547874],[116.1572859,22.8547688]]],[[[116.1569989,22.8556549],[116.1570995,22.855598],[116.1570203,22.8555795],[116.1569989,22.8556549]]],[[[116.1568862,22.8543845],[116.1570431,22.8544611],[116.1570659,22.8543523],[116.1568862,22.8543845]]],[[[116.1568151,22.8545204],[116.1568983,22.8546489],[116.1569747,22.8545204],[116.1568151,22.8545204]]],[[[116.1567427,22.8519585],[116.1568715,22.8517966],[116.1567561,22.8517608],[116.1567427,22.8519585]]],[[[116.1560494,22.8541336],[116.1561432,22.854183],[116.1561795,22.8540038],[116.1560494,22.8541336]]],[[[116.1560051,22.8536912],[116.1562318,22.8538333],[116.1560561,22.8535243],[116.1560051,22.8536912]]],[[[116.1560024,22.8532858],[116.1562586,22.8532685],[116.1563028,22.8530461],[116.1560024,22.8532858]]],[[[116.1558549,22.8538939],[116.1560306,22.8540088],[116.1559474,22.853774],[116.1558549,22.8538939]]],[[[116.1545862,22.8520586],[116.1546627,22.8522601],[116.1547619,22.8520982],[116.1545862,22.8520586]]],[[[116.1545232,22.8512776],[116.1545755,22.8513258],[116.1546037,22.8512306],[116.1545232,22.8512776]]],[[[116.1543703,22.8521167],[116.1546104,22.8519672],[116.1545286,22.8517966],[116.1543703,22.8521167]]],[[[116.1543006,22.8521946],[116.1543784,22.8523355],[116.1544588,22.8521686],[116.1543006,22.8521946]]],[[[116.1542737,22.8513629],[116.1543435,22.8517015],[116.1545688,22.8515198],[116.1542737,22.8513629]]],[[[116.1539666,22.8499614],[116.1541651,22.8502308],[116.1543864,22.8498205],[116.1539666,22.8499614]]],[[[116.1533819,22.8516978],[116.1533819,22.8517917],[116.1534449,22.8517435],[116.1533819,22.8516978]]],[[[116.15306,22.8512825],[116.1532371,22.8515964],[116.1533859,22.8514432],[116.15306,22.8512825]]],[[[116.1529943,22.8501468],[116.1530842,22.849949],[116.1530051,22.8499626],[116.1529943,22.8501468]]],[[[116.1529581,22.8506597],[116.1529917,22.8507239],[116.1530252,22.8506597],[116.1529581,22.8506597]]],[[[116.1529219,22.8508352],[116.1529689,22.85085],[116.1529836,22.8508018],[116.1529219,22.8508352]]],[[[116.1526644,22.8497637],[116.1527248,22.8499293],[116.1528736,22.8497204],[116.1526644,22.8497637]]],[[[116.1523975,22.849535],[116.1524351,22.8496648],[116.1525652,22.8495536],[116.1523975,22.849535]]],[[[116.1520985,22.8491087],[116.152128,22.8491865],[116.152183,22.8491062],[116.1520985,22.8491087]]],[[[116.152022,22.8492248],[116.1520985,22.8492248],[116.1520636,22.8491791],[116.152022,22.8492248]]],[[[116.1519697,22.8498106],[116.1520006,22.8498786],[116.1520341,22.849802],[116.1519697,22.8498106]]],[[[116.1517458,22.8497587],[116.1518209,22.8498712],[116.1519241,22.8498069],[116.1517458,22.8497587]]],[[[116.1514507,22.8504347],[116.151503,22.8504384],[116.1514762,22.8504051],[116.1514507,22.8504347]]],[[[116.1511584,22.8505892],[116.1511765,22.8506615],[116.1512777,22.8506473],[116.1511584,22.8505892]]],[[[116.1503792,22.8498044],[116.1504811,22.8497723],[116.1504087,22.849666],[116.1503792,22.8498044]]],[[[116.1503014,22.849954],[116.1503524,22.8499392],[116.1503202,22.8499095],[116.1503014,22.849954]]],[[[116.1495598,22.8472969],[116.1497274,22.8472042],[116.1495812,22.8470509],[116.1495598,22.8472969]]],[[[116.1492929,22.8472808],[116.1494726,22.8473438],[116.1493747,22.847177],[116.1492929,22.8472808]]],[[[116.1490488,22.8480631],[116.1491534,22.848162],[116.1491762,22.8480606],[116.1490488,22.8480631]]],[[[116.1489858,22.8462859],[116.1490703,22.8463032],[116.1490408,22.8462303],[116.1489858,22.8462859]]],[[[116.1488235,22.8469199],[116.148971,22.8469236],[116.1488973,22.8468235],[116.1488235,22.8469199]]],[[[116.1487685,22.8464441],[116.1490931,22.8465825],[116.1491226,22.8463934],[116.1487685,22.8464441]]],[[[116.1481355,22.8470732],[116.1481731,22.8471634],[116.1482576,22.8471041],[116.1481355,22.8470732]]],[[[116.1478539,22.8474822],[116.1479303,22.8475848],[116.1479384,22.8473858],[116.1478539,22.8474822]]],[[[116.1478324,22.8477455],[116.1478659,22.8477368],[116.1478364,22.847701],[116.1478324,22.8477455]]],[[[116.1471686,22.8465257],[116.1480215,22.8464676],[116.1479169,22.84593],[116.1471686,22.8465257]]],[[[116.146612,22.8480742],[116.1466791,22.8481373],[116.1467206,22.8480384],[116.146612,22.8480742]]],[[[116.146608,22.8477789],[116.1466281,22.8478481],[116.1466469,22.8478023],[116.146608,22.8477789]]],[[[116.1465463,22.8478814],[116.1465812,22.8479506],[116.1466067,22.8478864],[116.1465463,22.8478814]]],[[[116.1465235,22.847617],[116.1465839,22.8475972],[116.1465597,22.8475354],[116.1465235,22.847617]]],[[[116.1461795,22.8477461],[116.1462271,22.8477776],[116.1462244,22.8477103],[116.1461795,22.8477461]]],[[[116.1436415,22.8472536],[116.1437595,22.8472672],[116.1437313,22.8471659],[116.1436415,22.8472536]]],[[[116.143034,22.8378778],[116.1432204,22.8382696],[116.1435382,22.8379743],[116.143034,22.8378778]]],[[[116.1413066,22.8442269],[116.14132,22.844432],[116.1414407,22.8442998],[116.1413066,22.8442269]]],[[[116.1406052,22.8402262],[116.1407165,22.8403745],[116.1408935,22.8401409],[116.1406052,22.8402262]]],[[[116.1406012,22.8401533],[116.1406508,22.8401545],[116.1406454,22.8401001],[116.1406012,22.8401533]]],[[[116.1405073,22.8395031],[116.1408171,22.8394191],[116.1407058,22.8392399],[116.1405073,22.8395031]]],[[[116.1403008,22.8397404],[116.1405556,22.839707],[116.1403518,22.839569],[116.1403008,22.8397404]]],[[[116.1399226,22.8409566],[116.1400299,22.8411853],[116.140333,22.8404017],[116.1399226,22.8409566]]],[[[116.1396664,22.8431689],[116.1397791,22.8434075],[116.1397777,22.8431924],[116.1396664,22.8431689]]],[[[116.1395578,22.8398307],[116.1397026,22.8404585],[116.139944,22.8399506],[116.1395578,22.8398307]]],[[[116.1392172,22.8414114],[116.1392266,22.8415054],[116.1392936,22.8414522],[116.1392172,22.8414114]]],[[[116.1390536,22.8400865],[116.1394398,22.8399555],[116.1391005,22.839848],[116.1390536,22.8400865]]],[[[116.1389342,22.8411148],[116.1389396,22.8412112],[116.1390549,22.8411432],[116.1389342,22.8411148]]],[[[116.1388832,22.8394142],[116.1394572,22.8395958],[116.1395162,22.8387195],[116.1388832,22.8394142]]],[[[116.1387719,22.8407552],[116.1388175,22.8407935],[116.1388645,22.8407267],[116.1387719,22.8407552]]],[[[116.1387236,22.8406093],[116.1389141,22.8404882],[116.1387451,22.8404511],[116.1387236,22.8406093]]],[[[116.1386619,22.8408738],[116.1387531,22.8408763],[116.1387746,22.8407959],[116.1386619,22.8408738]]],[[[116.1385694,22.8403671],[116.1386713,22.8404536],[116.1386418,22.8403436],[116.1385694,22.8403671]]],[[[116.1384299,22.8407329],[116.1384889,22.8408417],[116.1385721,22.840749],[116.1384299,22.8407329]]],[[[116.1383495,22.8404882],[116.1384206,22.8405599],[116.1384594,22.8404845],[116.1383495,22.8404882]]],[[[116.138202,22.8406291],[116.1382838,22.8407712],[116.1383227,22.8406649],[116.138202,22.8406291]]],[[[116.1370218,22.8388098],[116.1371264,22.8388518],[116.1371505,22.8387257],[116.1370218,22.8388098]]],[[[116.1366945,22.8387158],[116.1367536,22.8388889],[116.1368354,22.8387418],[116.1366945,22.8387158]]],[[[116.1366248,22.8395773],[116.1366932,22.8395204],[116.1366382,22.8394982],[116.1366248,22.8395773]]],[[[116.1363982,22.8374984],[116.1365283,22.8375466],[116.1365417,22.8374527],[116.1363982,22.8374984]]],[[[116.1363673,22.8394104],[116.1368059,22.8394006],[116.1365591,22.8389],[116.1363673,22.8394104]]],[[[116.1363472,22.8383314],[116.1366691,22.8379322],[116.1364076,22.8377468],[116.1363472,22.8383314]]],[[[116.1359623,22.8395377],[116.1361407,22.8396848],[116.1361836,22.8394488],[116.1359623,22.8395377]]],[[[116.1358644,22.8389445],[116.1359516,22.8389964],[116.1359172,22.8389234],[116.1358644,22.8389445]]],[[[116.1358054,22.8391521],[116.1358604,22.8391299],[116.1358319,22.8390783],[116.1358054,22.8391521]]],[[[116.1357839,22.839293],[116.1360133,22.8393808],[116.1359194,22.8390322],[116.1357839,22.839293]]],[[[116.1353789,22.8379916],[116.1355117,22.838062],[116.1355978,22.8377742],[116.1353789,22.8379916]]],[[[116.1352716,22.8377332],[116.1353776,22.8377407],[116.1353414,22.8375775],[116.1352716,22.8377332]]],[[[116.1345543,22.8368887],[116.1345729,22.8369509],[116.134593,22.8368952],[116.1345543,22.8368887]]],[[[116.1344973,22.8367799],[116.13453,22.8368396],[116.1346572,22.836726],[116.1344973,22.8367799]]],[[[116.1343476,22.8369373],[116.1343919,22.8369546],[116.1343543,22.8368915],[116.1343476,22.8369373]]],[[[116.1343248,22.8366122],[116.1345113,22.8366233],[116.1344183,22.836455],[116.1343248,22.8366122]]],[[[116.1339681,22.8378346],[116.1341116,22.8380311],[116.1342014,22.8378185],[116.1339681,22.8378346]]],[[[116.1338829,22.8369967],[116.1343773,22.8367033],[116.1339346,22.8365257],[116.1338829,22.8369967]]],[[[116.1338152,22.8375998],[116.1338232,22.8376714],[116.1339037,22.8376344],[116.1338152,22.8375998]]],[[[116.1337723,22.8364219],[116.1339453,22.836433],[116.1338514,22.8362723],[116.1337723,22.8364219]]],[[[116.1337602,22.837444],[116.1337817,22.8375454],[116.1339198,22.8374749],[116.1337602,22.837444]]],[[[116.1336073,22.8380323],[116.1337951,22.8380632],[116.1338098,22.8379594],[116.1336073,22.8380323]]],[[[116.1331178,22.8380225],[116.1332077,22.8381547],[116.1332922,22.8380286],[116.1331178,22.8380225]]],[[[116.1330253,22.8365368],[116.133382,22.8364305],[116.133142,22.8363811],[116.1330253,22.8365368]]],[[[116.1330199,22.8361697],[116.1334826,22.8364194],[116.1332023,22.8358706],[116.1330199,22.8361697]]],[[[116.1329448,22.8373489],[116.1330025,22.8373229],[116.1329663,22.8372759],[116.1329448,22.8373489]]],[[[116.1329448,22.8370065],[116.1329488,22.837072],[116.1329891,22.8370411],[116.1329448,22.8370065]]],[[[116.1325371,22.8361141],[116.1330561,22.8359646],[116.1327222,22.8356753],[116.1325371,22.8361141]]],[[[116.1324369,22.8371324],[116.1330414,22.8369237],[116.1326647,22.8365637],[116.1324369,22.8371324]]],[[[116.1323521,22.8362834],[116.1323775,22.8364676],[116.1325011,22.836351],[116.1323521,22.8362834]]],[[[116.132285,22.8368582],[116.1323467,22.8369088],[116.1323826,22.8368182],[116.132285,22.8368582]]],[[[116.1320677,22.8374786],[116.1321576,22.837444],[116.1320959,22.8373958],[116.1320677,22.8374786]]],[[[116.1318558,22.8363057],[116.1320557,22.8362909],[116.1319591,22.836124],[116.1318558,22.8363057]]],[[[116.131762,22.8369064],[116.1318411,22.8369299],[116.1318143,22.836763],[116.131762,22.8369064]]],[[[116.1316346,22.8347607],[116.1318062,22.8348534],[116.1318558,22.834647],[116.1316346,22.8347607]]],[[[116.1314817,22.8372883],[116.131487,22.8373377],[116.1315608,22.8372871],[116.1314817,22.8372883]]],[[[116.1313194,22.8373254],[116.1313811,22.8373241],[116.1313784,22.837266],[116.1313194,22.8373254]]],[[[116.1311969,22.8363092],[116.1313891,22.8363452],[116.1313801,22.8361457],[116.1311969,22.8363092]]],[[[116.1307266,22.8361969],[116.130846,22.8363304],[116.130842,22.8361425],[116.1307266,22.8361969]]],[[[116.1307132,22.835134],[116.1307736,22.8352712],[116.1308661,22.835113],[116.1307132,22.835134]]],[[[116.1304182,22.8357025],[116.1304289,22.8357952],[116.1304986,22.8357458],[116.1304182,22.8357025]]],[[[116.130217,22.8353428],[116.1302666,22.8354022],[116.1303739,22.835333],[116.130217,22.8353428]]],[[[116.13004,22.8350907],[116.1301647,22.8351167],[116.1301741,22.8349523],[116.13004,22.8350907]]],[[[116.1296162,22.8372426],[116.1296578,22.83725],[116.1296578,22.8372154],[116.1296162,22.8372426]]],[[[116.1295612,22.835663],[116.1299609,22.8360844],[116.1300172,22.8355727],[116.1295612,22.835663]]],[[[116.1287928,22.8364305],[116.1289684,22.8365071],[116.1288853,22.8363329],[116.1287928,22.8364305]]],[[[116.1286922,22.8365863],[116.1287378,22.8365838],[116.1287364,22.8365479],[116.1286922,22.8365863]]],[[[116.1285125,22.8358966],[116.1286506,22.8359126],[116.1286707,22.835789],[116.1285125,22.8358966]]],[[[116.1283582,22.8360511],[116.1284494,22.836077],[116.1284481,22.8360264],[116.1283582,22.8360511]]],[[[116.1282429,22.8348015],[116.1282697,22.8348237],[116.1282831,22.8347644],[116.1282429,22.8348015]]],[[[116.1282295,22.8360597],[116.1282751,22.8361524],[116.1283167,22.8360733],[116.1282295,22.8360597]]],[[[116.1281544,22.8362377],[116.1282295,22.8363069],[116.1282764,22.8362439],[116.1281544,22.8362377]]],[[[116.1280981,22.8350017],[116.1282925,22.8349634],[116.1281739,22.8348427],[116.1280981,22.8350017]]],[[[116.1278231,22.835506],[116.1279747,22.8355505],[116.1279358,22.8354257],[116.1278231,22.835506]]],[[[116.1274061,22.8346161],[116.1278164,22.8344727],[116.1275093,22.8343714],[116.1274061,22.8346161]]],[[[116.1273953,22.8358669],[116.1274047,22.8360535],[116.1276676,22.8359077],[116.1273953,22.8358669]]],[[[116.127288,22.8356568],[116.1273095,22.8357174],[116.1273591,22.8356889],[116.127288,22.8356568]]],[[[116.1272156,22.8361858],[116.1272585,22.8361586],[116.127225,22.8361611],[116.1272156,22.8361858]]],[[[116.1271365,22.8351315],[116.1275549,22.8355109],[116.127993,22.8349523],[116.1271365,22.8351315]]],[[[116.1271204,22.8361747],[116.127377,22.8358442],[116.1271687,22.8358967],[116.1271204,22.8361747]]],[[[116.1270842,22.8363156],[116.1271767,22.8363255],[116.1272009,22.8362315],[116.1270842,22.8363156]]],[[[116.1269729,22.8361462],[116.1270212,22.8361697],[116.1270131,22.8360968],[116.1269729,22.8361462]]],[[[116.1258182,22.8335988],[116.1259054,22.8336013],[116.1258665,22.8335445],[116.1258182,22.8335988]]],[[[116.1254749,22.8312331],[116.1255661,22.8312751],[116.1255419,22.8311219],[116.1254749,22.8312331]]],[[[116.1252885,22.8356667],[116.1254454,22.8358953],[116.1254883,22.8356073],[116.1252885,22.8356667]]],[[[116.1252697,22.8372117],[116.1253354,22.8372228],[116.1253555,22.837156],[116.1252697,22.8372117]]],[[[116.1248566,22.8337398],[116.1249599,22.8338053],[116.1248901,22.8336928],[116.1248566,22.8337398]]],[[[116.1246823,22.8371882],[116.1247306,22.8372796],[116.1247332,22.8371993],[116.1246823,22.8371882]]],[[[116.124465,22.8343961],[116.1245133,22.8345394],[116.1247694,22.8342774],[116.124465,22.8343961]]],[[[116.124123,22.8372067],[116.1242625,22.8372562],[116.1242786,22.8371771],[116.124123,22.8372067]]],[[[116.1215119,22.8317844],[116.1216702,22.8320674],[116.121811,22.8317683],[116.1215119,22.8317844]]],[[[116.1211176,22.8350586],[116.1212088,22.8351055],[116.1212383,22.8350338],[116.1211176,22.8350586]]],[[[116.1211163,22.8352267],[116.1211632,22.8353033],[116.1211766,22.8352341],[116.1211163,22.8352267]]],[[[116.1206067,22.8352984],[116.1207676,22.8359448],[116.1210425,22.834972],[116.1206067,22.8352984]]],[[[116.1203814,22.8357618],[116.1204296,22.8358471],[116.1204565,22.8357272],[116.1203814,22.8357618]]],[[[116.120199,22.8356506],[116.1204202,22.8356939],[116.1203867,22.8352168],[116.120199,22.8356506]]],[[[116.1167926,22.8327893],[116.1168261,22.8328288],[116.1168368,22.8327979],[116.1167926,22.8327893]]],[[[116.1161113,22.8326755],[116.1163567,22.8327373],[116.1163393,22.8325618],[116.1161113,22.8326755]]],[[[116.115894,22.8329969],[116.1159611,22.8330884],[116.1159664,22.8329833],[116.115894,22.8329969]]],[[[116.1127008,22.8305916],[116.1130227,22.8303988],[116.1127451,22.8303728],[116.1127008,22.8305916]]],[[[116.1126325,22.8313592],[116.112666,22.8315001],[116.1128135,22.8314197],[116.1126325,22.8313592]]],[[[116.1124702,22.8325631],[116.1125305,22.8325952],[116.1125775,22.8325334],[116.1124702,22.8325631]]],[[[116.1124393,22.8307028],[116.112497,22.8307585],[116.1125211,22.8307103],[116.1124393,22.8307028]]],[[[116.1123535,22.831751],[116.1124353,22.8319117],[116.1125185,22.8318449],[116.1123535,22.831751]]],[[[116.1123428,22.8327707],[116.1124259,22.8328115],[116.1124367,22.8327275],[116.1123428,22.8327707]]],[[[116.1123361,22.8326768],[116.1124125,22.8326867],[116.1124232,22.8326446],[116.1123361,22.8326768]]],[[[116.112328,22.8317158],[116.1123838,22.8317189],[116.1123857,22.8316775],[116.112328,22.8317158]]],[[[116.1121429,22.8302764],[116.112328,22.8303172],[116.112316,22.8300502],[116.1121429,22.8302764]]],[[[116.1121295,22.8324704],[116.1122073,22.8325099],[116.1122288,22.8324469],[116.1121295,22.8324704]]],[[[116.1119927,22.8304396],[116.1121698,22.8305731],[116.1123012,22.8303691],[116.1119927,22.8304396]]],[[[116.1119686,22.8307164],[116.1120598,22.8307375],[116.1120974,22.8306522],[116.1119686,22.8307164]]],[[[116.1118639,22.8300479],[116.1119016,22.8300626],[116.1119351,22.8299897],[116.1118639,22.8300479]]],[[[116.1116199,22.8273321],[116.1122422,22.8280515],[116.1122288,22.8270219],[116.1116199,22.8273321]]],[[[116.1111371,22.8281121],[116.1113168,22.8282196],[116.1112981,22.828101],[116.1111371,22.8281121]]],[[[116.1110178,22.8284038],[116.111404,22.8282814],[116.1110272,22.8282542],[116.1110178,22.8284038]]],[[[116.1109909,22.8281356],[116.111054,22.8282159],[116.1110808,22.8281541],[116.1109909,22.8281356]]],[[[116.1100937,22.8280589],[116.1101487,22.8280317],[116.1101112,22.8279922],[116.1100937,22.8280589]]],[[[116.1098993,22.8280973],[116.1099717,22.8281665],[116.1100361,22.8280886],[116.1098993,22.8280973]]],[[[116.1097397,22.8286003],[116.1098349,22.8285929],[116.1097759,22.8285459],[116.1097397,22.8286003]]],[[[116.1097263,22.8287623],[116.1098161,22.8287202],[116.1097611,22.828672],[116.1097263,22.8287623]]],[[[116.1097155,22.8277746],[116.1099315,22.8278859],[116.1098658,22.8275991],[116.1097155,22.8277746]]],[[[116.1094473,22.8315594],[116.1094473,22.8316175],[116.1095305,22.8315928],[116.1094473,22.8315594]]],[[[116.1093642,22.8302739],[116.1093655,22.8304037],[116.1094245,22.8303036],[116.1093642,22.8302739]]],[[[116.1093226,22.8315001],[116.1093736,22.8314741],[116.1093293,22.831421],[116.1093226,22.8315001]]],[[[116.109281,22.8313073],[116.1093199,22.8313505],[116.10934,22.8313122],[116.109281,22.8313073]]],[[[116.1092609,22.8305854],[116.1094473,22.8306695],[116.1094634,22.8305891],[116.1092609,22.8305854]]],[[[116.109218,22.8310638],[116.1092851,22.8311305],[116.1093427,22.8310316],[116.109218,22.8310638]]],[[[116.1090597,22.8290577],[116.10967,22.8283989],[116.1092301,22.8282765],[116.1090597,22.8290577]]],[[[116.1090343,22.831243],[116.1090946,22.8314099],[116.1092368,22.8312974],[116.1090343,22.831243]]],[[[116.1086038,22.8309958],[116.1090933,22.8309179],[116.1087526,22.8306213],[116.1086038,22.8309958]]],[[[116.1085367,22.8298945],[116.1086306,22.8299995],[116.1086761,22.829887],[116.1085367,22.8298945]]],[[[116.1084361,22.8307894],[116.1084576,22.8308438],[116.1084777,22.8308067],[116.1084361,22.8307894]]],[[[116.1083758,22.8307449],[116.1084013,22.8307906],[116.1084214,22.8307473],[116.1083758,22.8307449]]],[[[116.1082269,22.8307498],[116.1083074,22.8307375],[116.108243,22.8307004],[116.1082269,22.8307498]]],[[[116.1081692,22.8298491],[116.1083409,22.8300304],[116.1085783,22.8296819],[116.1081692,22.8298491]]],[[[116.1081398,22.8297264],[116.1081733,22.8297758],[116.1081827,22.829735],[116.1081398,22.8297264]]],[[[116.1080995,22.8300527],[116.1081853,22.8300836],[116.1081317,22.8300008],[116.1080995,22.8300527]]],[[[116.1080445,22.8298104],[116.108117,22.8299266],[116.1081183,22.8297906],[116.1080445,22.8298104]]],[[[116.1080164,22.8301812],[116.1080888,22.8301528],[116.1080472,22.8301355],[116.1080164,22.8301812]]],[[[116.1079426,22.8307906],[116.1080351,22.8308413],[116.108125,22.8306472],[116.1079426,22.8307906]]],[[[116.1079212,22.8309426],[116.1079735,22.8310131],[116.1080164,22.8308969],[116.1079212,22.8309426]]],[[[116.1078809,22.8308141],[116.1079098,22.8307912],[116.1078823,22.83079],[116.1078809,22.8308141]]],[[[116.1078528,22.829693],[116.1079332,22.8297091],[116.1079037,22.8296164],[116.1078528,22.829693]]],[[[116.1078179,22.8297931],[116.1078501,22.8298154],[116.1078702,22.8297746],[116.1078179,22.8297931]]],[[[116.1078065,22.8308283],[116.1078293,22.8308407],[116.107836,22.8308122],[116.1078065,22.8308283]]],[[[116.1077964,22.8296918],[116.1078058,22.8297486],[116.1078692,22.829718],[116.1077964,22.8296918]]],[[[116.1077401,22.8297696],[116.1077857,22.8298178],[116.1078009,22.829774],[116.1077401,22.8297696]]],[[[116.1076422,22.8284644],[116.1077441,22.8284347],[116.1076476,22.8283766],[116.1076422,22.8284644]]],[[[116.1076328,22.8302678],[116.1077039,22.830311],[116.1076784,22.830227],[116.1076328,22.8302678]]],[[[116.1076301,22.8301516],[116.1078326,22.8301157],[116.1077388,22.8299934],[116.1076301,22.8301516]]],[[[116.107555,22.8299822],[116.1075906,22.8300341],[116.1076348,22.8300125],[116.107555,22.8299822]]],[[[116.1075537,22.8303839],[116.1075912,22.830426],[116.1076047,22.830353],[116.1075537,22.8303839]]],[[[116.107543,22.8302047],[116.1075711,22.8302356],[116.1075725,22.8301899],[116.107543,22.8302047]]],[[[116.1074987,22.8303098],[116.1075403,22.8303197],[116.1075188,22.8302851],[116.1074987,22.8303098]]],[[[116.107494,22.829871],[116.1075624,22.8299037],[116.1075483,22.8298203],[116.107494,22.829871]]],[[[116.1073599,22.829934],[116.1074444,22.8299414],[116.1074229,22.8298747],[116.1073599,22.829934]]],[[[116.1072426,22.8288166],[116.1074665,22.8293259],[116.10818,22.8285027],[116.1072426,22.8288166]]],[[[116.1067745,22.829358],[116.1068496,22.8293654],[116.106855,22.8293135],[116.1067745,22.829358]]],[[[116.1066525,22.8244051],[116.1067209,22.8244459],[116.1067061,22.8243445],[116.1066525,22.8244051]]],[[[116.1064218,22.8245942],[116.1065291,22.8246832],[116.106509,22.8244941],[116.1064218,22.8245942]]],[[[116.1060986,22.8248303],[116.1061884,22.825054],[116.1064138,22.8248835],[116.1060986,22.8248303]]],[[[116.1060597,22.8288624],[116.1060758,22.828918],[116.1061388,22.8288636],[116.1060597,22.8288624]]],[[[116.1059725,22.8293803],[116.1060329,22.8293605],[116.1059846,22.8293395],[116.1059725,22.8293803]]],[[[116.1059041,22.8251702],[116.1060812,22.8253087],[116.1060503,22.825038],[116.1059041,22.8251702]]],[[[116.1058746,22.8249737],[116.105994,22.8249737],[116.1059605,22.8248612],[116.1058746,22.8249737]]],[[[116.1058652,22.8256733],[116.1059068,22.8260491],[116.1061549,22.825928],[116.1058652,22.8256733]]],[[[116.1057968,22.8250664],[116.105876,22.825106],[116.1058478,22.8250083],[116.1057968,22.8250664]]],[[[116.1057901,22.8252135],[116.1058786,22.8252036],[116.105817,22.8251418],[116.1057901,22.8252135]]],[[[116.1057338,22.8256498],[116.1058116,22.8256943],[116.1058196,22.8256251],[116.1057338,22.8256498]]],[[[116.1057164,22.8260157],[116.1057807,22.8260404],[116.1057499,22.8259403],[116.1057164,22.8260157]]],[[[116.1054012,22.8173295],[116.1054361,22.8174136],[116.1054656,22.8173419],[116.1054012,22.8173295]]],[[[116.1053301,22.82464],[116.1057593,22.8250652],[116.105825,22.8246882],[116.1053301,22.82464]]],[[[116.105133,22.8175545],[116.1052591,22.8175051],[116.1052081,22.817416],[116.105133,22.8175545]]],[[[116.1048889,22.8080704],[116.1050874,22.8082682],[116.1051357,22.8079616],[116.1048889,22.8080704]]],[[[116.1047065,22.8077391],[116.1047924,22.8079418],[116.1049265,22.8076797],[116.1047065,22.8077391]]],[[[116.1045992,22.8177943],[116.1046904,22.8179451],[116.1047414,22.8177943],[116.1045992,22.8177943]]],[[[116.1045925,22.8256634],[116.1047266,22.8256919],[116.1047709,22.8255188],[116.1045925,22.8256634]]],[[[116.1045181,22.8251863],[116.1045523,22.825203],[116.1045603,22.8251603],[116.1045181,22.8251863]]],[[[116.1044785,22.8250318],[116.1047092,22.8253371],[116.1047065,22.8247908],[116.1044785,22.8250318]]],[[[116.1044571,22.8253841],[116.1045349,22.8255905],[116.1046837,22.8253569],[116.1044571,22.8253841]]],[[[116.1043981,22.8168598],[116.1050498,22.817646],[116.1051813,22.816615],[116.1043981,22.8168598]]],[[[116.1043739,22.8069578],[116.1046314,22.8068885],[116.1043847,22.8068193],[116.1043739,22.8069578]]],[[[116.1043585,22.8252734],[116.1043981,22.8252821],[116.1044008,22.8252413],[116.1043585,22.8252734]]],[[[116.1043337,22.8172628],[116.104441,22.8172108],[116.1043364,22.8171738],[116.1043337,22.8172628]]],[[[116.1039555,22.8082731],[116.1040735,22.8083621],[116.1040521,22.8081099],[116.1039555,22.8082731]]],[[[116.1038536,22.8075561],[116.1040252,22.8076501],[116.1041218,22.8074275],[116.1038536,22.8075561]]],[[[116.1038321,22.8069775],[116.1040735,22.8073435],[116.1040574,22.8067896],[116.1038321,22.8069775]]],[[[116.1037463,22.8085204],[116.1038268,22.8085154],[116.103757,22.8084017],[116.1037463,22.8085204]]],[[[116.1034137,22.8079566],[116.1035639,22.8081396],[116.1035639,22.8079566],[116.1034137,22.8079566]]],[[[116.1033118,22.8083374],[116.1036015,22.8086737],[116.1036712,22.8082979],[116.1033118,22.8083374]]],[[[116.1033064,22.8088962],[116.1034781,22.8087874],[116.1033118,22.8086934],[116.1033064,22.8088962]]],[[[116.103124,22.80855],[116.1032206,22.8085006],[116.103183,22.8083918],[116.103124,22.80855]]],[[[116.1029363,22.8084314],[116.1030757,22.8083325],[116.1029631,22.8083176],[116.1029363,22.8084314]]],[[[116.1023797,22.8246597],[116.1024575,22.8247969],[116.1024642,22.8246449],[116.1023797,22.8246597]]],[[[116.1017722,22.8103896],[116.1019707,22.8106516],[116.1022389,22.8102412],[116.1017722,22.8103896]]],[[[116.1017185,22.8144987],[116.1019492,22.8144591],[116.1018527,22.8143009],[116.1017185,22.8144987]]],[[[116.1014986,22.8246276],[116.1015308,22.8247487],[116.1016582,22.8246585],[116.1014986,22.8246276]]],[[[116.1011258,22.8230961],[116.1011258,22.8232852],[116.1013068,22.8232667],[116.1011258,22.8230961]]],[[[116.1010131,22.8237512],[116.1011714,22.8237129],[116.1010922,22.8236301],[116.1010131,22.8237512]]],[[[116.1010024,22.8220837],[116.1011164,22.8220478],[116.1010145,22.822012],[116.1010024,22.8220837]]],[[[116.1008897,22.8240046],[116.1009246,22.8242605],[116.1010386,22.8241369],[116.1008897,22.8240046]]],[[[116.1002755,22.802433],[116.1002809,22.8028435],[116.1006832,22.8025072],[116.1002755,22.802433]]],[[[116.0999738,22.8223952],[116.1000489,22.8225163],[116.1001575,22.8223804],[116.0999738,22.8223952]]],[[[116.0997646,22.8219588],[116.0999952,22.8222036],[116.1003292,22.8218427],[116.0997646,22.8219588]]],[[[116.0994199,22.8223853],[116.0995191,22.8224372],[116.0995044,22.8223136],[116.0994199,22.8223853]]],[[[116.0994051,22.8215027],[116.0995996,22.8214792],[116.0995044,22.8213581],[116.0994051,22.8215027]]],[[[116.0993931,22.820635],[116.0995647,22.8208031],[116.0996962,22.820635],[116.0993931,22.820635]]],[[[116.099318,22.8216214],[116.0995165,22.8219378],[116.0994548,22.8216053],[116.099318,22.8216214]]],[[[116.099267,22.8220639],[116.0993622,22.8222852],[116.0995097,22.8220627],[116.099267,22.8220639]]],[[[116.0992509,22.8150673],[116.0993126,22.8151514],[116.0994199,22.8150698],[116.0992509,22.8150673]]],[[[116.0990524,22.8137916],[116.0994011,22.8140289],[116.0994708,22.8137125],[116.0990524,22.8137916]]],[[[116.0990417,22.8216337],[116.0993206,22.8215299],[116.099216,22.8210874],[116.0990417,22.8216337]]],[[[116.0989371,22.814783],[116.0989398,22.814914],[116.0990417,22.8148572],[116.0989371,22.814783]]],[[[116.0988204,22.8212295],[116.0989264,22.8212456],[116.0989317,22.8211331],[116.0988204,22.8212295]]],[[[116.0987198,22.8147855],[116.0987976,22.8148967],[116.0988352,22.8147781],[116.0987198,22.8147855]]],[[[116.0986029,22.8145291],[116.1013224,22.8151383],[116.1010426,22.8132625],[116.0986029,22.8145291]]],[[[116.0981753,22.8164593],[116.0983282,22.8165384],[116.098296,22.8163183],[116.0981753,22.8164593]]],[[[116.0981083,22.816798],[116.0982934,22.8166348],[116.0981217,22.8165211],[116.0981083,22.816798]]],[[[116.0978521,22.8211294],[116.0979085,22.8210837],[116.0978843,22.8210256],[116.0978521,22.8211294]]],[[[116.0975638,22.8154802],[116.0981029,22.8154159],[116.0976684,22.8151019],[116.0975638,22.8154802]]],[[[116.0975611,22.8210107],[116.0975611,22.8211195],[116.097663,22.821075],[116.0975611,22.8210107]]],[[[116.0961825,22.8043072],[116.0964024,22.8043517],[116.09644,22.8041737],[116.0961825,22.8043072]]],[[[116.0956648,22.79819],[116.0957962,22.799001],[116.0964346,22.7982147],[116.0956648,22.79819]]],[[[116.0951042,22.7995944],[116.0951418,22.7998516],[116.0953617,22.799723],[116.0951042,22.7995944]]],[[[116.0937148,22.8202987],[116.093924,22.8202641],[116.0937792,22.8202048],[116.0937148,22.8202987]]],[[[116.0930577,22.8228723],[116.0931087,22.8229416],[116.0931315,22.8228847],[116.0930577,22.8228723]]],[[[116.0913478,22.8225843],[116.0914792,22.8229589],[116.0917702,22.8225856],[116.0913478,22.8225843]]],[[[116.0882284,22.8242741],[116.0882629,22.8244947],[116.0883665,22.8243223],[116.0882284,22.8242741]]],[[[116.0873285,22.8245732],[116.0876276,22.8248859],[116.0878743,22.8245794],[116.0873285,22.8245732]]],[[[116.0866321,22.8248803],[116.0871525,22.8245441],[116.0866965,22.8244848],[116.0866321,22.8248803]]],[[[116.0865624,22.8262499],[116.0867501,22.8262104],[116.0866589,22.8260719],[116.0865624,22.8262499]]],[[[116.0859505,22.8275114],[116.0860236,22.8276461],[116.0861486,22.8274749],[116.0859505,22.8275114]]],[[[116.0855646,22.8299433],[116.0858382,22.8300471],[116.0858435,22.8298147],[116.0855646,22.8299433]]],[[[116.0853554,22.8284823],[116.0854626,22.8287344],[116.0855529,22.8285163],[116.0853554,22.8284823]]],[[[116.0853178,22.8277827],[116.085629,22.8276492],[116.08535,22.8274415],[116.0853178,22.8277827]]],[[[116.0850164,22.8304111],[116.0852163,22.8301812],[116.0850687,22.830133],[116.0850164,22.8304111]]],[[[116.0844478,22.8369954],[116.0845149,22.8370201],[116.0845014,22.8369706],[116.0844478,22.8369954]]],[[[116.0834366,22.836318],[116.0835412,22.8363082],[116.0834742,22.8362488],[116.0834366,22.836318]]],[[[116.0833588,22.836496],[116.0834259,22.8365479],[116.0834634,22.8364342],[116.0833588,22.836496]]],[[[116.0833374,22.8375318],[116.0833669,22.8376875],[116.0834822,22.8375244],[116.0833374,22.8375318]]],[[[116.083281,22.8363378],[116.0833803,22.8363947],[116.0833803,22.8363279],[116.083281,22.8363378]]],[[[116.0832462,22.8362785],[116.0836083,22.8359275],[116.083324,22.8357297],[116.0832462,22.8362785]]],[[[116.0831496,22.8364219],[116.0831684,22.8365331],[116.0832515,22.8364985],[116.0831496,22.8364219]]],[[[116.0830209,22.8362538],[116.0831255,22.8362562],[116.0831094,22.8361673],[116.0830209,22.8362538]]],[[[116.082361,22.8387529],[116.0824388,22.839099],[116.0825729,22.8387776],[116.082361,22.8387529]]],[[[116.0823315,22.8378754],[116.0823852,22.837994],[116.0824254,22.8378927],[116.0823315,22.8378754]]],[[[116.0823047,22.8385749],[116.0823423,22.8386417],[116.082361,22.8385552],[116.0823047,22.8385749]]],[[[116.0780722,22.8421938],[116.07815,22.8424533],[116.0781956,22.8422828],[116.0780722,22.8421938]]],[[[116.0756046,22.8423248],[116.0759237,22.8423446],[116.0756904,22.8420653],[116.0756046,22.8423248]]],[[[116.0454686,22.8468915],[116.0455343,22.8469866],[116.0455696,22.8469108],[116.0454686,22.8468915]]],[[[116.0452983,22.847046],[116.0453975,22.8472005],[116.0454766,22.8470608],[116.0452983,22.847046]]],[[[116.0452943,22.8472796],[116.0453613,22.8472202],[116.0453109,22.8472083],[116.0452943,22.8472796]]],[[[116.0254928,22.8421221],[116.025753,22.8420974],[116.0256994,22.8417538],[116.0254928,22.8421221]]],[[[116.0247633,22.8406662],[116.0251147,22.8406835],[116.0248545,22.8403992],[116.0247633,22.8406662]]],[[[116.0246855,22.8408021],[116.0251576,22.8410839],[116.0251763,22.8407997],[116.0246855,22.8408021]]],[[[116.0237226,22.8429798],[116.0238862,22.8429724],[116.0238084,22.8428661],[116.0237226,22.8429798]]],[[[116.0231969,22.8428266],[116.0233819,22.8428414],[116.0232022,22.842656],[116.0231969,22.8428266]]],[[[116.0228643,22.8405549],[116.0233873,22.8404388],[116.0229796,22.8402583],[116.0228643,22.8405549]]],[[[116.0220328,22.8378754],[116.0227704,22.8377073],[116.0222071,22.8371313],[116.0220328,22.8378754]]],[[[116.0199165,22.8372623],[116.0201606,22.8372277],[116.0201257,22.8370794],[116.0199165,22.8372623]]],[[[116.0156786,22.8337225],[116.0158288,22.8335815],[116.0157001,22.8335791],[116.0156786,22.8337225]]],[[[116.0122266,22.8338386],[116.0124707,22.8336829],[116.0122682,22.8336421],[116.0122266,22.8338386]]],[[[116.0115252,22.8340117],[116.0116312,22.8340611],[116.0116379,22.8339635],[116.0115252,22.8340117]]],[[[116.0107568,22.8341934],[116.010785,22.8342836],[116.0108319,22.8341699],[116.0107568,22.8341934]]],[[[116.0102436,22.8354702],[116.0102499,22.8355715],[116.0103236,22.8354751],[116.0102436,22.8354702]]],[[[116.0101426,22.8347768],[116.0101546,22.8348497],[116.0101949,22.8348002],[116.0101426,22.8347768]]],[[[116.0101292,22.836056],[116.0102727,22.8360523],[116.0102458,22.8358385],[116.0101292,22.836056]]],[[[116.0098958,22.8327015],[116.0101199,22.832735],[116.0101412,22.8326137],[116.0098958,22.8327015]]],[[[116.0096705,22.8328745],[116.0097603,22.832882],[116.0097469,22.8327967],[116.0096705,22.8328745]]],[[[116.0091904,22.8343998],[116.0095766,22.8350425],[116.0098529,22.8344196],[116.0091904,22.8343998]]],[[[116.0091743,22.8330192],[116.0094774,22.8330847],[116.0094278,22.8327485],[116.0091743,22.8330192]]],[[[116.0090362,22.8336606],[116.0097268,22.8342984],[116.0102954,22.8330921],[116.0090362,22.8336606]]],[[[116.0088994,22.8328474],[116.0089758,22.8329099],[116.0089369,22.8328263],[116.0088994,22.8328474]]],[[[116.008831,22.833919],[116.0089718,22.8339264],[116.0089463,22.8338819],[116.008831,22.833919]]],[[[116.0083334,22.8338386],[116.0085225,22.83394],[116.0085306,22.8338114],[116.0083334,22.8338386]]],[[[116.0081416,22.8340933],[116.0083535,22.8341773],[116.0083495,22.8340364],[116.0081416,22.8340933]]],[[[116.0080397,22.8319512],[116.0083254,22.8318116],[116.0081711,22.831683],[116.0080397,22.8319512]]],[[[116.007982,22.833322],[116.008033,22.8336322],[116.008316,22.8333937],[116.007982,22.833322]]],[[[116.0076508,22.8335618],[116.0077433,22.8335914],[116.0076857,22.8334196],[116.0076508,22.8335618]]],[[[116.0076199,22.8332404],[116.0076602,22.8333776],[116.0077809,22.8332182],[116.0076199,22.8332404]]],[[[116.0075355,22.8337472],[116.0075985,22.8337262],[116.0075583,22.8336829],[116.0075355,22.8337472]]],[[[116.0074738,22.8331786],[116.0075247,22.833322],[116.0075757,22.8332009],[116.0074738,22.8331786]]],[[[116.0072927,22.833537],[116.0073128,22.8335754],[116.007392,22.8334975],[116.0072927,22.833537]]],[[[116.0070285,22.8332738],[116.0070835,22.8333591],[116.0071036,22.8332639],[116.0070285,22.8332738]]],[[[116.0069665,22.832636],[116.0086969,22.833369],[116.0084514,22.8323851],[116.0069665,22.832636]]],[[[116.0067388,22.8324444],[116.0076427,22.8321774],[116.0070473,22.8318177],[116.0067388,22.8324444]]],[[[116.0065752,22.8338114],[116.0066597,22.8339128],[116.0066879,22.8338189],[116.0065752,22.8338114]]],[[[116.0064358,22.8337781],[116.0065846,22.8337645],[116.0065504,22.8336682],[116.0064358,22.8337781]]],[[[116.0061608,22.8320748],[116.0063513,22.8321539],[116.0065243,22.8319698],[116.0061608,22.8320748]]],[[[116.0054567,22.8336223],[116.0055345,22.8336199],[116.0055158,22.8335791],[116.0054567,22.8336223]]],[[[116.0038434,22.8329574],[116.0039064,22.8331217],[116.0039582,22.8330425],[116.0038434,22.8329574]]],[[[116.00361,22.8328016],[116.0037053,22.8329623],[116.0037737,22.8327893],[116.00361,22.8328016]]],[[[116.0027477,22.8306917],[116.0029489,22.8306126],[116.0027665,22.8304519],[116.0027477,22.8306917]]],[[[116.0027102,22.8302097],[116.0028443,22.8302937],[116.0028818,22.8301602],[116.0027102,22.8302097]]],[[[116.0024178,22.831751],[116.0024621,22.8318697],[116.0025036,22.8317485],[116.0024178,22.831751]]],[[[116.000964,22.8290404],[116.0013798,22.829253],[116.0014978,22.8290206],[116.000964,22.8290404]]],[[[115.9993188,22.8230719],[116.0007,22.8230412],[116.0008307,22.8220115],[115.9993188,22.8230719]]],[[[115.9703386,22.7973542],[115.9712559,22.7969833],[115.9707731,22.796558],[115.9703386,22.7973542]]],[[[115.968166,22.795559],[115.9684181,22.7959102],[115.9687185,22.7950002],[115.968166,22.795559]]],[[[115.9672004,22.7965877],[115.9675759,22.7965877],[115.9675384,22.7963602],[115.9672004,22.7965877]]],[[[115.9670824,22.7946886],[115.9678763,22.7943375],[115.9671307,22.7942831],[115.9670824,22.7946886]]],[[[115.9655267,22.7969388],[115.9660149,22.7971712],[115.9659451,22.7966421],[115.9655267,22.7969388]]],[[[115.9653979,22.7949062],[115.9656018,22.7949755],[115.9655857,22.7947925],[115.9653979,22.7949062]]],[[[115.9651887,22.7970229],[115.9652102,22.7977746],[115.9658164,22.7973592],[115.9651887,22.7970229]]],[[[115.9649688,22.7957569],[115.9651029,22.7959547],[115.965355,22.7956382],[115.9649688,22.7957569]]],[[[115.9645826,22.7958706],[115.9646791,22.7960783],[115.9649956,22.7959745],[115.9645826,22.7958706]]],[[[115.9645557,22.7956975],[115.9657862,22.7941364],[115.9649742,22.792839],[115.9645557,22.7956975]]],[[[115.9642231,22.795114],[115.9643465,22.7950052],[115.9642392,22.7949606],[115.9642231,22.795114]]],[[[115.9640354,22.7981356],[115.9646845,22.798096],[115.9646416,22.7975965],[115.9640354,22.7981356]]],[[[115.9639227,22.7951238],[115.9640998,22.7951634],[115.9639549,22.7949062],[115.9639227,22.7951238]]],[[[115.9517562,22.8016121],[115.9521425,22.8015132],[115.9518421,22.8013945],[115.9517562,22.8016121]]],[[[115.9509087,22.8020868],[115.9512627,22.8026308],[115.9520996,22.8019088],[115.9509087,22.8020868]]],[[[115.9501684,22.8026308],[115.9504473,22.8028484],[115.9504151,22.802166],[115.9501684,22.8026308]]],[[[115.9472179,22.8003165],[115.9476793,22.8003362],[115.94769,22.7997527],[115.9472179,22.8003165]]],[[[115.9466171,22.7988724],[115.9474218,22.7987735],[115.947293,22.7980317],[115.9466171,22.7988724]]],[[[115.9039539,22.7884745],[115.9040853,22.7884102],[115.9040129,22.7883756],[115.9039539,22.7884745]]],[[[115.9039056,22.7864938],[115.904324,22.7883979],[115.9053701,22.7869686],[115.9039056,22.7864938]]],[[[115.9039003,22.788294],[115.9040639,22.7883262],[115.9039807,22.7881358],[115.9039003,22.788294]]],[[[115.9036401,22.7867485],[115.9038466,22.7867782],[115.903683,22.7866199],[115.9036401,22.7867485]]],[[[115.9036186,22.7889617],[115.9039056,22.7889271],[115.903734,22.7887045],[115.9036186,22.7889617]]],[[[115.9030661,22.7880913],[115.9034175,22.7881432],[115.9031922,22.7878563],[115.9030661,22.7880913]]],[[[115.9007406,22.7912466],[115.9008962,22.7914197],[115.9009391,22.7911823],[115.9007406,22.7912466]]],[[[115.8973342,22.7895848],[115.8974576,22.7898766],[115.8976239,22.7896145],[115.8973342,22.7895848]]],[[[115.8973288,22.7917016],[115.8974683,22.792206],[115.8978707,22.792211],[115.8973288,22.7917016]]],[[[115.8971035,22.7919538],[115.8971304,22.7922159],[115.8973074,22.7921566],[115.8971035,22.7919538]]],[[[115.8967549,22.7899805],[115.8968943,22.7901734],[115.8970767,22.7899805],[115.8967549,22.7899805]]],[[[115.8967334,22.7907718],[115.8968353,22.7912565],[115.8972537,22.7909103],[115.8967334,22.7907718]]],[[[115.8967066,22.789664],[115.8967549,22.7898173],[115.8969748,22.7896887],[115.8967066,22.789664]]],[[[115.8965832,22.7912466],[115.8966905,22.7912367],[115.8966047,22.7911378],[115.8965832,22.7912466]]],[[[115.8962452,22.7892733],[115.89661,22.789387],[115.89661,22.7890754],[115.8962452,22.7892733]]],[[[115.8960575,22.7900497],[115.8963096,22.79048],[115.8967119,22.7900448],[115.8960575,22.7900497]]],[[[115.8960468,22.7890705],[115.8965242,22.7890309],[115.896492,22.7888331],[115.8960468,22.7890705]]],[[[115.8955961,22.7894464],[115.8963418,22.7895107],[115.8957088,22.7890952],[115.8955961,22.7894464]]],[[[115.89488,22.7959361],[115.8949122,22.796035],[115.8949739,22.7960103],[115.89488,22.7959361]]],[[[115.894762,22.7955937],[115.8948371,22.7958273],[115.8948559,22.7956233],[115.894762,22.7955937]]],[[[115.8945018,22.7951906],[115.8945058,22.7952166],[115.8945541,22.7952079],[115.8945018,22.7951906]]],[[[115.8944884,22.7932767],[115.8944978,22.7935067],[115.8947003,22.7934177],[115.8944884,22.7932767]]],[[[115.8944642,22.7947777],[115.894652,22.7950002],[115.8946252,22.7947925],[115.8944642,22.7947777]]],[[[115.8944642,22.7880418],[115.8945072,22.788205],[115.8947647,22.7881654],[115.8944642,22.7880418]]],[[[115.8944361,22.795114],[115.8944522,22.7951795],[115.8945742,22.795109],[115.8944361,22.795114]]],[[[115.8943516,22.7919637],[115.8945125,22.7919637],[115.8943784,22.7918499],[115.8943516,22.7919637]]],[[[115.8942913,22.7940408],[115.8943422,22.794026],[115.8943275,22.7939691],[115.8942913,22.7940408]]],[[[115.8942711,22.7929132],[115.8947056,22.7931011],[115.8947056,22.7929083],[115.8942711,22.7929132]]],[[[115.894204,22.7950509],[115.8943033,22.7950991],[115.8942671,22.7946429],[115.894204,22.7950509]]],[[[115.894196,22.7957779],[115.8943368,22.7958075],[115.8943073,22.7956332],[115.894196,22.7957779]]],[[[115.8941947,22.7959176],[115.8943797,22.7960153],[115.894357,22.7958669],[115.8941947,22.7959176]]],[[[115.8941799,22.7933979],[115.8944696,22.7934065],[115.8943436,22.7932186],[115.8941799,22.7933979]]],[[[115.8937776,22.7922555],[115.8939385,22.7922307],[115.8939117,22.792112],[115.8937776,22.7922555]]],[[[115.893665,22.7909152],[115.893842,22.7911625],[115.8940512,22.7907817],[115.893665,22.7909152]]],[[[115.8930695,22.7947876],[115.8931392,22.7955244],[115.8935684,22.7955046],[115.8930695,22.7947876]]],[[[115.8929998,22.7958459],[115.8931231,22.7958904],[115.8931124,22.7958212],[115.8929998,22.7958459]]],[[[115.8927315,22.7956678],[115.89293,22.7957964],[115.8929193,22.7956233],[115.8927315,22.7956678]]],[[[115.8925652,22.7920576],[115.8927637,22.7921763],[115.8927584,22.7919637],[115.8925652,22.7920576]]],[[[115.892297,22.7949854],[115.8924043,22.7951585],[115.8924848,22.7949606],[115.892297,22.7949854]]],[[[115.8908218,22.7955986],[115.890972,22.7959349],[115.891149,22.7957173],[115.8908218,22.7955986]]],[[[115.8754903,22.789345],[115.875611,22.7892733],[115.8754957,22.7892213],[115.8754903,22.789345]]],[[[115.8742654,22.789601],[115.874632,22.7897159],[115.8746776,22.7894167],[115.8742654,22.789601]]],[[[115.8732694,22.7866916],[115.8733499,22.7867089],[115.8733848,22.7865754],[115.8732694,22.7866916]]],[[[115.8731836,22.7916348],[115.8732842,22.7916101],[115.8732131,22.7915507],[115.8731836,22.7916348]]],[[[115.8726123,22.7895156],[115.8727866,22.7899286],[115.8728805,22.7897307],[115.8726123,22.7895156]]],[[[115.8719686,22.7893796],[115.8720866,22.7894414],[115.8722529,22.789204],[115.8719686,22.7893796]]],[[[115.8712175,22.7883682],[115.8712953,22.788482],[115.8713651,22.7883806],[115.8712175,22.7883682]]],[[[115.870724,22.7884053],[115.8708259,22.7885265],[115.870901,22.7884375],[115.870724,22.7884053]]],[[[115.870311,22.7903391],[115.8704209,22.7907372],[115.8705792,22.7904849],[115.870311,22.7903391]]],[[[115.8698107,22.7902908],[115.8698845,22.7904528],[115.8701353,22.7903588],[115.8698107,22.7902908]]],[[[115.8697262,22.7883509],[115.8697933,22.7883237],[115.8697504,22.788299],[115.8697262,22.7883509]]],[[[115.8492154,22.776409],[115.8492932,22.7765253],[115.84932,22.7764437],[115.8492154,22.776409]]],[[[115.8334172,22.7537008],[115.8334869,22.7537082],[115.8334628,22.7536031],[115.8334172,22.7537008]]],[[[115.833149,22.756335],[115.8332589,22.7562645],[115.8331771,22.7562348],[115.833149,22.756335]]],[[[115.8296701,22.7546716],[115.8298096,22.754496],[115.8296929,22.7544824],[115.8296701,22.7546716]]],[[[115.8295642,22.75435],[115.8295749,22.7544576],[115.8297037,22.7543253],[115.8295642,22.75435]]],[[[115.8295427,22.7545986],[115.8295441,22.7549165],[115.8297533,22.7549833],[115.8295427,22.7545986]]],[[[115.829194,22.7547916],[115.8291994,22.7548707],[115.8293134,22.754794],[115.829194,22.7547916]]],[[[115.8291686,22.7549523],[115.829186,22.7550649],[115.8293107,22.7549857],[115.8291686,22.7549523]]],[[[115.8289969,22.7550575],[115.8291458,22.7550933],[115.8290827,22.7549907],[115.8289969,22.7550575]]],[[[115.8267666,22.7542251],[115.8268149,22.7544193],[115.8269356,22.7541955],[115.8267666,22.7542251]]],[[[115.8267385,22.7442864],[115.8268286,22.7443893],[115.8270402,22.7442048],[115.8267385,22.7442864]]],[[[115.8258305,22.7424856],[115.8258748,22.7427651],[115.8260746,22.7423904],[115.8258305,22.7424856]]],[[[115.8257635,22.7429445],[115.8262315,22.7444732],[115.8271797,22.7437744],[115.8257635,22.7429445]]],[[[115.8257461,22.7462505],[115.8260693,22.7460637],[115.825787,22.745992],[115.8257461,22.7462505]]],[[[115.8256207,22.745778],[115.8257896,22.7459487],[115.8259258,22.7457632],[115.8256207,22.745778]]],[[[115.8253464,22.7532729],[115.8254845,22.7532234],[115.8254081,22.7530985],[115.8253464,22.7532729]]],[[[115.8253276,22.744697],[115.8253598,22.744822],[115.8254832,22.7447082],[115.8253276,22.744697]]],[[[115.8253008,22.752955],[115.8253464,22.7530193],[115.8253665,22.7529674],[115.8253008,22.752955]]],[[[115.825282,22.7435245],[115.8254912,22.7441664],[115.8256039,22.7436222],[115.825282,22.7435245]]],[[[115.8252257,22.752835],[115.8252659,22.7528969],[115.8252861,22.7528511],[115.8252257,22.752835]]],[[[115.8246744,22.7459351],[115.8257541,22.7455294],[115.824759,22.7444039],[115.8246744,22.7459351]]],[[[115.8245176,22.7428505],[115.8245605,22.7430669],[115.8247306,22.7429864],[115.8245176,22.7428505]]],[[[115.8244157,22.7448182],[115.8244626,22.744979],[115.8245082,22.7448417],[115.8244157,22.7448182]]],[[[115.8035266,22.7513027],[115.8035266,22.7513905],[115.8036219,22.7513336],[115.8035266,22.7513027]]],[[[115.8005467,22.750197],[115.8006647,22.7500672],[115.8005588,22.7500672],[115.8005467,22.750197]]],[[[115.7999875,22.7505112],[115.8000357,22.7505644],[115.8000585,22.7505112],[115.7999875,22.7505112]]],[[[115.7997648,22.7506361],[115.7999499,22.7506806],[115.7998024,22.7505038],[115.7997648,22.7506361]]],[[[115.7996629,22.7510343],[115.799785,22.7509465],[115.7996964,22.7508686],[115.7996629,22.7510343]]],[[[115.7993491,22.7520695],[115.799384,22.7521684],[115.7994644,22.7521041],[115.7993491,22.7520695]]],[[[115.799211,22.782735],[115.7993263,22.782688],[115.7992217,22.7826583],[115.799211,22.782735]]],[[[115.7991667,22.7524653],[115.7993773,22.7523849],[115.7991734,22.7523342],[115.7991667,22.7524653]]],[[[115.7991439,22.7828561],[115.7992458,22.7828932],[115.7992727,22.7828067],[115.7991439,22.7828561]]],[[[115.7989736,22.7530589],[115.7990326,22.7530935],[115.7990219,22.7530465],[115.7989736,22.7530589]]],[[[115.7989334,22.7528994],[115.7989776,22.7529674],[115.7990701,22.7528598],[115.7989334,22.7528994]]],[[[115.7987013,22.7536092],[115.798806,22.7537206],[115.7988717,22.7535808],[115.7987013,22.7536092]]],[[[115.7982212,22.7966767],[115.7984224,22.7968696],[115.7984707,22.7966569],[115.7982212,22.7966767]]],[[[115.7980201,22.7563164],[115.7980938,22.7562806],[115.798063,22.7562435],[115.7980201,22.7563164]]],[[[115.7980158,22.7978103],[115.7985914,22.7978908],[115.7982359,22.7970561],[115.7980158,22.7978103]]],[[[115.798004,22.7629673],[115.7980482,22.7629821],[115.7980308,22.7628968],[115.798004,22.7629673]]],[[[115.7979932,22.7830194],[115.7981059,22.783054],[115.7981166,22.7829452],[115.7979932,22.7830194]]],[[[115.7979825,22.7558588],[115.7980563,22.7558959],[115.7980455,22.7558366],[115.7979825,22.7558588]]],[[[115.7979476,22.756194],[115.7981166,22.7560357],[115.7979771,22.7559936],[115.7979476,22.756194]]],[[[115.7979356,22.7628844],[115.7980241,22.7628597],[115.7979664,22.7628263],[115.7979356,22.7628844]]],[[[115.7975829,22.7830045],[115.7976365,22.7831751],[115.7977518,22.7830713],[115.7975829,22.7830045]]],[[[115.7974675,22.7770322],[115.7976633,22.7773389],[115.7980657,22.7770322],[115.7974675,22.7770322]]],[[[115.7973415,22.7568148],[115.7973991,22.7567938],[115.7973576,22.7567715],[115.7973415,22.7568148]]],[[[115.7972878,22.7564339],[115.7974166,22.7564488],[115.7974125,22.756382],[115.7972878,22.7564339]]],[[[115.7972738,22.7989846],[115.7972959,22.7993002],[115.7975051,22.7991988],[115.7972738,22.7989846]]],[[[115.797261,22.7629339],[115.7972731,22.7629673],[115.7973079,22.7629463],[115.797261,22.7629339]]],[[[115.7971564,22.7582469],[115.7972342,22.7582939],[115.7972395,22.7582073],[115.7971564,22.7582469]]],[[[115.7969324,22.758383],[115.7969767,22.7584238],[115.797092,22.7582717],[115.7969324,22.758383]]],[[[115.7967353,22.7581851],[115.7967836,22.758237],[115.7967997,22.7581789],[115.7967353,22.7581851]]],[[[115.7966119,22.7624912],[115.7966401,22.7625073],[115.7966414,22.7624776],[115.7966119,22.7624912]]],[[[115.7965489,22.7587367],[115.7966374,22.7587132],[115.7965569,22.7586785],[115.7965489,22.7587367]]],[[[115.7965247,22.7583669],[115.7967018,22.7583854],[115.7965837,22.758289],[115.7965247,22.7583669]]],[[[115.7965234,22.7624059],[115.7965663,22.7624145],[115.7965703,22.7623774],[115.7965234,22.7624059]]],[[[115.7965019,22.7585178],[115.796636,22.7585685],[115.7966146,22.758472],[115.7965019,22.7585178]]],[[[115.7964697,22.7556857],[115.7965127,22.7557995],[115.7965717,22.7557401],[115.7964697,22.7556857]]],[[[115.796463,22.7579031],[115.7965167,22.7579291],[115.7964818,22.7578685],[115.796463,22.7579031]]],[[[115.7963893,22.7625468],[115.7964429,22.7625876],[115.7964617,22.7625357],[115.7963893,22.7625468]]],[[[115.7963611,22.7587577],[115.7963826,22.7588158],[115.7964201,22.7587898],[115.7963611,22.7587577]]],[[[115.7963102,22.7585462],[115.7963102,22.7586587],[115.7963786,22.7586117],[115.7963102,22.7585462]]],[[[115.7962109,22.7586204],[115.7962847,22.7587268],[115.7963276,22.7586872],[115.7962109,22.7586204]]],[[[115.7960272,22.7588034],[115.7962149,22.7588146],[115.7960848,22.7587206],[115.7960272,22.7588034]]],[[[115.7960272,22.75529],[115.7960674,22.7554112],[115.7961559,22.7552924],[115.7960272,22.75529]]],[[[115.7959253,22.7873222],[115.7961801,22.7873593],[115.7962149,22.7871392],[115.7959253,22.7873222]]],[[[115.7959092,22.7554854],[115.7959521,22.755614],[115.7960218,22.75552],[115.7959092,22.7554854]]],[[[115.7959038,22.7558094],[115.7959789,22.75598],[115.7960218,22.7558094],[115.7959038,22.7558094]]],[[[115.7957643,22.7597136],[115.7958086,22.7597359],[115.7957911,22.759684],[115.7957643,22.7597136]]],[[[115.7957482,22.7621808],[115.7958086,22.762203],[115.7957952,22.7621561],[115.7957482,22.7621808]]],[[[115.7957308,22.7622451],[115.795771,22.7623193],[115.7957777,22.7622513],[115.7957308,22.7622451]]],[[[115.7956275,22.7597272],[115.7956463,22.759794],[115.7956785,22.7597458],[115.7956275,22.7597272]]],[[[115.7956195,22.7592202],[115.7956309,22.7593989],[115.7958629,22.7592276],[115.7956195,22.7592202]]],[[[115.79559,22.7558588],[115.7956973,22.7559182],[115.7957885,22.7557698],[115.79559,22.7558588]]],[[[115.7955886,22.7602998],[115.7956195,22.7603542],[115.7956557,22.7603208],[115.7955886,22.7602998]]],[[[115.795543,22.7598286],[115.795594,22.759846],[115.7955913,22.7597804],[115.795543,22.7598286]]],[[[115.7954974,22.7604383],[115.7955873,22.7604346],[115.7955243,22.7603963],[115.7954974,22.7604383]]],[[[115.7953003,22.7623811],[115.7954143,22.7623428],[115.7953446,22.7623032],[115.7953003,22.7623811]]],[[[115.7952064,22.75598],[115.7954237,22.7562274],[115.7957107,22.7561285],[115.7952064,22.75598]]],[[[115.7951528,22.762234],[115.795252,22.7622871],[115.7952923,22.7621993],[115.7951528,22.762234]]],[[[115.7950884,22.7998763],[115.7953244,22.8001038],[115.7954746,22.7999208],[115.7950884,22.7998763]]],[[[115.7948872,22.7617616],[115.7948913,22.7617987],[115.7949436,22.7617727],[115.7948872,22.7617616]]],[[[115.7948323,22.7600525],[115.7949691,22.7600277],[115.794902,22.7599548],[115.7948323,22.7600525]]],[[[115.7947853,22.7611952],[115.7947974,22.7612743],[115.7948698,22.7612422],[115.7947853,22.7611952]]],[[[115.7947706,22.7599498],[115.794796,22.7599968],[115.7948618,22.7599535],[115.7947706,22.7599498]]],[[[115.7947692,22.7617677],[115.7948658,22.7617801],[115.7948591,22.7616935],[115.7947692,22.7617677]]],[[[115.7947156,22.7598905],[115.7947397,22.7599498],[115.794788,22.7599164],[115.7947156,22.7598905]]],[[[115.7947116,22.7615724],[115.7948202,22.7615315],[115.7947585,22.7614128],[115.7947116,22.7615724]]],[[[115.7946002,22.7601799],[115.7947411,22.7601292],[115.7946539,22.7600166],[115.7946002,22.7601799]]],[[[115.7945721,22.7598942],[115.7946324,22.759961],[115.7946593,22.7598868],[115.7945721,22.7598942]]],[[[115.7944635,22.760541],[115.7946217,22.7605583],[115.7945037,22.7604359],[115.7944635,22.760541]]],[[[115.7944407,22.7603542],[115.7950629,22.7606782],[115.79502,22.7600327],[115.7944407,22.7603542]]],[[[115.7943629,22.7604371],[115.7944554,22.7604977],[115.7944165,22.7603715],[115.7943629,22.7604371]]],[[[115.7943414,22.7600154],[115.7945225,22.7601576],[115.79456,22.7600104],[115.7943414,22.7600154]]],[[[115.7941698,22.7545912],[115.7942046,22.7546605],[115.7942395,22.7545912],[115.7941698,22.7545912]]],[[[115.7855934,22.8208871],[115.7862586,22.8203778],[115.7859206,22.8197746],[115.7855934,22.8208871]]],[[[115.7849175,22.8194779],[115.7850677,22.8196065],[115.7852447,22.8193395],[115.7849175,22.8194779]]],[[[115.7848692,22.8192703],[115.7853466,22.8188747],[115.7851428,22.8188005],[115.7848692,22.8192703]]],[[[115.7847995,22.8186176],[115.7851535,22.8185632],[115.7849121,22.8184693],[115.7847995,22.8186176]]],[[[115.7764189,22.8316892],[115.7764618,22.8317757],[115.7765195,22.8317053],[115.7764189,22.8316892]]],[[[115.7754144,22.8316756],[115.7755499,22.831777],[115.7755901,22.8316682],[115.7754144,22.8316756]]],[[[115.7747559,22.8324939],[115.7747814,22.8326422],[115.7749397,22.8325124],[115.7747559,22.8324939]]],[[[115.7736938,22.8327917],[115.7738426,22.8328214],[115.7737662,22.832699],[115.7736938,22.8327917]]],[[[115.7724264,22.8339659],[115.7724854,22.8339734],[115.7724854,22.8339202],[115.7724264,22.8339659]]],[[[115.7717787,22.8332973],[115.7718632,22.8333294],[115.7718256,22.8332688],[115.7717787,22.8332973]]],[[[115.7716432,22.8332874],[115.7716808,22.8334283],[115.7717545,22.8333109],[115.7716432,22.8332874]]],[[[115.7702498,22.8316299],[115.7702753,22.8316521],[115.7702927,22.831599],[115.7702498,22.8316299]]],[[[115.7701559,22.8316225],[115.7702056,22.8316323],[115.7702123,22.8315953],[115.7701559,22.8316225]]],[[[115.769991,22.8317448],[115.7700661,22.8317881],[115.7700875,22.8317213],[115.769991,22.8317448]]],[[[115.7699266,22.8344097],[115.7699333,22.8344814],[115.7700299,22.8344406],[115.7699266,22.8344097]]],[[[115.76891,22.8309377],[115.7690012,22.8309624],[115.7689691,22.8308574],[115.76891,22.8309377]]],[[[115.768902,22.8302517],[115.7690173,22.8303234],[115.7690294,22.8301924],[115.768902,22.8302517]]],[[[115.7662922,22.8370164],[115.7663646,22.8371103],[115.7663995,22.8370238],[115.7662922,22.8370164]]],[[[115.7655814,22.8412273],[115.7657477,22.8412817],[115.7657209,22.8411803],[115.7655814,22.8412273]]],[[[115.7653186,22.8368606],[115.7654004,22.8369138],[115.7654513,22.8368347],[115.7653186,22.8368606]]],[[[115.7650785,22.8373946],[115.7651107,22.8375083],[115.7651456,22.8374106],[115.7650785,22.8373946]]],[[[115.765053,22.8373587],[115.7652596,22.8373489],[115.7652301,22.8371981],[115.765053,22.8373587]]],[[[115.7650235,22.8369422],[115.7650986,22.8369496],[115.7650584,22.8368779],[115.7650235,22.8369422]]],[[[115.764538,22.8048166],[115.7654607,22.8047672],[115.7652783,22.8039463],[115.764538,22.8048166]]],[[[115.7639882,22.8405179],[115.7641089,22.840634],[115.7643503,22.8404981],[115.7639882,22.8405179]]],[[[115.7625157,22.8399543],[115.7626337,22.8400556],[115.7627276,22.8399642],[115.7625157,22.8399543]]],[[[115.7624593,22.8391163],[115.7625398,22.8392226],[115.7625505,22.8391286],[115.7624593,22.8391163]]],[[[115.7624271,22.8393808],[115.7625962,22.8394895],[115.762623,22.8393783],[115.7624271,22.8393808]]],[[[115.7622206,22.8387356],[115.7622287,22.8389507],[115.7624298,22.8388592],[115.7622206,22.8387356]]],[[[115.7621589,22.8394302],[115.7624379,22.8392498],[115.7622018,22.8391756],[115.7621589,22.8394302]]],[[[115.7616895,22.8391633],[115.7619175,22.839057],[115.7616922,22.8390693],[115.7616895,22.8391633]]],[[[115.7615662,22.8390594],[115.7619148,22.8388221],[115.7616466,22.8386615],[115.7615662,22.8390594]]],[[[115.7613999,22.8401644],[115.761483,22.8402385],[115.7614884,22.8401001],[115.7613999,22.8401644]]],[[[115.7609814,22.8393783],[115.7616252,22.839539],[115.7611155,22.8390224],[115.7609814,22.8393783]]],[[[115.7608125,22.8354071],[115.7609318,22.8353453],[115.7608849,22.8352823],[115.7608125,22.8354071]]],[[[115.7604101,22.8361635],[115.7605496,22.8361771],[115.7604557,22.8360758],[115.7604101,22.8361635]]],[[[115.7602948,22.841603],[115.7604235,22.8417068],[115.7604665,22.8415684],[115.7602948,22.841603]]],[[[115.7600524,22.8416369],[115.7600963,22.841865],[115.7602358,22.8417612],[115.7600524,22.8416369]]],[[[115.7598335,22.8428414],[115.7600293,22.8429724],[115.7600373,22.8428414],[115.7598335,22.8428414]]],[[[115.759189,22.8417995],[115.7592112,22.8422951],[115.7596672,22.8418354],[115.759189,22.8417995]]],[[[115.758966,22.8414437],[115.7597117,22.8412952],[115.7591361,22.840985],[115.758966,22.8414437]]],[[[115.7563198,22.8180985],[115.7570171,22.8181182],[115.7564914,22.8172381],[115.7563198,22.8180985]]],[[[115.7557833,22.8197895],[115.7566416,22.8198983],[115.7566631,22.8190874],[115.7557833,22.8197895]]],[[[115.7515561,22.8197796],[115.7528651,22.8199378],[115.7529509,22.8189885],[115.7515561,22.8197796]]],[[[115.731697,22.8239329],[115.7330703,22.8251196],[115.7330703,22.8239329],[115.731697,22.8239329]]],[[[115.6203881,22.7082395],[115.6205978,22.7083513],[115.6205433,22.7081493],[115.6203881,22.7082395]]],[[[115.6192941,22.7090659],[115.6205888,22.7094302],[115.6203291,22.7082049],[115.6192941,22.7090659]]],[[[115.6181151,22.7097023],[115.6181345,22.7099501],[115.6181908,22.7097345],[115.6181151,22.7097023]]],[[[115.6175091,22.7072659],[115.6176406,22.7072916],[115.6176897,22.7072148],[115.6175091,22.7072659]]],[[[115.6170513,22.7065418],[115.6171466,22.7065723],[115.6171233,22.7064824],[115.6170513,22.7065418]]],[[[115.6158081,22.7084234],[115.6158095,22.7084448],[115.6158384,22.7084221],[115.6158081,22.7084234]]],[[[115.6148413,22.7075541],[115.6148855,22.7076729],[115.6149741,22.7075987],[115.6148413,22.7075541]]],[[[115.6144403,22.7073995],[115.6145744,22.7073859],[115.6145409,22.7072535],[115.6144403,22.7073995]]],[[[115.6141922,22.7045924],[115.6143504,22.704533],[115.614211,22.7043994],[115.6141922,22.7045924]]],[[[115.6139463,22.702396],[115.6150486,22.7075311],[115.618117,22.7095361],[115.6139463,22.702396]]],[[[115.6138408,22.7066819],[115.614388,22.706844],[115.6140581,22.706432],[115.6138408,22.7066819]]],[[[115.6134506,22.7025225],[115.6136437,22.7025225],[115.6135122,22.7023543],[115.6134506,22.7025225]]],[[[115.6127357,22.7042163],[115.6131729,22.7040084],[115.6127384,22.7040208],[115.6127357,22.7042163]]],[[[115.6126861,22.7056081],[115.6127264,22.7057578],[115.6129195,22.7056436],[115.6126861,22.7056081]]],[[[115.6121604,22.7044476],[115.6122623,22.7044872],[115.6123012,22.7043672],[115.6121604,22.7044476]]],[[[115.6117514,22.7048682],[115.6119123,22.7048472],[115.6117769,22.704747],[115.6117514,22.7048682]]],[[[115.6113614,22.7035736],[115.6118,22.7041381],[115.6121238,22.7037897],[115.6113614,22.7035736]]],[[[115.6059095,22.7341862],[115.6059431,22.7342925],[115.606041,22.7342431],[115.6059095,22.7341862]]],[[[115.6058653,22.7337743],[115.6059565,22.7338856],[115.6059846,22.7337891],[115.6058653,22.7337743]]],[[[115.6054495,22.7332028],[115.6056011,22.7334168],[115.6058827,22.7330569],[115.6054495,22.7332028]]],[[[115.6048232,22.7327588],[115.6051035,22.7329159],[115.6051652,22.7326858],[115.6048232,22.7327588]]],[[[115.6045912,22.7319016],[115.6046972,22.7318373],[115.6046301,22.7317816],[115.6045912,22.7319016]]],[[[115.603922,22.7325955],[115.6040508,22.7334416],[115.6046033,22.7324582],[115.603922,22.7325955]]],[[[115.6032501,22.7323704],[115.6037758,22.7327452],[115.6038053,22.7320599],[115.6032501,22.7323704]]],[[[115.6017762,22.7313685],[115.6019613,22.7314056],[115.6020042,22.7312039],[115.6017762,22.7313685]]],[[[115.6008589,22.7461355],[115.6009769,22.746551],[115.6017816,22.7463235],[115.6008589,22.7461355]]],[[[115.6001401,22.7510331],[115.6001508,22.7513497],[115.6003278,22.7511815],[115.6001401,22.7510331]]],[[[115.599904,22.7477482],[115.6003439,22.7474514],[115.5999684,22.7472238],[115.599904,22.7477482]]],[[[115.5997793,22.7357373],[115.6000945,22.7361232],[115.6002165,22.7357484],[115.5997793,22.7357373]]],[[[115.5993274,22.7357558],[115.6002165,22.7354961],[115.5999067,22.7353093],[115.5993274,22.7357558]]],[[[115.5956286,22.7522154],[115.5959505,22.7526458],[115.5963367,22.7522055],[115.5956286,22.7522154]]],[[[115.5950895,22.7332276],[115.5954999,22.7332944],[115.5953148,22.7330668],[115.5950895,22.7332276]]],[[[115.594026,22.7333389],[115.5941346,22.73323],[115.5940273,22.7332313],[115.594026,22.7333389]]],[[[115.5922034,22.7318422],[115.5923295,22.7316369],[115.5922919,22.7312881],[115.5922034,22.7318422]]],[[[115.5914712,22.7308502],[115.5918682,22.7323865],[115.5919379,22.7308601],[115.5914712,22.7308502]]],[[[115.5913317,22.7318966],[115.5914363,22.7319807],[115.5914605,22.7317482],[115.5913317,22.7318966]]],[[[115.5872963,22.7461379],[115.5873111,22.7462591],[115.5873996,22.7461849],[115.5872963,22.7461379]]],[[[115.5770624,22.674189],[115.5774808,22.6741791],[115.5771321,22.6740207],[115.5770624,22.674189]]],[[[115.5754511,22.6689067],[115.5757908,22.6691777],[115.5761027,22.6690472],[115.5754511,22.6689067]]],[[[115.575313,22.6687664],[115.5755339,22.668657],[115.5753759,22.668612],[115.575313,22.6687664]]],[[[115.5744119,22.6799197],[115.5749503,22.6803479],[115.5751302,22.6798378],[115.5744119,22.6799197]]],[[[115.5732912,22.6582497],[115.5733207,22.6583858],[115.5736425,22.6582695],[115.5732912,22.6582497]]],[[[115.5714,22.68215],[115.57318,22.6823752],[115.5722821,22.6815558],[115.5714,22.68215]]],[[[115.5708718,22.6570864],[115.5713412,22.6574799],[115.5717194,22.6571012],[115.5708718,22.6570864]]],[[[115.5708557,22.6575715],[115.5710515,22.6576606],[115.5710462,22.6574675],[115.5708557,22.6575715]]],[[[115.5706975,22.6567324],[115.5710113,22.6565963],[115.5708262,22.6564948],[115.5706975,22.6567324]]],[[[115.5705989,22.6805786],[115.5715599,22.6800899],[115.57115,22.67956],[115.5705989,22.6805786]]],[[[115.5703837,22.6571136],[115.5705875,22.657371],[115.5706868,22.6572324],[115.5703837,22.6571136]]],[[[115.5673028,22.6535819],[115.5681665,22.6543429],[115.56782,22.65303],[115.5673028,22.6535819]]],[[[115.566768,22.6930515],[115.5669826,22.6934078],[115.5675512,22.6929624],[115.566768,22.6930515]]],[[[115.5663294,22.6513466],[115.5703283,22.6529161],[115.5715234,22.6515066],[115.5663294,22.6513466]]],[[[115.5651534,22.6906808],[115.5652124,22.6909679],[115.5655825,22.690859],[115.5651534,22.6906808]]],[[[115.5650729,22.6893544],[115.5653036,22.6894485],[115.5653572,22.6891169],[115.5650729,22.6893544]]],[[[115.5647027,22.6887853],[115.5651373,22.6885823],[115.5648905,22.6882903],[115.5647027,22.6887853]]],[[[115.5641717,22.6890426],[115.5645579,22.6895524],[115.5643487,22.6889436],[115.5641717,22.6890426]]],[[[115.5590057,22.660767],[115.5590406,22.6609377],[115.5592364,22.6607917],[115.5590057,22.660767]]],[[[115.5584317,22.6600764],[115.5584693,22.6606729],[115.5587161,22.6602967],[115.5584317,22.6600764]]],[[[115.5581279,22.6628303],[115.5583484,22.6630387],[115.5583337,22.66288],[115.5581279,22.6628303]]],[[[115.5579919,22.6609551],[115.5581796,22.6610293],[115.5581796,22.6607175],[115.5579919,22.6609551]]],[[[115.5578685,22.6597249],[115.5583228,22.6598678],[115.5588334,22.6593082],[115.5578685,22.6597249]]],[[[115.5577397,22.6597546],[115.5577424,22.6599304],[115.5579838,22.6598536],[115.5577397,22.6597546]]],[[[115.5575547,22.6608858],[115.5576003,22.6610788],[115.5577612,22.6610714],[115.5575547,22.6608858]]],[[[115.5574688,22.663898],[115.5576164,22.6638559],[115.5575198,22.6636282],[115.5574688,22.663898]]],[[[115.5573749,22.6626642],[115.5576993,22.6627757],[115.5577666,22.6625491],[115.5573749,22.6626642]]],[[[115.5572811,22.6638485],[115.5573937,22.663945],[115.5573857,22.6638386],[115.5572811,22.6638485]]],[[[115.5570345,22.6609912],[115.5570909,22.662074],[115.5575698,22.6611774],[115.5570345,22.6609912]]],[[[115.5555859,22.8007269],[115.555712,22.8007714],[115.5556315,22.8006181],[115.5555859,22.8007269]]],[[[115.5528652,22.7923049],[115.5531518,22.7921553],[115.5530754,22.7919142],[115.5528652,22.7923049]]],[[[115.5522144,22.7916719],[115.5522519,22.7922159],[115.5526596,22.7919192],[115.5522144,22.7916719]]],[[[115.548985,22.7942806],[115.5492371,22.7944587],[115.5493095,22.7942806],[115.548985,22.7942806]]],[[[115.5489609,22.793111],[115.5489635,22.7932001],[115.5490386,22.7932025],[115.5489609,22.793111]]],[[[115.5478156,22.7935734],[115.5479282,22.7936278],[115.5479041,22.7935388],[115.5478156,22.7935734]]],[[[115.5471611,22.7939691],[115.547263,22.7939592],[115.5472282,22.793843],[115.5471611,22.7939691]]],[[[115.5469787,22.7944735],[115.5472228,22.7942114],[115.547027,22.7941842],[115.5469787,22.7944735]]],[[[115.5458817,22.7776431],[115.5458924,22.7777717],[115.5459809,22.7776035],[115.5458817,22.7776431]]],[[[115.5449756,22.7791282],[115.5458199,22.7783314],[115.5451822,22.7771069],[115.5449756,22.7791282]]],[[[115.5443555,22.7767305],[115.5446398,22.7773488],[115.544849,22.7770372],[115.5443555,22.7767305]]],[[[115.5436412,22.7760953],[115.5441409,22.7755237],[115.5437531,22.7753253],[115.5436412,22.7760953]]],[[[115.5421212,22.7777469],[115.5441195,22.7778434],[115.5434918,22.7763892],[115.5421212,22.7777469]]],[[[115.5394668,22.6572243],[115.5400587,22.6569973],[115.5395052,22.6569121],[115.5394668,22.6572243]]],[[[115.5365905,22.6665067],[115.5368292,22.6663805],[115.5366951,22.6662666],[115.5365905,22.6665067]]],[[[115.5362874,22.6686377],[115.5365127,22.6685437],[115.5363572,22.6684026],[115.5362874,22.6686377]]],[[[115.5345386,22.7654431],[115.5348122,22.7652304],[115.5346674,22.7651265],[115.5345386,22.7654431]]],[[[115.534265,22.7657794],[115.534485,22.7658041],[115.5344474,22.7655717],[115.534265,22.7657794]]],[[[115.5339539,22.7646318],[115.5342114,22.7646368],[115.5340236,22.7644587],[115.5339539,22.7646318]]],[[[115.5337769,22.7648792],[115.5341309,22.7649583],[115.5339861,22.7647604],[115.5337769,22.7648792]]],[[[115.5337501,22.6638881],[115.5338064,22.6640589],[115.5338895,22.6638906],[115.5337501,22.6638881]]],[[[115.533573,22.763964],[115.5339485,22.7642559],[115.5338305,22.7638651],[115.533573,22.763964]]],[[[115.5335478,22.6646145],[115.5338815,22.665237],[115.5345444,22.6640725],[115.5335478,22.6646145]]],[[[115.533278,22.6667319],[115.5333853,22.6666775],[115.5332941,22.6666131],[115.533278,22.6667319]]],[[[115.5330071,22.6652494],[115.533388,22.6650761],[115.5330285,22.6648831],[115.5330071,22.6652494]]],[[[115.5328891,22.6653311],[115.5330312,22.6655093],[115.5333638,22.6653261],[115.5328891,22.6653311]]],[[[115.5323312,22.6677219],[115.5327174,22.6674992],[115.5324841,22.6674497],[115.5323312,22.6677219]]],[[[115.5320039,22.6674546],[115.5322212,22.6674373],[115.5321783,22.6671898],[115.5320039,22.6674546]]],[[[115.5316123,22.7685618],[115.5321864,22.7695412],[115.5325109,22.768537],[115.5316123,22.7685618]]],[[[115.5308962,22.6692243],[115.5310464,22.6692639],[115.5310115,22.6691104],[115.5308962,22.6692243]]],[[[115.5301961,22.6699396],[115.5310813,22.6700559],[115.5307782,22.6691872],[115.5301961,22.6699396]]],[[[115.5127537,22.6726991],[115.51314,22.6731446],[115.513258,22.6727189],[115.5127537,22.6726991]]],[[[115.5105972,22.678619],[115.5110448,22.6790869],[115.5113375,22.6782726],[115.5105972,22.678619]]],[[[115.5089206,22.6807386],[115.5100433,22.680061],[115.5093205,22.6800445],[115.5089206,22.6807386]]],[[[115.5042216,22.6735159],[115.5046937,22.6734367],[115.5042699,22.6730382],[115.5042216,22.6735159]]],[[[115.5034518,22.6736941],[115.5040741,22.6735852],[115.503881,22.6731075],[115.5034518,22.6736941]]],[[[115.5001849,22.6844669],[115.5002922,22.6844669],[115.5002707,22.6843481],[115.5001849,22.6844669]]],[[[115.4997906,22.6840042],[115.4998684,22.6841081],[115.4999408,22.6840314],[115.4997906,22.6840042]]],[[[115.4997423,22.6854494],[115.4998121,22.6857191],[115.5000749,22.6857241],[115.4997423,22.6854494]]],[[[115.4992756,22.6850683],[115.4993615,22.6851425],[115.4994017,22.6850658],[115.4992756,22.6850683]]],[[[115.4948419,22.6665067],[115.4950404,22.6665117],[115.4949009,22.6661949],[115.4948419,22.6665067]]],[[[115.4939353,22.6660018],[115.4941982,22.6662889],[115.4942197,22.6657988],[115.4939353,22.6660018]]],[[[115.4935116,22.667467],[115.4936778,22.6678284],[115.4939783,22.6674918],[115.4935116,22.667467]]],[[[115.4932272,22.6671453],[115.4935491,22.6673334],[115.49371,22.6671948],[115.4932272,22.6671453]]],[[[115.490706,22.668858],[115.4915643,22.6685709],[115.4907918,22.6683234],[115.490706,22.668858]]],[[[115.4846227,22.6343422],[115.484899,22.6345452],[115.485009,22.6341739],[115.4846227,22.6343422]]],[[[115.4845369,22.6348225],[115.4845878,22.6350082],[115.4848292,22.6347581],[115.4845369,22.6348225]]],[[[115.4843572,22.6340451],[115.4844993,22.6343496],[115.4845986,22.63406],[115.4843572,22.6340451]]],[[[115.4840809,22.6344115],[115.4841238,22.6347012],[115.4844242,22.6345477],[115.4840809,22.6344115]]],[[[115.4836249,22.6353077],[115.4840219,22.6354265],[115.4839307,22.6350082],[115.4836249,22.6353077]]],[[[115.4824018,22.6429175],[115.4832441,22.6430215],[115.4824609,22.6424571],[115.4824018,22.6429175]]],[[[115.4821497,22.6357286],[115.4823482,22.6358003],[115.4823965,22.6356617],[115.4821497,22.6357286]]],[[[115.4816213,22.6369205],[115.4816924,22.6370418],[115.4818211,22.636954],[115.4816213,22.6369205]]],[[[115.4815918,22.6366297],[115.4837,22.6378254],[115.4836212,22.6360512],[115.4815918,22.6366297]]],[[[115.481573,22.6372176],[115.4816562,22.6372362],[115.4816173,22.6371396],[115.481573,22.6372176]]],[[[115.4808073,22.6368351],[115.4808435,22.6369589],[115.480983,22.6369168],[115.4808073,22.6368351]]],[[[115.4807791,22.6271503],[115.481042,22.6275093],[115.4813129,22.6270538],[115.4807791,22.6271503]]],[[[115.4802413,22.6360132],[115.4804479,22.6361902],[115.4803768,22.6359613],[115.4802413,22.6360132]]],[[[115.480181,22.6418431],[115.4802883,22.6420461],[115.480358,22.6418729],[115.480181,22.6418431]]],[[[115.4798725,22.6396944],[115.4820746,22.6393973],[115.4806879,22.637006],[115.4798725,22.6396944]]],[[[115.4788667,22.6363586],[115.4799235,22.6366433],[115.4792556,22.6360987],[115.4788667,22.6363586]]],[[[115.4787648,22.6346987],[115.480122,22.6353151],[115.4798833,22.6344759],[115.4787648,22.6346987]]],[[[115.4784939,22.6362101],[115.4786293,22.6365393],[115.4787326,22.6362658],[115.4784939,22.6362101]]],[[[115.4755193,22.6315707],[115.4756735,22.631614],[115.4756333,22.6315014],[115.4755193,22.6315707]]],[[[115.4743874,22.6310917],[115.4815194,22.6291136],[115.477024,22.6285813],[115.4743874,22.6310917]]],[[[115.4741433,22.6302004],[115.4742077,22.6303292],[115.4742211,22.6301286],[115.4741433,22.6302004]]],[[[115.4739851,22.6297325],[115.4742372,22.629782],[115.4740977,22.6296137],[115.4739851,22.6297325]]],[[[115.4729122,22.683727],[115.473792,22.6830984],[115.4733038,22.6824104],[115.4729122,22.683727]]],[[[115.472011,22.6869886],[115.4721236,22.687152],[115.4721451,22.6869837],[115.472011,22.6869886]]],[[[115.4718527,22.6296087],[115.4732652,22.6298566],[115.4719166,22.6291385],[115.4718527,22.6296087]]],[[[115.4717481,22.6859394],[115.4719949,22.6863799],[115.4722255,22.6859394],[115.4717481,22.6859394]]],[[[115.4710186,22.629475],[115.4710883,22.6297994],[115.4713592,22.6294899],[115.4710186,22.629475]]],[[[115.4699832,22.6299256],[115.4703212,22.6300766],[115.4703346,22.629839],[115.4699832,22.6299256]]],[[[115.4693368,22.6302227],[115.469546,22.6305718],[115.4698464,22.6301583],[115.4693368,22.6302227]]],[[[115.469045,22.6294378],[115.4702282,22.6295939],[115.4698643,22.6283893],[115.469045,22.6294378]]],[[[115.4686394,22.6894237],[115.4688969,22.6895598],[115.4689667,22.6894361],[115.4686394,22.6894237]]],[[[115.4592624,22.6954246],[115.4593161,22.6956262],[115.4594663,22.6953812],[115.4592624,22.6954246]]],[[[115.451484,22.700418],[115.4518086,22.7004304],[115.4519078,22.6999553],[115.451484,22.700418]]],[[[115.4451392,22.6624884],[115.4454772,22.662533],[115.4453645,22.6623746],[115.4451392,22.6624884]]],[[[115.4438049,22.6608152],[115.4440302,22.6611605],[115.4445221,22.6606838],[115.4438049,22.6608152]]],[[[115.4435071,22.6607203],[115.4436979,22.6607761],[115.4437713,22.6604155],[115.4435071,22.6607203]]],[[[115.4379362,22.6694668],[115.4379657,22.6695757],[115.4380837,22.6694965],[115.4379362,22.6694668]]],[[[115.4378235,22.6697168],[115.4401759,22.6719492],[115.4405594,22.6716943],[115.4378235,22.6697168]]],[[[115.4369652,22.6691401],[115.4376626,22.6696178],[115.4374185,22.6691574],[115.4369652,22.6691401]]],[[[115.4327247,22.6679398],[115.4328194,22.6692825],[115.4336069,22.6679871],[115.4327247,22.6679398]]],[[[115.4317591,22.6572386],[115.4318717,22.6572733],[115.4319254,22.6570307],[115.4317591,22.6572386]]],[[[115.4316062,22.6578896],[115.4318825,22.6577658],[115.4317028,22.6574465],[115.4316062,22.6578896]]],[[[115.4313594,22.6668099],[115.431519,22.6669832],[115.4316075,22.666894],[115.4313594,22.6668099]]],[[[115.4309893,22.6824104],[115.4314291,22.6822817],[115.4310536,22.6819848],[115.4309893,22.6824104]]],[[[115.4308207,22.6679031],[115.430914,22.6688086],[115.4316701,22.6679367],[115.4308207,22.6679031]]],[[[115.4307693,22.6576916],[115.4308686,22.6577819],[115.4309678,22.6576235],[115.4307693,22.6576916]]],[[[115.4305373,22.6574799],[115.4308699,22.6574601],[115.4306393,22.6572868],[115.4305373,22.6574799]]],[[[115.4304689,22.6634549],[115.4306835,22.6633188],[115.4304716,22.6633337],[115.4304689,22.6634549]]],[[[115.4301672,22.6634747],[115.4303455,22.6634525],[115.4301779,22.6633497],[115.4301672,22.6634747]]],[[[115.4292445,22.6647172],[115.4293384,22.6647086],[115.4292633,22.6646257],[115.4292445,22.6647172]]],[[[115.4283191,22.6645452],[115.4283392,22.6645997],[115.4283889,22.6645229],[115.4283191,22.6645452]]],[[[115.428197,22.6572374],[115.4284653,22.657376],[115.4284465,22.657069],[115.428197,22.6572374]]],[[[115.4280294,22.6655847],[115.4280549,22.6658793],[115.4282802,22.6657667],[115.4280294,22.6655847]]],[[[115.4279731,22.6646653],[115.428189,22.6647457],[115.428244,22.6646294],[115.4279731,22.6646653]]],[[[115.4274783,22.6568562],[115.4275212,22.6569477],[115.4275588,22.6567992],[115.4274783,22.6568562]]],[[[115.4274085,22.6603635],[115.4274166,22.6607546],[115.4276177,22.6607472],[115.4274085,22.6603635]]],[[[115.4269874,22.6569032],[115.4272154,22.6571631],[115.4272797,22.6568586],[115.4269874,22.6569032]]],[[[115.4260057,22.6638658],[115.4261063,22.6639326],[115.4260929,22.6638089],[115.4260057,22.6638658]]],[[[115.4257885,22.6665389],[115.4262739,22.6660414],[115.4259306,22.6659622],[115.4257885,22.6665389]]],[[[115.4254198,22.6570804],[115.428417,22.6613833],[115.431417,22.6580762],[115.4254198,22.6570804]]],[[[115.4252279,22.6688827],[115.4254961,22.6688159],[115.4252735,22.6686971],[115.4252279,22.6688827]]],[[[115.4252145,22.6652568],[115.4265261,22.6642866],[115.4254009,22.6637148],[115.4252145,22.6652568]]],[[[115.4247424,22.6697836],[115.4248497,22.6697911],[115.4248148,22.6697416],[115.4247424,22.6697836]]],[[[115.4246767,22.6640144],[115.4248148,22.6642062],[115.4248872,22.6640032],[115.4246767,22.6640144]]],[[[115.4246002,22.6686204],[115.4246056,22.6689025],[115.4247692,22.6686427],[115.4246002,22.6686204]]],[[[115.4241986,22.6573456],[115.4242194,22.6573945],[115.424271,22.6573252],[115.4241986,22.6573456]]],[[[115.4240021,22.6689322],[115.4240718,22.6689694],[115.4241014,22.6689001],[115.4240021,22.6689322]]],[[[115.4237034,22.668236],[115.42398,22.66867],[115.4242699,22.6679],[115.4237034,22.668236]]],[[[115.4235461,22.6702266],[115.4236239,22.6702489],[115.4236132,22.67014],[115.4235461,22.6702266]]],[[[115.4232745,22.6707991],[115.4237826,22.6717388],[115.4250474,22.6712817],[115.4232745,22.6707991]]],[[[115.4229748,22.6714493],[115.423184,22.6713899],[115.4230365,22.6713156],[115.4229748,22.6714493]]],[[[115.3062102,22.7938257],[115.3063564,22.7938479],[115.3062733,22.7937774],[115.3062102,22.7938257]]],[[[115.2694076,22.7907273],[115.2704966,22.7908905],[115.2698261,22.7905097],[115.2694076,22.7907273]]],[[[115.2606878,22.7885648],[115.2607428,22.7884783],[115.2606985,22.7884548],[115.2606878,22.7885648]]],[[[115.2605604,22.7885166],[115.2606153,22.788571],[115.2606355,22.7885153],[115.2605604,22.7885166]]],[[[115.2604866,22.7886823],[115.2605805,22.7887119],[115.260606,22.7886353],[115.2604866,22.7886823]]],[[[115.2604142,22.7885895],[115.2604263,22.7886588],[115.2604651,22.7886118],[115.2604142,22.7885895]]],[[[115.2603337,22.7880517],[115.2604571,22.7881024],[115.2604088,22.7879923],[115.2603337,22.7880517]]],[[[115.2603056,22.7884473],[115.2603458,22.7885104],[115.2603887,22.7884634],[115.2603056,22.7884473]]],[[[115.2602988,22.7883979],[115.2603807,22.7884127],[115.2603444,22.7883398],[115.2602988,22.7883979]]],[[[115.2602586,22.7886155],[115.2603511,22.7886093],[115.2603015,22.7885104],[115.2602586,22.7886155]]],[[[115.2601486,22.7885982],[115.2602318,22.7885871],[115.2602412,22.7884572],[115.2601486,22.7885982]]],[[[115.2600749,22.7879478],[115.2601446,22.7879862],[115.2601218,22.7879021],[115.2600749,22.7879478]]],[[[115.2600092,22.7884968],[115.2600642,22.7885364],[115.2600789,22.7884894],[115.2600092,22.7884968]]],[[[115.2585085,22.7882829],[115.2585608,22.7883076],[115.258597,22.7881778],[115.2585085,22.7882829]]],[[[115.2583489,22.7880257],[115.2584508,22.7882767],[115.2584521,22.7879973],[115.2583489,22.7880257]]],[[[115.2581665,22.7882767],[115.2582161,22.7883571],[115.2583314,22.7882643],[115.2581665,22.7882767]]],[[[115.2579452,22.7881011],[115.2581625,22.7882297],[115.258074,22.7880616],[115.2579452,22.7881011]]],[[[115.2578379,22.7883682],[115.2579345,22.7884399],[115.2579036,22.7883311],[115.2578379,22.7883682]]],[[[115.2578124,22.7878811],[115.257858,22.7880838],[115.2580445,22.7879565],[115.2578124,22.7878811]]],[[[115.254744,22.7868932],[115.2548271,22.7868969],[115.2547976,22.7867794],[115.254744,22.7868932]]],[[[115.2544637,22.7867349],[115.2546474,22.7867522],[115.2544825,22.7866768],[115.2544637,22.7867349]]],[[[115.2543095,22.7867003],[115.2543712,22.7867386],[115.2543591,22.7866582],[115.2543095,22.7867003]]],[[[115.2541727,22.786589],[115.2543068,22.7866533],[115.2543363,22.786542],[115.2541727,22.786589]]],[[[115.251638,22.78296],[115.2517131,22.7829711],[115.251693,22.7828932],[115.251638,22.78296]]],[[[115.2516098,22.7827238],[115.252035,22.7826138],[115.251689,22.7825359],[115.2516098,22.7827238]]],[[[115.2511404,22.7846688],[115.2511995,22.784743],[115.2512544,22.7847232],[115.2511404,22.7846688]]],[[[115.2510653,22.7860932],[115.2512223,22.7863256],[115.2514087,22.7862378],[115.2510653,22.7860932]]],[[[115.2508387,22.7846812],[115.2509245,22.7847009],[115.2508655,22.7846317],[115.2508387,22.7846812]]],[[[115.2506053,22.7825767],[115.2511686,22.7834088],[115.2515817,22.782866],[115.2506053,22.7825767]]],[[[115.2505115,22.7829823],[115.2507341,22.7829612],[115.2505718,22.782871],[115.2505115,22.7829823]]],[[[115.2494681,22.7828116],[115.2499053,22.782866],[115.249562,22.7824036],[115.2494681,22.7828116]]],[[[115.2488002,22.7842051],[115.2488539,22.7842855],[115.248929,22.7841495],[115.2488002,22.7842051]]],[[[115.2484193,22.7823121],[115.2491114,22.7823109],[115.2485481,22.7821291],[115.2484193,22.7823121]]],[[[115.2482383,22.7842917],[115.2483845,22.784356],[115.2483912,22.7841693],[115.2482383,22.7842917]]],[[[115.2478507,22.7818682],[115.2478628,22.7823442],[115.2484193,22.7821872],[115.2478507,22.7818682]]],[[[115.2316435,22.7817427],[115.2317394,22.7817977],[115.2317635,22.7817241],[115.2316435,22.7817427]]],[[[115.2314088,22.7819918],[115.2314785,22.7820462],[115.2315094,22.7819906],[115.2314088,22.7819918]]],[[[115.2311593,22.781705],[115.2312264,22.7816685],[115.231168,22.7816543],[115.2311593,22.781705]]],[[[115.2310815,22.7814972],[115.2311211,22.7815943],[115.2311654,22.7815078],[115.2310815,22.7814972]]],[[[115.230765,22.7812506],[115.2309515,22.78136],[115.2308985,22.7812419],[115.230765,22.7812506]]],[[[115.229833,22.781883],[115.2299604,22.7818639],[115.2299242,22.7816636],[115.229833,22.781883]]],[[[115.2298256,22.7826663],[115.2298564,22.7827232],[115.2298853,22.7826243],[115.2298256,22.7826663]]],[[[115.229772,22.7827591],[115.2298196,22.7827139],[115.2297773,22.7826948],[115.229772,22.7827591]]],[[[115.2297197,22.7820685],[115.2298189,22.7819949],[115.2297626,22.7819306],[115.2297197,22.7820685]]],[[[115.2293998,22.7832054],[115.2294501,22.7832574],[115.2294769,22.7832141],[115.2293998,22.7832054]]],[[[115.2291926,22.7833408],[115.2292731,22.7834589],[115.2294595,22.7832809],[115.2291926,22.7833408]]],[[[115.2290343,22.7834985],[115.2292194,22.7835158],[115.2290719,22.7832945],[115.2290343,22.7834985]]],[[[115.228345,22.7846904],[115.2283725,22.7847294],[115.2284013,22.7847046],[115.228345,22.7846904]]],[[[115.2283088,22.7854026],[115.2284329,22.7854032],[115.2283276,22.7853649],[115.2283088,22.7854026]]],[[[115.2282511,22.7855733],[115.2283685,22.7856468],[115.2284094,22.7855683],[115.2282511,22.7855733]]],[[[115.2281995,22.7857569],[115.2282518,22.7858063],[115.228284,22.7857618],[115.2281995,22.7857569]]],[[[115.2280151,22.7864233],[115.228056,22.7865037],[115.2280909,22.7863578],[115.2280151,22.7864233]]]]}},{"type":"Feature","properties":{"name":"河源市","osm_relation":3241970},"geometry":{"type":"MultiPolygon","coordinates":[[[[114.2362046,24.426149],[114.2448053,24.4348916],[114.2523909,24.4367754],[114.2611591,24.4446148],[114.2792916,24.456799],[114.2777252,24.4621117],[114.2860722,24.4663109],[114.2876065,24.4723555],[114.2984962,24.4734199],[114.3085492,24.4817979],[114.3006098,24.4846246],[114.2927563,24.4941686],[114.2830253,24.5011979],[114.2737341,24.5164562],[114.2768776,24.5216101],[114.2739921,24.5275606],[114.2664063,24.5328447],[114.2687446,24.5365653],[114.2839794,24.540832],[114.2828937,24.5478761],[114.2882761,24.554829],[114.3055676,24.561396],[114.3034369,24.5769067],[114.3184514,24.5821875],[114.3264041,24.5799333],[114.3342536,24.5866956],[114.3460277,24.5800273],[114.34138,24.5878226],[114.3515017,24.5933636],[114.3493328,24.586226],[114.3583183,24.5858503],[114.3612102,24.5802151],[114.3708154,24.5764581],[114.3762894,24.5657502],[114.3862206,24.5654447],[114.3822509,24.5507096],[114.3842894,24.537066],[114.3983656,24.5314051],[114.4011551,24.5206096],[114.3969065,24.5011833],[114.4059133,24.5052689],[114.4092607,24.500661],[114.4171572,24.4995675],[114.4236374,24.4888474],[114.4373703,24.5013053],[114.4464254,24.5030821],[114.4648361,24.5133519],[114.4741273,24.5311562],[114.48771,24.5370708],[114.4954348,24.5364852],[114.4992113,24.5440978],[114.5068502,24.5450347],[114.5224285,24.5549498],[114.5298099,24.5622099],[114.5421803,24.5458057],[114.5580161,24.5404184],[114.5680658,24.5452283],[114.5859604,24.5398083],[114.5913504,24.5455619],[114.5956688,24.5564638],[114.6064566,24.5688258],[114.6220778,24.5797537],[114.6316908,24.573041],[114.660038,24.5865679],[114.667903,24.576938],[114.664917,24.5753441],[114.6813621,24.5424187],[114.6953772,24.5400965],[114.700408,24.5289887],[114.7049826,24.5352865],[114.7139062,24.5570378],[114.7218576,24.5526758],[114.7280903,24.5654644],[114.733316,24.5679492],[114.7280729,24.5780447],[114.7311806,24.586645],[114.725599,24.5953038],[114.7278385,24.6027582],[114.7250868,24.6118164],[114.7278038,24.6152582],[114.7420226,24.616046],[114.7478733,24.6191102],[114.7641927,24.6086372],[114.7733854,24.6098003],[114.7778993,24.6161545],[114.7873958,24.6108095],[114.7912326,24.6050846],[114.7994444,24.6083181],[114.815191,24.5946224],[114.8216319,24.5912218],[114.8281427,24.5993258],[114.8419705,24.6054492],[114.8545486,24.600293],[114.8496094,24.58551],[114.8570052,24.5703082],[114.8643924,24.5653733],[114.8782726,24.5722439],[114.8820226,24.5833095],[114.8886806,24.585395],[114.8891927,24.5940017],[114.8972569,24.6109874],[114.8939149,24.6260438],[114.901224,24.635599],[114.8980903,24.6415061],[114.903724,24.647053],[114.905,24.6646029],[114.9150174,24.6701563],[114.9321354,24.6684722],[114.9327604,24.6549284],[114.9407031,24.6536068],[114.9505208,24.6584006],[114.9576302,24.6681402],[114.9741406,24.6761784],[114.9864497,24.6762435],[114.9990104,24.6820443],[115.0030122,24.6752778],[115.0120747,24.6765842],[115.0199392,24.6719444],[115.0259635,24.680918],[115.0417014,24.6915017],[115.0405816,24.7006793],[115.0470226,24.7040256],[115.0498726,24.7126539],[115.0516357,24.7063621],[115.0688096,24.7071032],[115.0688524,24.7018068],[115.0785873,24.7029548],[115.0831906,24.6944296],[115.0816735,24.6899836],[115.0871652,24.6833241],[115.0925119,24.6843683],[115.0909474,24.6768162],[115.0985546,24.6770492],[115.0999623,24.6704963],[115.1067197,24.6741896],[115.1133864,24.6683882],[115.1180603,24.6736798],[115.1204113,24.6836894],[115.1347517,24.6847364],[115.1440842,24.6924638],[115.1501641,24.6914185],[115.1685809,24.6983084],[115.190191,24.6947222],[115.1831597,24.6999523],[115.1793837,24.714197],[115.1952517,24.7164648],[115.2115104,24.7233615],[115.2196788,24.7292491],[115.2288802,24.7263542],[115.242717,24.7345247],[115.2540625,24.7316732],[115.2635417,24.7446267],[115.265026,24.7522526],[115.2736372,24.7569922],[115.3017361,24.7614909],[115.3170139,24.7515256],[115.3340017,24.751849],[115.3534722,24.7378754],[115.3587326,24.7420551],[115.3577517,24.760178],[115.3674653,24.7771246],[115.3725,24.7742535],[115.3843837,24.7770725],[115.3961892,24.7930339],[115.4078559,24.7955317],[115.4459115,24.7690191],[115.4606944,24.769987],[115.4737587,24.7639041],[115.477934,24.7524718],[115.4952083,24.74398],[115.4915885,24.7363086],[115.5016927,24.727806],[115.5030295,24.7193707],[115.5188455,24.720447],[115.5230642,24.7155078],[115.5182813,24.7059462],[115.5294358,24.6949284],[115.5376215,24.6932487],[115.5514757,24.6856749],[115.5504774,24.674796],[115.5549219,24.6639366],[115.554783,24.6460091],[115.5414845,24.6409075],[115.5242273,24.6374351],[115.5159467,24.6313974],[115.5164336,24.6222073],[115.5056878,24.609513],[115.5001752,24.6058764],[115.5054703,24.5941219],[115.5058328,24.5862415],[115.5101698,24.5795903],[115.5045181,24.5754289],[115.4925326,24.5729285],[115.4858779,24.5663278],[115.4789581,24.5651725],[115.4791831,24.5544619],[115.4827022,24.5461083],[115.4802131,24.5383007],[115.4855291,24.5254042],[115.4824447,24.5133911],[115.4878195,24.5113188],[115.4894868,24.4973259],[115.4997444,24.4959962],[115.5116922,24.4977968],[115.5256175,24.4930068],[115.5337847,24.4844565],[115.5392209,24.487855],[115.5492575,24.4873596],[115.5449524,24.4767857],[115.546398,24.4722364],[115.5552998,24.4728829],[115.5574001,24.4798875],[115.5680179,24.4801185],[115.5716228,24.4723068],[115.5704193,24.4622229],[115.5848352,24.4661869],[115.5884456,24.4644164],[115.58111,24.4495911],[115.570776,24.44465],[115.5681093,24.4397972],[115.5693054,24.4309355],[115.5775306,24.4258554],[115.5792192,24.4142884],[115.5713459,24.3988049],[115.562813,24.3913694],[115.5529084,24.3886505],[115.5496792,24.3816543],[115.5498184,24.3692624],[115.5461988,24.362843],[115.5480131,24.3363115],[115.5557556,24.3319535],[115.5545231,24.327943],[115.5601917,24.3195754],[115.5589504,24.3159663],[115.5670578,24.3129068],[115.5631258,24.2982214],[115.5730474,24.2933029],[115.5762326,24.280534],[115.5720834,24.2730651],[115.5802785,24.2620402],[115.5875963,24.2582533],[115.5861811,24.2458463],[115.5732379,24.2452216],[115.573056,24.2400656],[115.5661812,24.2387004],[115.5686029,24.2300826],[115.5668144,24.2071836],[115.55948,24.2037351],[115.5530557,24.2092295],[115.5465104,24.2014061],[115.5333855,24.1956208],[115.5340714,24.1824574],[115.5380389,24.1821071],[115.5405816,24.1731317],[115.5266581,24.1786483],[115.5158245,24.1855234],[115.5104088,24.1935446],[115.4987673,24.1903414],[115.5055042,24.178308],[115.5022226,24.1687523],[115.5074487,24.1649595],[115.5055998,24.1596058],[115.5116666,24.1554412],[115.5160941,24.1461135],[115.505061,24.1431686],[115.5171701,24.1399071],[115.5174746,24.1316476],[115.5278644,24.1253671],[115.5274655,24.120408],[115.5327171,24.1116582],[115.5248435,24.1013108],[115.5083601,24.1018084],[115.5035422,24.1078905],[115.4955644,24.131105],[115.4894882,24.1250043],[115.4788893,24.1261698],[115.475157,24.1334225],[115.4793318,24.140282],[115.4764322,24.1458271],[115.4685161,24.1448333],[115.4583425,24.1326851],[115.4482993,24.1281365],[115.4418494,24.1331206],[115.4372743,24.1270186],[115.4437244,24.1153496],[115.4420663,24.1111529],[115.4324998,24.1065892],[115.4310503,24.0966491],[115.4239584,24.0792778],[115.417066,24.0781577],[115.4126996,24.0707971],[115.41961,24.0645988],[115.421094,24.0564646],[115.4405732,24.0408898],[115.4419795,24.0325046],[115.4390708,24.020925],[115.4449047,24.0150587],[115.4435937,24.005065],[115.4476998,23.9998876],[115.4414931,23.9961767],[115.4475002,23.9865107],[115.4482811,23.9695743],[115.4291581,23.9599367],[115.4237589,23.9520836],[115.420165,23.9563132],[115.4090278,23.9560719],[115.4034807,23.9530987],[115.406814,23.9423737],[115.395642,23.9304856],[115.3985246,23.9121548],[115.3957727,23.9047956],[115.3864667,23.8991838],[115.3868145,23.884384],[115.3768225,23.8828278],[115.3738019,23.8701304],[115.3669012,23.867682],[115.3672832,23.8600277],[115.371432,23.8535172],[115.3673787,23.8501971],[115.3552164,23.8490887],[115.3494613,23.8449169],[115.3481595,23.8351429],[115.3513457,23.8315382],[115.344818,23.821004],[115.3547745,23.8161734],[115.3534983,23.8086651],[115.3581852,23.8067159],[115.3457204,23.8031938],[115.3527516,23.7939708],[115.3476822,23.7930622],[115.3443224,23.7850607],[115.3262236,23.7748518],[115.3122743,23.7641529],[115.3134284,23.7578641],[115.3210504,23.7601625],[115.3417962,23.7587429],[115.3430289,23.756391],[115.3606071,23.7627272],[115.3674217,23.7612932],[115.3654162,23.7676797],[115.3822481,23.7806486],[115.387734,23.7793274],[115.3943743,23.7711499],[115.3779773,23.7506071],[115.3827611,23.7443083],[115.383481,23.7369228],[115.3897828,23.7347702],[115.3986203,23.7267822],[115.4075351,23.7254142],[115.4066929,23.7099764],[115.4023785,23.7057791],[115.4152086,23.6985183],[115.426094,23.696927],[115.424627,23.7012194],[115.4385333,23.7057815],[115.4410336,23.711994],[115.4490796,23.7091304],[115.4521184,23.6987264],[115.4467192,23.6829823],[115.4476995,23.6658251],[115.4439155,23.6653339],[115.4415195,23.6537887],[115.4369276,23.645527],[115.4276999,23.6401278],[115.4312764,23.6324242],[115.4259725,23.6296655],[115.4260677,23.6126256],[115.421554,23.6092149],[115.4264238,23.602587],[115.423776,23.5835247],[115.4328217,23.5741126],[115.4316846,23.5641905],[115.4454168,23.5583852],[115.4381685,23.5454453],[115.4325434,23.541966],[115.4365626,23.5320396],[115.4303295,23.536747],[115.4310941,23.5287149],[115.427613,23.5185508],[115.43566,23.5033786],[115.4276044,23.4983143],[115.4134381,23.4983707],[115.4092884,23.4926192],[115.411823,23.4865174],[115.4214062,23.4855297],[115.4235847,23.4818969],[115.421215,23.4708465],[115.4279076,23.4712891],[115.4356946,23.4503732],[115.4321616,23.4419961],[115.4352257,23.4370939],[115.4305647,23.4340469],[115.4338891,23.4293509],[115.4444015,23.4272853],[115.4499571,23.42059],[115.4494879,23.4073609],[115.4551567,23.4026957],[115.4520482,23.3862517],[115.4590023,23.3779228],[115.470582,23.3761763],[115.4659549,23.3693515],[115.4659727,23.3588867],[115.4707723,23.3359703],[115.46645,23.3300624],[115.4727168,23.3264479],[115.4811371,23.3284309],[115.4934722,23.3237174],[115.4809371,23.31778],[115.4634897,23.313926],[115.4534724,23.3148694],[115.4552947,23.3031405],[115.4474127,23.2956511],[115.4540795,23.2910152],[115.4407469,23.2821988],[115.4329774,23.2844401],[115.4189498,23.2796067],[115.4258854,23.2730619],[115.4131861,23.2577218],[115.4142965,23.2462129],[115.3984373,23.2525371],[115.396406,23.2788673],[115.3899477,23.2907445],[115.3795136,23.2923005],[115.3713365,23.2997572],[115.3723179,23.3053295],[115.3610504,23.3022703],[115.358038,23.3078495],[115.3432553,23.3110438],[115.3406769,23.3194703],[115.3299568,23.3248963],[115.3059719,23.3105233],[115.3027082,23.3236875],[115.298802,23.327192],[115.3020049,23.3469401],[115.2982723,23.352379],[115.303021,23.3625561],[115.2907814,23.3598655],[115.2812933,23.3698674],[115.2759547,23.3709008],[115.2727865,23.3784502],[115.2602255,23.3870184],[115.2565804,23.3831363],[115.2442879,23.3834595],[115.2360247,23.3793253],[115.2302523,23.3822002],[115.2306422,23.3879424],[115.2209893,23.3846576],[115.2169098,23.3870117],[115.2098964,23.3816128],[115.2003304,23.3800459],[115.1928036,23.3833079],[115.1847134,23.3791232],[115.171467,23.3835066],[115.1636725,23.3798096],[115.1642191,23.3712672],[115.1564498,23.3698112],[115.1525873,23.3648074],[115.1363799,23.3632339],[115.1173524,23.3705862],[115.1084635,23.3619664],[115.0953036,23.3583791],[115.0826301,23.3463039],[115.0732987,23.3473421],[115.0667186,23.335616],[115.0563545,23.3337912],[115.0512587,23.3236354],[115.0428129,23.3236197],[115.0318755,23.3305341],[115.0089329,23.3325459],[115.0023613,23.3349411],[115.0026389,23.3270531],[114.9921875,23.3164065],[114.9874308,23.2994102],[114.9733937,23.2970491],[114.9664493,23.3051734],[114.9717105,23.3195967],[114.9663459,23.3163567],[114.9569882,23.3294922],[114.9434633,23.3323745],[114.9492715,23.3464371],[114.9396178,23.3529425],[114.91867,23.3413546],[114.9084881,23.3415647],[114.9107535,23.3339758],[114.9108664,23.3188345],[114.914529,23.317635],[114.9072463,23.298729],[114.9072377,23.2773421],[114.8903626,23.2577108],[114.8943554,23.2494701],[114.8751103,23.2439563],[114.8753101,23.2352364],[114.8713784,23.2256812],[114.8553624,23.2138438],[114.8573413,23.2026759],[114.8627056,23.2004388],[114.8642684,23.1911783],[114.8523504,23.1802541],[114.8526452,23.1754344],[114.8458136,23.1680465],[114.8400499,23.1671814],[114.836612,23.1726279],[114.8298246,23.1745594],[114.8144423,23.1937545],[114.799608,23.2024979],[114.7978106,23.208247],[114.7816827,23.2097768],[114.782481,23.2206209],[114.7782537,23.227225],[114.7812655,23.236821],[114.7885925,23.2423551],[114.787247,23.2533428],[114.7821421,23.2592048],[114.7821515,23.2689247],[114.7755023,23.2684251],[114.7744947,23.2777674],[114.7684879,23.2764051],[114.7638966,23.2820107],[114.7677934,23.2916482],[114.7748948,23.2975141],[114.771952,23.3160727],[114.7569515,23.3172324],[114.7545824,23.3262276],[114.7491917,23.331475],[114.741883,23.3330629],[114.7322301,23.3310081],[114.7304161,23.3369781],[114.7228894,23.3302591],[114.7227077,23.3409497],[114.7111445,23.3505223],[114.7151905,23.3612297],[114.6928291,23.3688669],[114.6990791,23.3701951],[114.6959452,23.3789167],[114.6955457,23.3918851],[114.6885753,23.3961866],[114.691822,23.4015398],[114.7028554,23.4068787],[114.6913952,23.4098663],[114.6814496,23.4162036],[114.661033,23.4123718],[114.6553812,23.4060091],[114.6482722,23.4146262],[114.6441407,23.4061733],[114.646102,23.3996372],[114.63763,23.4018231],[114.6355895,23.4067102],[114.629101,23.4074982],[114.626691,23.4142551],[114.6320863,23.4157541],[114.6468921,23.428902],[114.6595066,23.4474819],[114.6668671,23.4542713],[114.6905885,23.4626603],[114.6939245,23.4657491],[114.6930612,23.4749779],[114.6855563,23.4800232],[114.6782663,23.4972023],[114.680884,23.5117106],[114.6926039,23.5229722],[114.6928585,23.5315325],[114.6851452,23.5351073],[114.6694006,23.5313838],[114.6593292,23.5352722],[114.6550507,23.5422326],[114.6540902,23.5554607],[114.6509895,23.5654899],[114.6350526,23.5591643],[114.6322229,23.5513309],[114.6204953,23.552179],[114.6178817,23.5466411],[114.6190108,23.5319918],[114.6149307,23.5310922],[114.6021183,23.5396231],[114.6067712,23.5469209],[114.5960334,23.557984],[114.5784904,23.5662551],[114.5744184,23.5642731],[114.5630563,23.5734509],[114.5629436,23.5823013],[114.5500175,23.5928739],[114.5523879,23.5992172],[114.5458249,23.6080214],[114.5491934,23.6101788],[114.5524744,23.624955],[114.5411986,23.6344601],[114.5349397,23.6442392],[114.5338288,23.6537748],[114.5261549,23.6638761],[114.5258516,23.6693103],[114.5157213,23.6710799],[114.5120496,23.6852357],[114.5079347,23.6911277],[114.4887161,23.7017632],[114.4682652,23.7058324],[114.4450269,23.6963399],[114.4351225,23.6899972],[114.419281,23.6995784],[114.4164077,23.7123602],[114.4110863,23.714532],[114.4004009,23.7106244],[114.3951834,23.7144453],[114.3942377,23.7222884],[114.3836129,23.7417131],[114.377215,23.7418888],[114.3736031,23.747127],[114.3649575,23.7338225],[114.3638291,23.7279546],[114.3555653,23.731117],[114.3503926,23.7385125],[114.3545938,23.7429916],[114.3523092,23.7500742],[114.3365715,23.7540975],[114.3368495,23.7628084],[114.3330036,23.7731516],[114.3418055,23.7861249],[114.3434904,23.7954647],[114.3377956,23.7998615],[114.3360335,23.8103581],[114.3277002,23.8111812],[114.3219883,23.83497],[114.3252089,23.8429306],[114.3252959,23.8555278],[114.3388633,23.8690959],[114.3513373,23.8721277],[114.3411381,23.880934],[114.3439109,23.8898882],[114.3538899,23.8969431],[114.3577187,23.9036871],[114.3549028,23.9126185],[114.3641655,23.9170261],[114.3621789,23.9198977],[114.3655321,23.9299064],[114.3758194,23.9312904],[114.3772813,23.9356025],[114.372192,23.9494516],[114.3819762,23.9596306],[114.3785626,23.9630883],[114.3799428,23.9706293],[114.3843641,23.9734381],[114.3778525,23.9859106],[114.3806309,23.9972311],[114.3893861,23.9968515],[114.3809058,24.002843],[114.3841095,24.0148996],[114.3907326,24.0163819],[114.3937187,24.0214856],[114.3874921,24.025157],[114.3965445,24.0296715],[114.4104958,24.0293474],[114.4158539,24.0199108],[114.4195144,24.0366666],[114.4377016,24.0356896],[114.4360468,24.0477715],[114.4307915,24.0530017],[114.4327743,24.065046],[114.4377645,24.0714707],[114.4554278,24.0789054],[114.4579926,24.0772477],[114.4731474,24.0846555],[114.4793556,24.0995409],[114.4904575,24.1074132],[114.4852464,24.1182146],[114.492471,24.1200867],[114.5034831,24.1088814],[114.5099733,24.1113567],[114.5107422,24.1224124],[114.5225891,24.1306232],[114.5226681,24.1374965],[114.5309855,24.1416067],[114.528621,24.1368896],[114.5322115,24.1255909],[114.5407646,24.1346456],[114.5524817,24.126586],[114.5532671,24.1343175],[114.5617887,24.1380737],[114.5575448,24.1440647],[114.5546116,24.1555225],[114.5639716,24.1622271],[114.5787111,24.1630914],[114.591523,24.1673915],[114.596119,24.1805033],[114.5826518,24.1942279],[114.5875667,24.2067465],[114.5952725,24.21412],[114.5889992,24.2205561],[114.5874751,24.2292569],[114.5788834,24.2321151],[114.573011,24.2302415],[114.5615217,24.2350752],[114.5598713,24.2443189],[114.553667,24.250072],[114.5473781,24.2418939],[114.5460112,24.2342306],[114.5364342,24.2256881],[114.5210271,24.2234173],[114.495708,24.1981636],[114.4854384,24.1936491],[114.4763434,24.17353],[114.4679773,24.1671318],[114.4672035,24.1748031],[114.461662,24.1756304],[114.453668,24.1706755],[114.4576686,24.1640679],[114.4659322,24.1649342],[114.4654042,24.1474382],[114.458742,24.1446347],[114.469598,24.138162],[114.4723591,24.1265105],[114.479007,24.120346],[114.4727205,24.1145375],[114.4668159,24.1172381],[114.4597191,24.1135451],[114.4414926,24.1241201],[114.4342301,24.1248014],[114.4264788,24.1368193],[114.4221089,24.1207267],[114.4113946,24.1275053],[114.4150326,24.141],[114.3958919,24.1414959],[114.3897325,24.1444942],[114.3818858,24.1409315],[114.3749376,24.1421723],[114.3652525,24.1325561],[114.3493922,24.1457457],[114.3431566,24.1450107],[114.3319777,24.1321393],[114.3314817,24.1272428],[114.3231531,24.1299654],[114.3238712,24.1404202],[114.3172927,24.1427821],[114.3156624,24.1491597],[114.3091722,24.1511674],[114.3003074,24.169991],[114.286759,24.1774154],[114.2845774,24.1851372],[114.2934258,24.1987174],[114.2931649,24.2049769],[114.2757393,24.2147108],[114.2693416,24.2139789],[114.2682654,24.2315225],[114.2646694,24.2343686],[114.2598024,24.2492748],[114.2513857,24.2526188],[114.2483359,24.2594576],[114.2524559,24.2615764],[114.269849,24.2604164],[114.2685657,24.2645094],[114.2484173,24.2644974],[114.2549907,24.2733951],[114.2616434,24.2738839],[114.2578746,24.2831464],[114.2760515,24.3054547],[114.2756224,24.3174466],[114.267858,24.3254169],[114.2739272,24.3378886],[114.2837763,24.3440274],[114.2891758,24.353862],[114.277457,24.3663122],[114.2576414,24.3663866],[114.248258,24.3634659],[114.2433908,24.3682606],[114.2472017,24.3708664],[114.2443156,24.3846844],[114.2511118,24.4037713],[114.2406971,24.414178],[114.2362046,24.426149]]]]}},{"type":"Feature","properties":{"name":"阳江市","osm_relation":3032037},"geometry":{"type":"MultiPolygon","coordinates":[[[[111.2780289,21.9895269],[111.2826306,22.0027803],[111.2953038,22.008713],[111.3008595,22.0145791],[111.2995405,22.0326735],[111.2908251,22.0341493],[111.2844358,22.0408897],[111.2803041,22.0502277],[111.2834465,22.061072],[111.2955906,22.0667711],[111.2935677,22.0727347],[111.301042,22.0818661],[111.2995143,22.0871419],[111.3119098,22.0853409],[111.3076303,22.091061],[111.3128644,22.0997804],[111.322083,22.1057468],[111.3193316,22.1161153],[111.3323528,22.1211676],[111.3360507,22.127001],[111.3349741,22.1346832],[111.3268231,22.1427108],[111.3303211,22.1541648],[111.3292704,22.1627581],[111.3241497,22.1670815],[111.323082,22.1760958],[111.3454599,22.1862086],[111.3488798,22.1960371],[111.343533,22.1983114],[111.3459814,22.2056946],[111.3408937,22.2142117],[111.3509459,22.2261258],[111.355269,22.236654],[111.3658418,22.2406294],[111.3715885,22.2458227],[111.3759038,22.2436673],[111.3832722,22.2539796],[111.3914674,22.2536764],[111.4114239,22.2666686],[111.4146785,22.2738021],[111.4274647,22.2788604],[111.4481946,22.2730233],[111.453464,22.2745506],[111.4512674,22.282248],[111.4541578,22.2991386],[111.4595403,22.3049433],[111.4488192,22.3120815],[111.4541148,22.3124867],[111.4629863,22.3294572],[111.4605898,22.3328151],[111.4743832,22.3369506],[111.4870482,22.3363757],[111.4889843,22.3422786],[111.4957123,22.3445092],[111.5060596,22.3524849],[111.5119183,22.3682141],[111.5260074,22.3613453],[111.5377259,22.3710394],[111.5475695,22.3677254],[111.5665277,22.3782448],[111.5852862,22.3728172],[111.5957031,22.3785876],[111.5966934,22.388121],[111.6023442,22.3963027],[111.6117974,22.3935806],[111.6149393,22.3990863],[111.6258771,22.405901],[111.6445838,22.4297527],[111.6550435,22.4379084],[111.658438,22.4447527],[111.6739846,22.4598182],[111.6782647,22.4717194],[111.6752004,22.4853734],[111.6860594,22.4850762],[111.6973872,22.4987203],[111.7081769,22.5075895],[111.709723,22.5157012],[111.7161372,22.5235916],[111.7145311,22.5432405],[111.720564,22.5476612],[111.7204428,22.552917],[111.7328046,22.5733574],[111.7588107,22.5855497],[111.7589064,22.5908701],[111.775148,22.5988802],[111.7791585,22.6104714],[111.796459,22.6284179],[111.809375,22.6362108],[111.8018842,22.6482876],[111.8045925,22.659054],[111.8157035,22.6707081],[111.8134207,22.6727825],[111.8189323,22.6834681],[111.828334,22.6836848],[111.8301744,22.6919273],[111.8374046,22.6907601],[111.8362768,22.682047],[111.8455821,22.6792687],[111.8522836,22.6725809],[111.8515977,22.6663301],[111.8575439,22.6620137],[111.8658166,22.6628046],[111.8681082,22.645879],[111.866259,22.6365734],[111.8524131,22.6357186],[111.84842,22.6273524],[111.8554688,22.6201264],[111.8540369,22.6084269],[111.8418927,22.6152108],[111.8361201,22.6084551],[111.8268233,22.6118971],[111.8181166,22.6052197],[111.8166498,22.6006357],[111.8289677,22.5987761],[111.8306338,22.5889195],[111.8407899,22.5906713],[111.8418404,22.5854338],[111.854367,22.5846006],[111.8571875,22.5784679],[111.8657901,22.5747958],[111.8688282,22.5823438],[111.8761804,22.5772899],[111.8831778,22.5794559],[111.8872657,22.5738174],[111.8953036,22.573581],[111.8972307,22.5845493],[111.9051047,22.5894209],[111.9092108,22.596741],[111.9140103,22.5951801],[111.9186022,22.6033249],[111.9261895,22.6091061],[111.9276215,22.6157856],[111.934071,22.6239199],[111.9441934,22.6288134],[111.9514676,22.6367796],[111.9609204,22.6304863],[111.9664503,22.6171687],[111.969974,22.6159547],[111.9800439,22.5968015],[111.9931688,22.5921684],[111.9934029,22.5783724],[111.9847747,22.5679842],[111.9713115,22.5659055],[111.9644537,22.5494618],[111.9726562,22.5282315],[111.9826563,22.5158378],[111.9786206,22.5083596],[111.9902438,22.4953107],[111.99744,22.49191],[112.0037155,22.493961],[112.0032733,22.4878453],[112.0091324,22.4876606],[112.0071881,22.4749203],[112.0136116,22.4749551],[112.0292971,22.4691124],[112.0401912,22.4558422],[112.0478563,22.4512436],[112.0534989,22.4539652],[112.0676565,22.4376908],[112.0720403,22.4235641],[112.0814068,22.4189307],[112.1035853,22.4160418],[112.1053304,22.4132729],[112.1275088,22.4085701],[112.1356859,22.4181345],[112.142769,22.4109982],[112.1496534,22.4099053],[112.1562585,22.4034441],[112.156537,22.390365],[112.1601389,22.3877562],[112.1588544,22.3834352],[112.1487326,22.3786617],[112.1480217,22.3711783],[112.1391666,22.3613287],[112.1452522,22.3559852],[112.1419619,22.3418143],[112.1291666,22.3399183],[112.1294102,22.3518989],[112.1228992,22.3524268],[112.11875,22.3405706],[112.1144707,22.3404494],[112.1146187,22.359028],[112.1025611,22.350144],[112.0933941,22.3543259],[112.0765365,22.3537937],[112.0672143,22.3416822],[112.0597491,22.3270838],[112.0636115,22.3211613],[112.0569101,22.3072312],[112.0629869,22.2986959],[112.0561807,22.2862893],[112.0442196,22.2735074],[112.031338,22.26555],[112.014801,22.271066],[112.005365,22.269043],[111.998524,22.257995],[111.999098,22.251174],[112.016181,22.245642],[112.018907,22.238],[112.032683,22.234944],[112.032665,22.21778],[112.04632,22.210263],[112.046884,22.197452],[112.036363,22.19019],[112.036302,22.181706],[112.03145,22.170732],[112.039202,22.162906],[112.04586,22.149532],[112.042188,22.141782],[112.033568,22.134076],[112.022049,22.129792],[112.030131,22.119985],[112.029167,22.116148],[112.067118,22.127261],[112.067943,22.132833],[112.080998,22.133913],[112.084558,22.139991],[112.100582,22.13843],[112.101424,22.128118],[112.116441,22.115543],[112.121502,22.108155],[112.120825,22.099195],[112.139123,22.097607],[112.144444,22.093583],[112.151251,22.098368],[112.162518,22.088079],[112.168585,22.087874],[112.179869,22.069538],[112.193924,22.067446],[112.207214,22.071964],[112.215295,22.06734],[112.220946,22.069397],[112.217075,22.062316],[112.225295,22.06056],[112.226119,22.055545],[112.218317,22.044861],[112.212275,22.048054],[112.211615,22.042322],[112.216458,22.020638],[112.220217,22.02449],[112.226953,22.022338],[112.220564,22.01493],[112.228568,22.014425],[112.23428,22.0089537],[112.244931,22.0091208],[112.2545838,22.0030601],[112.2586722,22.0041585],[112.2685246,21.9963308],[112.2667272,21.988004],[112.2718581,21.9852501],[112.290695,21.9855682],[112.2942098,21.9890038],[112.3133243,21.9790432],[112.3186462,21.965593],[112.3248005,21.9624939],[112.3352692,21.9454188],[112.3338024,21.9402171],[112.3358685,21.9218165],[112.3417013,21.9230062],[112.3449047,21.9170226],[112.3405845,21.9080019],[112.345427,21.904095],[112.3435322,21.8905179],[112.3379527,21.8785026],[112.3598403,21.8695449],[112.3648708,21.8651127],[112.3548551,21.8587157],[112.3575767,21.8558346],[112.3461196,21.8507594],[112.3462692,21.8445024],[112.3528214,21.841219],[112.3535973,21.8357904],[112.3372208,21.8207523],[112.3407339,21.8136403],[112.3312476,21.8052628],[112.3231094,21.8015999],[112.3231094,21.7909456],[112.327215,21.7709055],[112.3220567,21.7701233],[112.3123926,21.7600577],[112.309023,21.7529343],[112.2994566,21.7470686],[112.3048907,21.7351796],[112.2984695,21.7170053],[112.3031614,21.7071656],[112.29649,21.7037499],[112.2802601,21.7049],[112.2671203,21.7027624],[112.2609841,21.6974952],[112.2600304,21.70268],[112.2389499,21.7065099],[112.2449889,21.7149919],[112.2398822,21.7242184],[112.2438919,21.7238926],[112.2440417,21.7251987],[112.2368845,21.7289785],[112.23232,21.7370601],[112.2235157,21.7385884],[112.2143325,21.73269],[112.2108901,21.7443001],[112.2020692,21.7449544],[112.19764,21.7413099],[112.19284,21.76039],[112.2000299,21.7635599],[112.19653,21.77427],[112.1989901,21.78841],[112.2111101,21.80351],[112.2126855,21.8117994],[112.2106587,21.8230842],[112.202849,21.8288377],[112.20806,21.8174401],[112.2078453,21.8081274],[112.1956229,21.7926599],[112.1823165,21.8052993],[112.1601909,21.806768],[112.1461952,21.8053635],[112.1248823,21.8008012],[112.1073836,21.795504],[112.0873626,21.7866103],[112.0743401,21.7825069],[112.0417862,21.7868892],[112.0313618,21.7908517],[112.0217045,21.7911456],[112.0213357,21.7871457],[112.0347517,21.7818416],[112.0343524,21.7774046],[112.0359403,21.7812603],[112.0557941,21.7766966],[112.0550886,21.7749487],[112.0178568,21.7643623],[111.9961363,21.755768],[111.9711435,21.7390962],[111.947924,21.7185843],[111.9390441,21.7188075],[111.9227672,21.6869731],[111.9137603,21.685697],[111.917726,21.67098],[111.9284132,21.6713925],[111.9309712,21.6674704],[111.93101,21.6539399],[111.94294,21.6459001],[111.9469507,21.6494859],[111.9532456,21.647364],[111.959197,21.6585427],[111.9639509,21.6498209],[111.9752639,21.6463078],[111.9765833,21.6518745],[111.9867647,21.6558888],[111.9886053,21.6573771],[112.0045434,21.6467508],[112.0089656,21.6485769],[112.0174297,21.6439285],[112.0194397,21.6369422],[112.0083196,21.6218222],[111.9995749,21.6227084],[111.9909696,21.6217921],[111.9683101,21.609569],[111.9576091,21.6053154],[111.9531725,21.6086565],[111.9460729,21.6053055],[111.9444927,21.6116542],[111.9380446,21.6131791],[111.9170971,21.6052968],[111.8973687,21.5944907],[111.8631599,21.567787],[111.8592699,21.562147],[111.8529029,21.5653863],[111.8514977,21.5721491],[111.8421072,21.5714402],[111.8248258,21.5625756],[111.8120183,21.5594176],[111.8070694,21.5641294],[111.809227,21.5725691],[111.8178401,21.5711844],[111.8188443,21.5775924],[111.8282642,21.5770712],[111.8301447,21.5830935],[111.8244276,21.5890509],[111.8292962,21.5980983],[111.8366456,21.602837],[111.8467698,21.6026232],[111.8547356,21.6166816],[111.8529519,21.62778],[111.8476237,21.6368213],[111.8338385,21.6394629],[111.8398941,21.6520943],[111.8472871,21.658034],[111.8522333,21.6526804],[111.8751457,21.6439009],[111.88153,21.64751],[111.8900599,21.64644],[111.9057513,21.6600599],[111.9071999,21.65587],[111.9182701,21.6648299],[111.913889,21.6840296],[111.9083905,21.6870404],[111.8949822,21.6786334],[111.8723148,21.6700665],[111.8625462,21.668885],[111.8509591,21.6749594],[111.8432558,21.6855406],[111.8309676,21.6837519],[111.830526,21.6738253],[111.8191937,21.6960898],[111.8360259,21.7088057],[111.8351045,21.7149869],[111.8291339,21.7074388],[111.8188369,21.7001352],[111.8132003,21.7070738],[111.8136553,21.7140003],[111.8084933,21.713662],[111.8152842,21.7320731],[111.8137702,21.7380566],[111.798833,21.7242414],[111.7940359,21.7286492],[111.7990342,21.7392706],[111.7940292,21.740322],[111.7918324,21.7509637],[111.8003994,21.7510609],[111.8011589,21.7640162],[111.7949775,21.753846],[111.7892992,21.7663533],[111.7794272,21.7683802],[111.7737418,21.7616332],[111.7659444,21.7602636],[111.7614921,21.7691054],[111.7575242,21.7628946],[111.76282,21.7505111],[111.7548501,21.7541611],[111.7554299,21.758791],[111.7501652,21.7704769],[111.7363732,21.7620169],[111.7116616,21.7633675],[111.7098918,21.7570777],[111.7123316,21.748374],[111.72582,21.7370999],[111.71947,21.73416],[111.73049,21.7339799],[111.7358401,21.7293199],[111.7414255,21.7324665],[111.7499142,21.7317479],[111.7572275,21.7242896],[111.7601494,21.7269828],[111.7717055,21.7181622],[111.7860575,21.7141563],[111.792304,21.7031803],[111.7971835,21.7039446],[111.8018087,21.6967139],[111.8079897,21.6964124],[111.7930872,21.6746031],[111.7895219,21.6816557],[111.7814514,21.680463],[111.7898181,21.6706896],[111.7906731,21.6605081],[111.7832306,21.6580414],[111.7855185,21.6458913],[111.7773812,21.639668],[111.77661,21.6495801],[111.771614,21.6417796],[111.7688236,21.6471369],[111.7586586,21.6438293],[111.7673621,21.6287834],[111.7766109,21.6283451],[111.7850333,21.6184579],[111.7496896,21.6181378],[111.7292994,21.6135671],[111.703459,21.6034676],[111.6874999,21.5929982],[111.6751295,21.5791261],[111.6697115,21.5676522],[111.6713369,21.5413238],[111.6737176,21.5389544],[111.6677411,21.5310671],[111.6573784,21.5302032],[111.6402499,21.5156299],[111.64041,21.52245],[111.6339397,21.5287319],[111.6367837,21.5343899],[111.6323699,21.5397301],[111.6177801,21.5410701],[111.6140166,21.5483195],[111.6090099,21.54857],[111.6066902,21.5426514],[111.6321512,21.5301851],[111.6333729,21.5269976],[111.6205144,21.5326215],[111.6022432,21.5345027],[111.5904361,21.5322522],[111.5701264,21.5226211],[111.5546152,21.5122033],[111.5441331,21.5072899],[111.5386389,21.5118353],[111.5421601,21.51945],[111.5369606,21.5233779],[111.5256717,21.5250367],[111.5035918,21.5166328],[111.4893332,21.5070207],[111.4736187,21.5049073],[111.47251,21.51065],[111.46633,21.51556],[111.4569573,21.5168081],[111.4552532,21.5235835],[111.4648079,21.5250079],[111.4678994,21.5323957],[111.4621899,21.5350097],[111.4552633,21.5465555],[111.44916,21.5705644],[111.44474,21.5636246],[111.4369046,21.5755581],[111.4333246,21.573193276],[111.4232111,21.5740827],[111.426022,21.5822638],[111.4182758,21.5757589],[111.4129543,21.5797297],[111.4175463,21.5909831],[111.4099427,21.5985587],[111.4112325,21.6038919],[111.4211929,21.6151],[111.4130449,21.6225217],[111.4092867,21.6418127],[111.4174344,21.6533064],[111.4190995,21.6666819],[111.4260534,21.6730798],[111.4232805,21.678653],[111.4287853,21.6829695],[111.4307929,21.6916844],[111.4356035,21.6959545],[111.4307372,21.7130056],[111.4268122,21.7201946],[111.4086034,21.7267196],[111.401823,21.7244059],[111.3987464,21.7303344],[111.3911718,21.7280738],[111.3840643,21.7301526],[111.3764564,21.7371945],[111.382628,21.7561155],[111.3803209,21.766057],[111.3690883,21.7768429],[111.3816759,21.7827261],[111.3962415,21.800825],[111.3974042,21.8070094],[111.4027261,21.8054032],[111.4182469,21.8162018],[111.415321,21.820731],[111.4165275,21.8329063],[111.4119358,21.8526239],[111.3975959,21.8573544],[111.3979862,21.8646958],[111.3693495,21.8630495],[111.3626388,21.8650755],[111.3572916,21.8796134],[111.3483766,21.8809288],[111.334931,21.8769876],[111.3200865,21.8896289],[111.3150091,21.9004664],[111.3058426,21.896658],[111.3020485,21.9017298],[111.2910764,21.9051502],[111.2850604,21.9106507],[111.282222,21.9268268],[111.2895223,21.9388224],[111.2851215,21.9403738],[111.2833684,21.9494923],[111.2780941,21.9586643],[111.2819838,21.9674974],[111.2787548,21.974982],[111.2826129,21.9802931],[111.2780289,21.9895269]]],[[[112.1760683,21.5497837],[112.1761608,21.5568598],[112.1833666,21.5601875],[112.1880376,21.5511233],[112.1993338,21.5526014],[112.1804564,21.5465754],[112.1760683,21.5497837]]],[[[112.111828,21.6426273],[112.1205518,21.6475908],[112.1238816,21.6453289],[112.1179676,21.6369765],[112.11305,21.6358199],[112.111828,21.6426273]]],[[[112.2432401,21.7247499],[112.24378,21.7247499],[112.24378,21.7244901],[112.2432401,21.7247499]]],[[[112.23666,21.72712],[112.23666,21.7276299],[112.2372,21.72737],[112.23666,21.72712]]],[[[112.22076,21.7270701],[112.22599,21.726],[112.2249001,21.7223099],[112.22076,21.7270701]]],[[[112.1998031,21.551399],[112.1998394,21.5513915],[112.1998206,21.5513216],[112.1998031,21.551399]]],[[[112.1991903,21.5518667],[112.199425,21.5518393],[112.1992131,21.5516809],[112.1991903,21.5518667]]],[[[112.1921253,21.5535506],[112.1923225,21.5538999],[112.1923667,21.5536554],[112.1921253,21.5535506]]],[[[112.1908754,21.547718],[112.1909384,21.5477791],[112.1909036,21.5476818],[112.1908754,21.547718]]],[[[112.1906582,21.5477467],[112.190748,21.5477929],[112.1907252,21.5476581],[112.1906582,21.5477467]]],[[[112.190453,21.5473575],[112.1904919,21.5474486],[112.1905254,21.5473613],[112.190453,21.5473575]]],[[[112.1901016,21.5477579],[112.1907158,21.5479376],[112.1904047,21.5474773],[112.1901016,21.5477579]]],[[[112.1900801,21.5473463],[112.1901754,21.547375],[112.1901284,21.5473126],[112.1900801,21.5473463]]],[[[112.1899179,21.5484053],[112.1899836,21.5483804],[112.1899299,21.5483554],[112.1899179,21.5484053]]],[[[112.1882066,21.5514065],[112.1882214,21.5514364],[112.1882522,21.551394],[112.1882066,21.5514065]]],[[[112.1879867,21.5514576],[112.188043,21.5514726],[112.188039,21.5514314],[112.1879867,21.5514576]]],[[[112.1877184,21.5537465],[112.1884482,21.5533647],[112.1877708,21.5529457],[112.1877184,21.5537465]]],[[[112.1875441,21.5521736],[112.1875495,21.5522122],[112.1875857,21.5521848],[112.1875441,21.5521736]]],[[[112.1839687,21.5473401],[112.1840841,21.5472902],[112.1840559,21.5471991],[112.1839687,21.5473401]]],[[[112.1607113,21.6027793],[112.1607622,21.6028528],[112.1607609,21.602773],[112.1607113,21.6027793]]],[[[112.160325,21.6021022],[112.1603747,21.602162],[112.160372,21.6020985],[112.160325,21.6021022]]],[[[112.1597524,21.6020199],[112.1597967,21.6020087],[112.1597739,21.6019201],[112.1597524,21.6020199]]],[[[112.1585226,21.6034127],[112.1586111,21.6064339],[112.1609687,21.6032588],[112.1585226,21.6034127]]],[[[112.1450043,21.6037319],[112.1456332,21.6035985],[112.1454683,21.6028965],[112.1450043,21.6037319]]],[[[112.1369979,21.6163699],[112.1372741,21.617275],[112.1376966,21.6169808],[112.1369979,21.6163699]]],[[[112.1363098,21.604058],[112.140714,21.6138391],[112.14393,21.60459],[112.1363098,21.604058]]],[[[112.1352531,21.6049638],[112.1354234,21.6048491],[112.1353564,21.6046933],[112.1352531,21.6049638]]],[[[112.1349956,21.6044426],[112.1350881,21.6044426],[112.1351029,21.6043516],[112.1349956,21.6044426]]],[[[112.134608,21.6045324],[112.1348092,21.6047319],[112.1347891,21.604601],[112.134608,21.6045324]]],[[[112.1246678,21.6442017],[112.1247268,21.6442017],[112.1247268,21.6441194],[112.1246678,21.6442017]]],[[[112.1244505,21.643834],[112.1246101,21.6437268],[112.1245511,21.6435996],[112.1244505,21.643834]]],[[[112.1243392,21.6441419],[112.1244116,21.6441942],[112.1244612,21.6440397],[112.1243392,21.6441419]]],[[[112.1242011,21.6440272],[112.1243244,21.6440583],[112.1243526,21.6439412],[112.1242011,21.6440272]]],[[[112.1186858,21.6482124],[112.1188413,21.6482448],[112.1188105,21.6481819],[112.1186858,21.6482124]]],[[[112.1109548,21.5569208],[112.1153618,21.5566415],[112.1117985,21.5536729],[112.1109548,21.5569208]]],[[[112.1054256,21.5318455],[112.1061121,21.5318649],[112.1057223,21.531427],[112.1054256,21.5318455]]],[[[112.0966735,21.5267606],[112.0972882,21.527224],[112.097214,21.5264761],[112.0966735,21.5267606]]],[[[112.0437764,21.7616333],[112.0438662,21.7616383],[112.0438568,21.7615798],[112.0437764,21.7616333]]],[[[112.0434237,21.7613182],[112.0434666,21.7613668],[112.0434719,21.7613095],[112.0434237,21.7613182]]],[[[112.0434169,21.7619049],[112.0437844,21.7619821],[112.0435913,21.7614415],[112.0434169,21.7619049]]],[[[112.0432466,21.7619896],[112.0433553,21.7620817],[112.0433794,21.7619696],[112.0432466,21.7619896]]],[[[112.0430548,21.7617018],[112.0430776,21.761936],[112.0432185,21.7618451],[112.0430548,21.7617018]]],[[[112.0347333,21.7795766],[112.0347494,21.7799053],[112.0348942,21.7795666],[112.0347333,21.7795766]]],[[[112.0156145,21.6210328],[112.0156816,21.6212098],[112.0159015,21.6209206],[112.0156145,21.6210328]]],[[[112.0149118,21.6176778],[112.0149802,21.6177513],[112.0150083,21.6176628],[112.0149118,21.6176778]]],[[[112.0122188,21.6186216],[112.0147987,21.6218921],[112.0146114,21.6177862],[112.0122188,21.6186216]]],[[[112.0063676,21.654241],[112.0064481,21.6542161],[112.0063736,21.6541912],[112.0063676,21.654241]]],[[[112.0060404,21.6542279],[112.0062053,21.654443],[112.0062087,21.6541401],[112.0060404,21.6542279]]],[[[112.0056722,21.6544573],[112.0057239,21.6545414],[112.0058412,21.6544953],[112.0056722,21.6544573]]],[[[112.0046406,21.6531785],[112.0079948,21.653007],[112.0078971,21.651768],[112.0046406,21.6531785]]],[[[112.0013961,21.617689],[112.0014766,21.6176915],[112.0014578,21.6176341],[112.0013961,21.617689]]],[[[112.0010662,21.6174421],[112.0012513,21.6174321],[112.0011587,21.6172551],[112.0010662,21.6174421]]],[[[112.0008624,21.6180219],[112.0009321,21.6180231],[112.0009321,21.6179259],[112.0008624,21.6180219]]],[[[112.0002213,21.6211799],[112.000291,21.6212659],[112.0003031,21.6211562],[112.0002213,21.6211799]]],[[[111.9996366,21.6220464],[111.9997103,21.6221262],[111.9997144,21.6220638],[111.9996366,21.6220464]]],[[[111.9892859,21.6573653],[111.9894797,21.6572456],[111.9893818,21.657116],[111.9892859,21.6573653]]],[[[111.9862081,21.6559113],[111.986239,21.6559798],[111.9862537,21.6559287],[111.9862081,21.6559113]]],[[[111.9861411,21.6560746],[111.9863784,21.6561705],[111.9864897,21.6559599],[111.9861411,21.6560746]]],[[[111.9835004,21.6565009],[111.9835594,21.6565058],[111.98355,21.6564236],[111.9835004,21.6565009]]],[[[111.9795804,21.6131681],[111.9796166,21.613218],[111.97963,21.6131681],[111.9795804,21.6131681]]],[[[111.9793376,21.6130023],[111.9794409,21.6130472],[111.9795053,21.6128452],[111.9793376,21.6130023]]],[[[111.9585975,21.6050025],[111.9587986,21.6049314],[111.958643,21.6048541],[111.9585975,21.6050025]]],[[[111.9580409,21.6048741],[111.9581535,21.6050947],[111.9582582,21.6048915],[111.9580409,21.6048741]]],[[[111.9576654,21.6051546],[111.9577713,21.6051222],[111.9577298,21.6050661],[111.9576654,21.6051546]]],[[[111.9469607,21.6052319],[111.9470425,21.6053055],[111.9470546,21.6052095],[111.9469607,21.6052319]]],[[[111.9468373,21.6052855],[111.9469111,21.6054676],[111.9470076,21.6052992],[111.9468373,21.6052855]]],[[[111.9452307,21.6057219],[111.9452843,21.6058404],[111.945346,21.6057406],[111.9452307,21.6057219]]],[[[111.9448565,21.6066085],[111.9449705,21.6065985],[111.9449705,21.6064588],[111.9448565,21.6066085]]],[[[111.9387572,21.6716019],[111.9388872,21.6716144],[111.9388054,21.6715296],[111.9387572,21.6716019]]],[[[111.938558,21.6721771],[111.9386465,21.6721921],[111.938621,21.6721191],[111.938558,21.6721771]]],[[[111.9383709,21.6681184],[111.9384407,21.6682724],[111.9384943,21.6681197],[111.9383709,21.6681184]]],[[[111.9383575,21.6715234],[111.938391,21.671577],[111.9384769,21.6715346],[111.9383575,21.6715234]]],[[[111.9381389,21.6716306],[111.9382609,21.6717153],[111.9383575,21.671572],[111.9381389,21.6716306]]],[[[111.9380879,21.6713203],[111.9383682,21.6713851],[111.9382918,21.6712131],[111.9380879,21.6713203]]],[[[111.9379525,21.6726725],[111.9380276,21.6727236],[111.9380397,21.6726625],[111.9379525,21.6726725]]],[[[111.9379418,21.6716007],[111.9381107,21.6714848],[111.9379887,21.6714549],[111.9379418,21.6716007]]],[[[111.9378814,21.6717191],[111.9379002,21.6718711],[111.938033,21.6717764],[111.9378814,21.6717191]]],[[[111.9377741,21.6716867],[111.9378734,21.6716555],[111.9378036,21.6716144],[111.9377741,21.6716867]]],[[[111.9374321,21.6744921],[111.9374603,21.6745295],[111.9374737,21.6744946],[111.9374321,21.6744921]]],[[[111.9373517,21.6732807],[111.9374,21.673414],[111.9374536,21.6733692],[111.9373517,21.6732807]]],[[[111.9371867,21.6704154],[111.9373074,21.6705962],[111.9373329,21.670383],[111.9371867,21.6704154]]],[[[111.9370405,21.6731673],[111.9371425,21.6731399],[111.9370754,21.67308],[111.9370405,21.6731673]]],[[[111.9369453,21.6734926],[111.9370244,21.6735125],[111.9369708,21.6734676],[111.9369453,21.6734926]]],[[[111.9367924,21.6735923],[111.9368112,21.6736995],[111.9368742,21.6735786],[111.9367924,21.6735923]]],[[[111.936767,21.6710623],[111.9368394,21.6709937],[111.9367737,21.670985],[111.936767,21.6710623]]],[[[111.9367106,21.6738178],[111.9367737,21.6738503],[111.9368018,21.6737904],[111.9367106,21.6738178]]],[[[111.9367012,21.6706747],[111.9370446,21.670631],[111.9369547,21.6703319],[111.9367012,21.6706747]]],[[[111.9366221,21.6633112],[111.9366369,21.6634645],[111.936712,21.6633274],[111.9366221,21.6633112]]],[[[111.9365698,21.6707033],[111.9366637,21.6707719],[111.9366972,21.6707008],[111.9365698,21.6707033]]],[[[111.9365336,21.6639207],[111.9367026,21.6638858],[111.9365577,21.6637687],[111.9365336,21.6639207]]],[[[111.9365014,21.6738777],[111.9365819,21.6738964],[111.9365323,21.6738129],[111.9365014,21.6738777]]],[[[111.9364089,21.6743288],[111.9364679,21.6744186],[111.9365296,21.6743662],[111.9364089,21.6743288]]],[[[111.936307,21.663315],[111.9363499,21.6633586],[111.9363847,21.6632876],[111.936307,21.663315]]],[[[111.9362989,21.6638659],[111.9364531,21.6638983],[111.9364424,21.6637001],[111.9362989,21.6638659]]],[[[111.9362842,21.67435],[111.9363391,21.6744061],[111.9363888,21.6743749],[111.9362842,21.67435]]],[[[111.9362788,21.6635181],[111.9362895,21.6636565],[111.9363525,21.6635667],[111.9362788,21.6635181]]],[[[111.9362774,21.6630807],[111.9362788,21.6632028],[111.936374,21.6630732],[111.9362774,21.6630807]]],[[[111.9362533,21.6710087],[111.9364639,21.6709052],[111.9365001,21.6705999],[111.9362533,21.6710087]]],[[[111.9361849,21.6733006],[111.936311,21.6734028],[111.9363968,21.6731212],[111.9361849,21.6733006]]],[[[111.9361836,21.6633598],[111.9362506,21.6633623],[111.9362573,21.6633038],[111.9361836,21.6633598]]],[[[111.9361809,21.6711645],[111.9362359,21.6711857],[111.9362654,21.6711383],[111.9361809,21.6711645]]],[[[111.9361695,21.6627454],[111.9362164,21.6628121],[111.9362298,21.6627367],[111.9361695,21.6627454]]],[[[111.936142,21.6631106],[111.9361581,21.6631841],[111.9362211,21.6631081],[111.936142,21.6631106]]],[[[111.9361138,21.663037],[111.9361702,21.6630514],[111.9361648,21.6629492],[111.9361138,21.663037]]],[[[111.9360736,21.6718375],[111.9363257,21.671754],[111.9361112,21.6716343],[111.9360736,21.6718375]]],[[[111.9360602,21.6634508],[111.9361863,21.6634658],[111.936142,21.6633711],[111.9360602,21.6634508]]],[[[111.9360186,21.6732819],[111.9360615,21.6733081],[111.9360629,21.6732508],[111.9360186,21.6732819]]],[[[111.9360146,21.6631018],[111.9361112,21.6631766],[111.9360977,21.6630769],[111.9360146,21.6631018]]],[[[111.9359891,21.6623484],[111.936085,21.6622886],[111.9360005,21.6622674],[111.9359891,21.6623484]]],[[[111.935973,21.6733467],[111.9359851,21.673414],[111.936032,21.6733841],[111.935973,21.6733467]]],[[[111.93592,21.6630588],[111.9360126,21.6631405],[111.9360052,21.6630395],[111.93592,21.6630588]]],[[[111.9359066,21.6625715],[111.9360776,21.6626706],[111.9361601,21.6624905],[111.9359066,21.6625715]]],[[[111.9359046,21.671147],[111.9360535,21.6711545],[111.9359744,21.6710025],[111.9359046,21.671147]]],[[[111.9358865,21.6627497],[111.9359361,21.6628108],[111.935965,21.6627317],[111.9358865,21.6627497]]],[[[111.9358698,21.6625771],[111.9359482,21.662488],[111.9358845,21.6624357],[111.9358698,21.6625771]]],[[[111.9358624,21.6631635],[111.9359925,21.6633162],[111.936081,21.6632159],[111.9358624,21.6631635]]],[[[111.9357423,21.6627821],[111.9358174,21.6628189],[111.9357732,21.6627466],[111.9357423,21.6627821]]],[[[111.9357316,21.670403],[111.9357397,21.670469],[111.9358094,21.670408],[111.9357316,21.670403]]],[[[111.9356082,21.6732159],[111.9359167,21.6728719],[111.9356391,21.6729243],[111.9356082,21.6732159]]],[[[111.9355921,21.6729043],[111.9357209,21.6728059],[111.9356713,21.672766],[111.9355921,21.6729043]]],[[[111.9355264,21.6732608],[111.9355667,21.6734066],[111.9356163,21.6733293],[111.9355264,21.6732608]]],[[[111.9355063,21.6736596],[111.9356136,21.6736583],[111.9355372,21.6735885],[111.9355063,21.6736596]]],[[[111.9354929,21.5989787],[111.9355533,21.5990709],[111.9355868,21.5990023],[111.9354929,21.5989787]]],[[[111.935391,21.670575],[111.9354714,21.6705463],[111.935403,21.6703942],[111.935391,21.670575]]],[[[111.9353494,21.6707208],[111.9354473,21.6707021],[111.9353829,21.6706298],[111.9353494,21.6707208]]],[[[111.9353467,21.6708242],[111.9354379,21.6709676],[111.9354996,21.6708205],[111.9353467,21.6708242]]],[[[111.9353105,21.6722438],[111.9353937,21.6721578],[111.9353414,21.6721329],[111.9353105,21.6722438]]],[[[111.9352528,21.6694981],[111.9352958,21.6695542],[111.9353065,21.6694807],[111.9352528,21.6694981]]],[[[111.9351509,21.6708492],[111.9351643,21.6710498],[111.9353172,21.6709451],[111.9351509,21.6708492]]],[[[111.9351402,21.6747114],[111.9352797,21.674699],[111.9352099,21.6746155],[111.9351402,21.6747114]]],[[[111.935108,21.6721964],[111.9351295,21.6722126],[111.9351576,21.6721877],[111.935108,21.6721964]]],[[[111.9348626,21.6731611],[111.9352703,21.6731797],[111.9350745,21.6730252],[111.9348626,21.6731611]]],[[[111.9347955,21.6703768],[111.9350557,21.6708205],[111.9356164,21.6696131],[111.9347955,21.6703768]]],[[[111.9346131,21.5961568],[111.9346708,21.5961718],[111.9346628,21.5960945],[111.9346131,21.5961568]]],[[[111.934597,21.6641164],[111.9346601,21.6642012],[111.9346735,21.6641239],[111.934597,21.6641164]]],[[[111.9343758,21.6635518],[111.9345085,21.6636266],[111.9344884,21.6634633],[111.9343758,21.6635518]]],[[[111.9342859,21.6637101],[111.9344227,21.6636901],[111.9342872,21.6636378],[111.9342859,21.6637101]]],[[[111.9342296,21.6639432],[111.9343235,21.6639768],[111.9343315,21.6639008],[111.9342296,21.6639432]]],[[[111.9342256,21.6635829],[111.9342899,21.6636129],[111.9343342,21.6635505],[111.9342256,21.6635829]]],[[[111.9342041,21.6638036],[111.934298,21.6638247],[111.9342282,21.6637475],[111.9342041,21.6638036]]],[[[111.9341438,21.6714611],[111.9341961,21.671506],[111.9342121,21.6714474],[111.9341438,21.6714611]]],[[[111.9339922,21.6705251],[111.9340727,21.6706086],[111.9341089,21.6705463],[111.9339922,21.6705251]]],[[[111.9338776,21.6699648],[111.9339225,21.6702958],[111.9345215,21.6697297],[111.9338776,21.6699648]]],[[[111.9338232,21.6703718],[111.9338769,21.670484],[111.9339292,21.6703581],[111.9338232,21.6703718]]],[[[111.9338138,21.6697487],[111.9339252,21.6697673],[111.9339278,21.6696764],[111.9338138,21.6697487]]],[[[111.933378,21.6717515],[111.9333994,21.6719185],[111.933504,21.6718387],[111.933378,21.6717515]]],[[[111.9333485,21.6675015],[111.9334048,21.6675888],[111.9334343,21.667514],[111.9333485,21.6675015]]],[[[111.9332881,21.6725254],[111.9333458,21.6726202],[111.9333538,21.6725267],[111.9332881,21.6725254]]],[[[111.9331741,21.6673245],[111.9334263,21.6674292],[111.9334745,21.6669531],[111.9331741,21.6673245]]],[[[111.9331567,21.5954859],[111.9342577,21.5981856],[111.9366331,21.5974253],[111.9331567,21.5954859]]],[[[111.9331111,21.672336],[111.9331889,21.6724108],[111.9331862,21.6723323],[111.9331111,21.672336]]],[[[111.9330776,21.6724469],[111.9331621,21.6725105],[111.9331782,21.6724743],[111.9330776,21.6724469]]],[[[111.9330052,21.6719808],[111.9330816,21.6720045],[111.9330387,21.6719172],[111.9330052,21.6719808]]],[[[111.9328657,21.6721678],[111.9329032,21.6722126],[111.9329622,21.6721515],[111.9328657,21.6721678]]],[[[111.9327544,21.5976245],[111.9328067,21.5976843],[111.9328295,21.5976507],[111.9327544,21.5976245]]],[[[111.9326967,21.6736085],[111.932757,21.6736272],[111.9327772,21.6735499],[111.9326967,21.6736085]]],[[[111.9325867,21.6730028],[111.9327047,21.6730938],[111.9327021,21.6730065],[111.9325867,21.6730028]]],[[[111.932584,21.595552],[111.9327168,21.595653],[111.9327342,21.5954548],[111.932584,21.595552]]],[[[111.9324633,21.6672896],[111.9329569,21.6674691],[111.933091,21.6672672],[111.9324633,21.6672896]]],[[[111.9324092,21.6668844],[111.9324331,21.6671343],[111.9328745,21.6671501],[111.9324092,21.6668844]]],[[[111.9321026,21.6728781],[111.9321227,21.6729367],[111.9321898,21.6729168],[111.9321026,21.6728781]]],[[[111.9318733,21.6667338],[111.9319671,21.6668385],[111.9319805,21.6667263],[111.9318733,21.6667338]]],[[[111.9314361,21.6669506],[111.9316136,21.6670793],[111.9317714,21.6667644],[111.9314361,21.6669506]]],[[[111.9312778,21.6668011],[111.9314522,21.6667612],[111.9312966,21.6666864],[111.9312778,21.6668011]]],[[[111.9308674,21.6744136],[111.9329461,21.6754779],[111.9322327,21.6741668],[111.9308674,21.6744136]]],[[[111.916067,21.6811633],[111.9160932,21.6813209],[111.9162581,21.6812431],[111.916067,21.6811633]]],[[[111.8499264,21.657225],[111.8499559,21.6573833],[111.850035,21.6572961],[111.8499264,21.657225]]],[[[111.830526,21.6724666],[111.8305827,21.6725332],[111.8305914,21.6724622],[111.830526,21.6724666]]],[[[111.8298451,21.6263399],[111.8306177,21.6270386],[111.8302569,21.6257312],[111.8298451,21.6263399]]],[[[111.8295242,21.6267166],[111.8296342,21.6268949],[111.8296409,21.6266268],[111.8295242,21.6267166]]],[[[111.8247995,21.5612315],[111.824837,21.5614385],[111.8249229,21.5613088],[111.8247995,21.5612315]]],[[[111.8243113,21.5606927],[111.8246439,21.5608323],[111.8245849,21.5605679],[111.8243113,21.5606927]]],[[[111.8240646,21.5602262],[111.8242013,21.5605704],[111.8245608,21.5603509],[111.8240646,21.5602262]]],[[[111.8228737,21.5613425],[111.8229447,21.5613936],[111.8229528,21.56131],[111.8228737,21.5613425]]],[[[111.8226323,21.5613213],[111.8227556,21.5613637],[111.8227851,21.561214],[111.8226323,21.5613213]]],[[[111.8173323,21.5777452],[111.8178538,21.5807065],[111.8204534,21.5799883],[111.8173323,21.5777452]]],[[[111.8083656,21.5580634],[111.8086365,21.5584201],[111.8084997,21.5578189],[111.8083656,21.5580634]]],[[[111.8057396,21.5589333],[111.8072364,21.5623052],[111.807797,21.5573849],[111.8057396,21.5589333]]],[[[111.8030414,21.5603035],[111.8032257,21.5628273],[111.8048343,21.5605819],[111.8030414,21.5603035]]],[[[111.7716671,21.6319081],[111.7724489,21.6318986],[111.772119,21.6314994],[111.7716671,21.6319081]]],[[[111.7708321,21.6366886],[111.7711727,21.6368407],[111.771099,21.6366125],[111.7708321,21.6366886]]],[[[111.7705545,21.6373044],[111.7708737,21.6370887],[111.7706645,21.6370638],[111.7705545,21.6373044]]],[[[111.765072,21.6344172],[111.7651968,21.6345195],[111.7652223,21.6342938],[111.765072,21.6344172]]],[[[111.7129017,21.7616558],[111.7177458,21.7577472],[111.713241,21.7594599],[111.7129017,21.7616558]]],[[[111.711743,21.7605447],[111.7120692,21.761103],[111.7123412,21.7604501],[111.711743,21.7605447]]],[[[111.6908017,21.5461937],[111.6937065,21.5478003],[111.6946196,21.5454421],[111.6908017,21.5461937]]],[[[111.6862717,21.5433992],[111.6916573,21.5430952],[111.6872102,21.5403533],[111.6862717,21.5433992]]],[[[111.6458988,21.515592],[111.6459551,21.5156843],[111.6459739,21.515577],[111.6458988,21.515592]]],[[[111.6451371,21.5161984],[111.6453114,21.5160711],[111.6451773,21.5160312],[111.6451371,21.5161984]]],[[[111.6379514,21.5166026],[111.6380963,21.5167698],[111.6381606,21.5165352],[111.6379514,21.5166026]]],[[[111.637423,21.5123605],[111.6375008,21.5123655],[111.6374472,21.5122482],[111.637423,21.5123605]]],[[[111.6373184,21.5162009],[111.6374552,21.5163481],[111.6375008,21.5160811],[111.6373184,21.5162009]]],[[[111.6372943,21.512121],[111.6373748,21.5121884],[111.6373399,21.512086],[111.6372943,21.512121]]],[[[111.6371709,21.5124404],[111.6372836,21.512408],[111.6371736,21.5123331],[111.6371709,21.5124404]]],[[[111.6371253,21.5160262],[111.6371924,21.5161185],[111.6372165,21.5160237],[111.6371253,21.5160262]]],[[[111.6370153,21.5159139],[111.637077,21.5159813],[111.6370824,21.5159064],[111.6370153,21.5159139]]],[[[111.6369805,21.5163855],[111.6370743,21.5164329],[111.637077,21.5163581],[111.6369805,21.5163855]]],[[[111.6369751,21.5160387],[111.6369939,21.5162009],[111.6371146,21.5160811],[111.6369751,21.5160387]]],[[[111.6369617,21.5157093],[111.6373587,21.5159788],[111.6374767,21.5156594],[111.6369617,21.5157093]]],[[[111.6368195,21.5125003],[111.6368785,21.5125976],[111.6369805,21.5124828],[111.6368195,21.5125003]]],[[[111.6368115,21.5157043],[111.6368598,21.5158091],[111.6369563,21.5157941],[111.6368115,21.5157043]]],[[[111.6353872,21.5152352],[111.635634,21.5152876],[111.6356394,21.5151853],[111.6353872,21.5152352]]],[[[111.6353336,21.5154722],[111.6354838,21.5154747],[111.6353872,21.51533],[111.6353336,21.5154722]]],[[[111.6348749,21.5153125],[111.6348964,21.5153649],[111.6349608,21.51531],[111.6348749,21.5153125]]],[[[111.6348696,21.5148958],[111.6350198,21.515063],[111.6352317,21.5149332],[111.6348696,21.5148958]]],[[[111.6348535,21.5156219],[111.6350412,21.5155047],[111.6348776,21.5154797],[111.6348535,21.5156219]]],[[[111.6347703,21.5155296],[111.6348588,21.5154098],[111.6347784,21.5153824],[111.6347703,21.5155296]]],[[[111.6344082,21.5105976],[111.6344632,21.5106587],[111.6344632,21.5105751],[111.6344082,21.5105976]]],[[[111.6325682,21.5156743],[111.6371226,21.5130318],[111.634309,21.5108608],[111.6325682,21.5156743]]],[[[111.6322544,21.5138627],[111.6324154,21.5139401],[111.6324341,21.5138178],[111.6322544,21.5138627]]],[[[111.6318199,21.5092613],[111.6320345,21.5093212],[111.6320077,21.5091964],[111.6318199,21.5092613]]],[[[111.630291,21.510776],[111.6303554,21.5108184],[111.6303527,21.510766],[111.630291,21.510776]]],[[[111.6294676,21.5093561],[111.6300372,21.5109192],[111.63068,21.5097304],[111.6294676,21.5093561]]],[[[111.6292852,21.509416],[111.6292852,21.5095432],[111.629355,21.5094584],[111.6292852,21.509416]]],[[[111.6282311,21.5076293],[111.6284162,21.5076617],[111.6283652,21.5074995],[111.6282311,21.5076293]]],[[[111.6280058,21.5072974],[111.6281855,21.5075195],[111.6286361,21.5072624],[111.6280058,21.5072974]]],[[[111.6279495,21.508041],[111.6280648,21.5081109],[111.6281024,21.5080485],[111.6279495,21.508041]]],[[[111.6266781,21.5071751],[111.6269678,21.5071601],[111.62678,21.5070353],[111.6266781,21.5071751]]],[[[111.6265027,21.5074652],[111.6266298,21.5089768],[111.6279629,21.5074521],[111.6265027,21.5074652]]],[[[111.474131,21.5042922],[111.474444,21.5042815],[111.4744011,21.5038835],[111.474131,21.5042922]]],[[[111.4740202,21.5031598],[111.4744185,21.5032709],[111.4744225,21.502808],[111.4740202,21.5031598]]],[[[111.4735696,21.5045823],[111.473709,21.5045449],[111.4736755,21.5044737],[111.4735696,21.5045823]]],[[[111.4696086,21.4933366],[111.4704368,21.4919895],[111.4698611,21.4920849],[111.4696086,21.4933366]]],[[[111.4676566,21.4827301],[111.4677022,21.4827276],[111.4676687,21.4826789],[111.4676566,21.4827301]]],[[[111.4669029,21.513461],[111.4670692,21.5134198],[111.4669083,21.5133487],[111.4669029,21.513461]]],[[[111.4668614,21.4786318],[111.4669445,21.4786006],[111.4668667,21.478502],[111.4668614,21.4786318]]],[[[111.4665972,21.4763393],[111.4667192,21.4763617],[111.4667541,21.4762931],[111.4665972,21.4763393]]],[[[111.4665667,21.4703314],[111.4668512,21.4701928],[111.4665935,21.4700314],[111.4665667,21.4703314]]],[[[111.4657201,21.5144323],[111.4658086,21.5144903],[111.4658032,21.5143443],[111.4657201,21.5144323]]],[[[111.4656007,21.5142277],[111.4656282,21.5143],[111.4657053,21.5142296],[111.4656007,21.5142277]]],[[[111.4655934,21.5145957],[111.4656369,21.5147299],[111.4656859,21.514592],[111.4655934,21.5145957]]],[[[111.4655129,21.5147436],[111.465537,21.5148958],[111.4656457,21.5148147],[111.4655129,21.5147436]]],[[[111.4633517,21.4803765],[111.4634362,21.4803191],[111.4634013,21.4802841],[111.4633517,21.4803765]]],[[[111.4621286,21.4837409],[111.4621983,21.4837284],[111.4621299,21.483676],[111.4621286,21.4837409]]],[[[111.4616941,21.4836598],[111.4617504,21.483666],[111.461737,21.4836211],[111.4616941,21.4836598]]],[[[111.4615385,21.5059623],[111.4620687,21.5058561],[111.4619301,21.5053721],[111.4615385,21.5059623]]],[[[111.4614326,21.4796701],[111.4614621,21.4798299],[111.4616136,21.4797026],[111.4614326,21.4796701]]],[[[111.4601773,21.4805537],[111.4602417,21.4805924],[111.4602806,21.48053],[111.4601773,21.4805537]]],[[[111.4599144,21.4807633],[111.4600365,21.4808482],[111.4600217,21.4806972],[111.4599144,21.4807633]]],[[[111.4597455,21.4812842],[111.4665475,21.4847056],[111.4680965,21.4800046],[111.4597455,21.4812842]]],[[[111.4419697,21.5631247],[111.4437701,21.5619701],[111.4442231,21.5598561],[111.4419697,21.5631247]]],[[[111.433934001,21.572880093],[111.4355245,21.5725982],[111.436094955,21.571086035],[111.433934001,21.572880093]]]]}},{"type":"Feature","properties":{"name":"清远市","osm_relation":3124223},"geometry":{"type":"MultiPolygon","coordinates":[[[[111.9223003,24.6324848],[111.9294426,24.6455274],[111.9378701,24.6455274],[111.9478025,24.6501779],[111.9420838,24.6628975],[111.9416324,24.6691884],[111.9350108,24.6705559],[111.939375,24.6798549],[111.9350108,24.6854613],[111.936982,24.6928369],[111.945903,24.6971841],[111.9571329,24.7246989],[111.9676672,24.7309867],[111.9788035,24.7309867],[111.9941536,24.7365907],[112.0049889,24.7333103],[112.0241545,24.7471432],[112.028446,24.7588349],[112.0287893,24.7747339],[112.0461271,24.7893841],[112.0529936,24.7932801],[112.0543669,24.8032534],[112.0787428,24.8085514],[112.0911024,24.8205489],[112.0911024,24.829741],[112.1105002,24.8364399],[112.1187399,24.8443847],[112.127838,24.8443847],[112.1355627,24.8481232],[112.1436308,24.8398671],[112.1561621,24.8473444],[112.1648739,24.867515],[112.1583937,24.8718369],[112.1614837,24.8802075],[112.159767,24.8859695],[112.1625994,24.8936386],[112.1662901,24.914152],[112.1690367,24.917577],[112.1701204,24.9297488],[112.1527289,24.9360239],[112.1453475,24.9353234],[112.1348762,24.9464526],[112.1228599,24.9553241],[112.1194266,24.9637281],[112.1144485,24.9667627],[112.1169376,24.9742323],[112.1153068,24.9866805],[112.1169376,24.9933709],[112.1295547,24.9989719],[112.1298122,25.0020056],[112.1500682,25.0294616],[112.1434592,25.038716],[112.1477508,25.0478918],[112.1468067,25.0587386],[112.150712,25.0668634],[112.1571493,25.071256],[112.1603574,25.087556],[112.1671485,25.1047202],[112.1710109,25.1098498],[112.1711825,25.1274908],[112.1693093,25.1338754],[112.1791913,25.1449263],[112.1777962,25.1512406],[112.181749,25.1570285],[112.1815165,25.1644997],[112.1874045,25.1754273],[112.1814608,25.1847711],[112.1915518,25.190338],[112.1975326,25.1886318],[112.2199344,25.1890201],[112.2290664,25.190803],[112.2413899,25.1884886],[112.2498035,25.1765148],[112.2501468,25.1622991],[112.2633647,25.1671155],[112.2764214,25.1684977],[112.278244,25.1622899],[112.2969939,25.1597511],[112.3024258,25.1615533],[112.3013019,25.1678146],[112.3088121,25.1775634],[112.3274802,25.1772916],[112.3534441,25.1939131],[112.35883,25.1943209],[112.3661826,25.18937],[112.3693249,25.1795753],[112.3877132,25.1651452],[112.382476,25.156086],[112.3860911,25.1491256],[112.3979874,25.1415291],[112.4066834,25.1434442],[112.420882,25.160089],[112.4264683,25.1811552],[112.4382818,25.1897124],[112.4432273,25.187369],[112.4490464,25.1776795],[112.4469515,25.1640918],[112.4531737,25.1549079],[112.4642924,25.1533471],[112.473021,25.1549272],[112.4859394,25.1476583],[112.4914093,25.1499759],[112.4987414,25.1468155],[112.5013018,25.1401781],[112.5165478,25.1399674],[112.5220178,25.1376495],[112.538682,25.1360083],[112.5587944,25.1274293],[112.5935925,25.1298527],[112.6090713,25.1368067],[112.6194293,25.1372281],[112.6229953,25.143653],[112.6356064,25.1419692],[112.6407272,25.1371227],[112.6546239,25.1357664],[112.662692,25.1247321],[112.6632928,25.1175437],[112.673335,25.1140854],[112.6902866,25.0981136],[112.6923036,25.0924783],[112.7079677,25.0856378],[112.7103281,25.0812457],[112.7141475,25.0590108],[112.7097701,25.0284506],[112.7187306,25.0143464],[112.7277946,25.0100564],[112.7313995,25.0014611],[112.7363348,25.0014611],[112.7403258,24.9852801],[112.7363158,24.979648],[112.7373962,24.9620399],[112.7518272,24.9582033],[112.7597236,24.9535343],[112.7744865,24.9498768],[112.7790355,24.941861],[112.7769755,24.9275402],[112.7814387,24.9142297],[112.775213,24.9005729],[112.7821254,24.8953902],[112.7980041,24.8936774],[112.8185635,24.8977607],[112.8280448,24.8960909],[112.8367137,24.9005286],[112.8540639,24.9008749],[112.8680282,24.8991317],[112.8700021,24.9098881],[112.8788777,24.915233],[112.8943061,24.9203014],[112.8999709,24.9250495],[112.9166786,24.9224291],[112.9295044,24.9245378],[112.9428328,24.9158821],[112.9521644,24.9271199],[112.9580924,24.9222838],[112.9704273,24.9233569],[112.984563,24.9303965],[112.9908581,24.9275388],[112.9995396,24.9164612],[112.995853,24.9077955],[113.0061051,24.8983692],[113.0072695,24.8824174],[113.0167406,24.8736804],[113.0141019,24.858791],[113.0092663,24.8544092],[112.9935461,24.8533939],[112.9739278,24.8355591],[112.9544836,24.8272698],[112.945924,24.8213172],[112.9552562,24.8022807],[112.9530764,24.7953831],[112.9428322,24.7904756],[112.9477357,24.7830601],[112.9370758,24.7650846],[112.9274187,24.7588548],[112.9265336,24.74641],[112.9346427,24.7424621],[112.931225,24.7329008],[112.9216208,24.7264908],[112.9214447,24.7200909],[112.9099733,24.7189631],[112.8906702,24.7206549],[112.8920722,24.7142304],[112.9002139,24.7074756],[112.8979369,24.7002339],[112.9038109,24.6852994],[112.9014067,24.6803447],[112.9108155,24.6699536],[112.9102793,24.6637917],[112.8955685,24.6594588],[112.8904866,24.653735],[112.8950825,24.6445551],[112.8929834,24.635601],[112.8787621,24.6197897],[112.8784024,24.6088909],[112.8818239,24.5984244],[112.8936474,24.604234],[112.8982331,24.598049],[112.9126947,24.6044935],[112.9208138,24.5991162],[112.9317085,24.6006477],[112.9399331,24.5972505],[112.9476188,24.5984536],[112.9567319,24.593127],[112.9599886,24.5834038],[112.9563654,24.5778528],[112.9581314,24.5709382],[112.962315,24.5718197],[112.9672739,24.5621547],[112.9728272,24.5608051],[112.9708112,24.5495533],[112.9800958,24.5448615],[112.9849729,24.548287],[112.9933479,24.5401758],[112.9935051,24.5318181],[113.0004137,24.5253451],[113.0168201,24.5170019],[113.0202513,24.4972345],[113.0420307,24.4782757],[113.0486678,24.4787885],[113.0523749,24.4733888],[113.0610039,24.469346],[113.0809153,24.4756036],[113.087478,24.4875424],[113.0915614,24.5035669],[113.1094575,24.5056598],[113.1184896,24.4950579],[113.1303891,24.4879543],[113.128903,24.4831046],[113.1392825,24.4842325],[113.1468028,24.4798041],[113.1445984,24.4719252],[113.150584,24.4703901],[113.1565136,24.4861414],[113.1667528,24.4768515],[113.1715532,24.481951],[113.185139,24.4816877],[113.1895671,24.4770514],[113.1990234,24.4772095],[113.2077361,24.4891777],[113.2110987,24.4985571],[113.2388874,24.5041051],[113.24172,24.5098427],[113.2478708,24.5119749],[113.2477569,24.496873],[113.255074,24.4898043],[113.2538165,24.4859976],[113.2665109,24.4684202],[113.285501,24.4638499],[113.290801,24.4596116],[113.301959,24.4671898],[113.3114862,24.466721],[113.3292305,24.4753808],[113.346407,24.4736466],[113.3648985,24.4884887],[113.3704304,24.4970292],[113.375693,24.4964336],[113.3717823,24.4848638],[113.3961582,24.488125],[113.4025157,24.4845268],[113.4121489,24.4874355],[113.4117865,24.4814385],[113.4060114,24.4763189],[113.41017,24.4632933],[113.4348284,24.4557604],[113.440361,24.4601585],[113.4640503,24.4646312],[113.4754014,24.4844928],[113.4796985,24.4758654],[113.4908294,24.4733808],[113.501371,24.4883305],[113.5078454,24.4837312],[113.5138428,24.4722872],[113.5241532,24.4837312],[113.5237441,24.4955973],[113.5335051,24.5050877],[113.5353112,24.5129029],[113.5402489,24.5105583],[113.5499668,24.5152457],[113.5515547,24.5109017],[113.5619187,24.5103258],[113.5700378,24.5128224],[113.5793896,24.5024553],[113.5792351,24.509291],[113.5840678,24.5185074],[113.5932772,24.516438],[113.5965011,24.5121023],[113.5913901,24.503283],[113.59611,24.4971324],[113.6019555,24.500344],[113.6051738,24.4931101],[113.6154459,24.4924197],[113.6189104,24.4954525],[113.6323524,24.489889],[113.6331924,24.4825758],[113.6469127,24.4743922],[113.6489786,24.4709562],[113.6607957,24.470881],[113.6767001,24.4582841],[113.6779647,24.4443151],[113.6979389,24.4265202],[113.7062659,24.4139696],[113.7169737,24.417485],[113.7182711,24.4338005],[113.7216951,24.4399076],[113.7320566,24.4382809],[113.7377414,24.4413078],[113.7480855,24.4400586],[113.7568187,24.4360148],[113.7580689,24.4195981],[113.769439,24.4171796],[113.7744557,24.4131817],[113.784,24.4127422],[113.7920415,24.404627],[113.798672,24.404541],[113.8004429,24.3903594],[113.7945413,24.3800916],[113.8026631,24.3731434],[113.808049,24.3571153],[113.8152051,24.3539094],[113.810598,24.3482737],[113.8186597,24.3416618],[113.8282998,24.3392688],[113.8337016,24.3412708],[113.843569,24.3282863],[113.8443163,24.3143508],[113.8397154,24.3093939],[113.8416785,24.2891979],[113.8388482,24.2822489],[113.8471663,24.2815308],[113.8435709,24.2746823],[113.8357485,24.2738238],[113.8380054,24.2640607],[113.8517641,24.256323],[113.8581107,24.2618945],[113.8682914,24.2550348],[113.863923,24.2471482],[113.8690141,24.2421952],[113.8761663,24.2499286],[113.8876462,24.2437853],[113.8854187,24.2327645],[113.8900928,24.2297774],[113.8907504,24.2120125],[113.9160328,24.2036877],[113.9175013,24.1959848],[113.9247415,24.1989657],[113.9227619,24.1888857],[113.9089586,24.1898522],[113.8970971,24.1850482],[113.9000171,24.1910736],[113.8937967,24.1929792],[113.8857484,24.1878743],[113.8808928,24.1810719],[113.8589356,24.1706848],[113.8593615,24.1661185],[113.8513683,24.1637387],[113.8576079,24.1500698],[113.8640806,24.1489862],[113.8661676,24.139918],[113.8529756,24.1346727],[113.8488533,24.1374624],[113.8480054,24.1294584],[113.8318913,24.1214855],[113.8306549,24.1167259],[113.8369489,24.107778],[113.8304651,24.1017378],[113.834216,24.0997221],[113.8334133,24.0907628],[113.8413172,24.0879285],[113.8336572,24.0830987],[113.8330237,24.0763971],[113.8237404,24.074839],[113.8266312,24.0644476],[113.8176044,24.0621436],[113.8127581,24.0572551],[113.7993555,24.0572254],[113.790331,24.0462224],[113.7842448,24.0310871],[113.7777291,24.0253633],[113.7743178,24.0313162],[113.763544,24.0271852],[113.7601832,24.0229768],[113.7523908,24.0291672],[113.7435501,24.0285293],[113.7371994,24.0228463],[113.7372105,24.0173921],[113.7306871,24.0077812],[113.7239675,24.0053338],[113.7207518,23.9993596],[113.7134726,23.9958939],[113.7279955,23.9816414],[113.7264834,23.9749834],[113.7340813,23.9736325],[113.7345534,23.9648891],[113.7476044,23.9612147],[113.7530101,23.9649017],[113.7612428,23.963667],[113.7696627,23.9579141],[113.7704268,23.9410997],[113.7869067,23.9349903],[113.79258,23.9285005],[113.7955637,23.9062159],[113.782163,23.9048709],[113.7766304,23.8994721],[113.7696112,23.8791429],[113.7624288,23.8751163],[113.7532443,23.8603964],[113.7433252,23.8565152],[113.7368989,23.8620799],[113.7294229,23.8557066],[113.7257801,23.8609158],[113.7082904,23.8651896],[113.7041334,23.8591168],[113.7126587,23.8471978],[113.7096926,23.8375645],[113.7151835,23.8277593],[113.7009878,23.817851],[113.6824733,23.828324],[113.6790064,23.8154097],[113.6614862,23.8169001],[113.6468141,23.8229968],[113.6347256,23.817365],[113.6282729,23.7995101],[113.6153508,23.7899284],[113.6101204,23.7829699],[113.6148986,23.7736276],[113.6245726,23.7658972],[113.6260713,23.7558811],[113.6312202,23.7529938],[113.6260805,23.740903],[113.629418,23.7357188],[113.6235525,23.7130502],[113.6333034,23.7076208],[113.6174905,23.7020025],[113.615607,23.6944898],[113.60681,23.6898296],[113.6105181,23.6826348],[113.5922135,23.6681691],[113.5821214,23.6717933],[113.582165,23.6780135],[113.5746534,23.6782122],[113.5698453,23.684119],[113.5628007,23.6824752],[113.5629114,23.6929767],[113.5530438,23.703789],[113.5393749,23.7054614],[113.5331283,23.7018022],[113.5399107,23.6985591],[113.5205939,23.6876399],[113.5144732,23.6895121],[113.507202,23.6842981],[113.5004972,23.6878198],[113.4897778,23.6848021],[113.4770973,23.6888562],[113.4753407,23.6862816],[113.4630914,23.6936749],[113.4641531,23.6990217],[113.4588141,23.7104632],[113.4492655,23.7124398],[113.4383277,23.7183754],[113.4389183,23.7260211],[113.4329023,23.729562],[113.4247949,23.7255493],[113.4182146,23.7292216],[113.4045779,23.7236276],[113.3949625,23.7261067],[113.3898295,23.7323309],[113.3728067,23.7339767],[113.3695344,23.7255517],[113.3698467,23.7152699],[113.3607928,23.7127457],[113.34509,23.6778756],[113.3435794,23.67045],[113.3329718,23.6682233],[113.3293779,23.6589066],[113.3225031,23.6579936],[113.3228501,23.6478893],[113.307026,23.645682],[113.2974512,23.6485853],[113.2847252,23.6471248],[113.2834491,23.6440829],[113.2940565,23.6400221],[113.2877116,23.6230927],[113.2747078,23.6115169],[113.2712008,23.6185857],[113.2615655,23.6119618],[113.2523731,23.6102762],[113.2431186,23.6041839],[113.2350196,23.6088281],[113.2391778,23.6008033],[113.2404799,23.5908309],[113.2225194,23.5969963],[113.2216171,23.5883136],[113.2091085,23.5868245],[113.1968426,23.5790582],[113.1953751,23.5643729],[113.2047675,23.5555704],[113.200887,23.5505963],[113.2065468,23.5464732],[113.2052692,23.5397465],[113.1987988,23.5404224],[113.1865458,23.5188844],[113.1663542,23.5145997],[113.1673392,23.5223945],[113.1599951,23.5115132],[113.1521805,23.5103747],[113.1380613,23.5136774],[113.1224973,23.5091744],[113.1134395,23.5092688],[113.1035088,23.5003728],[113.0958173,23.4977704],[113.0875723,23.4993149],[113.0782311,23.4969171],[113.0709393,23.4918932],[113.0658047,23.4838255],[113.0568625,23.4828313],[113.0548555,23.4761793],[113.0488299,23.4729816],[113.0343048,23.4773912],[113.0248836,23.4726448],[113.0127102,23.4716156],[113.0111287,23.4639244],[112.9927526,23.4657502],[112.9881267,23.4694648],[112.9841315,23.4662869],[112.9753993,23.4679174],[112.9699473,23.4654518],[112.9611037,23.4634985],[112.9610395,23.4532074],[112.9540443,23.4486011],[112.947926,23.4562009],[112.9382966,23.4593052],[112.9371451,23.4629348],[112.9251225,23.4658672],[112.9229523,23.469849],[112.9284299,23.4747619],[112.9206518,23.4751488],[112.9233516,23.4862467],[112.9086558,23.4914077],[112.9002965,23.4891028],[112.8918329,23.5021041],[112.8891506,23.5133256],[112.8826484,23.5201902],[112.8881963,23.529187],[112.9061038,23.5444328],[112.9102965,23.555106],[112.9035177,23.5635428],[112.8952448,23.5694962],[112.8870409,23.55853],[112.8890558,23.554923],[112.8665901,23.5736475],[112.8577878,23.576193],[112.8434131,23.5696363],[112.8314766,23.5680611],[112.8220158,23.5697123],[112.8208172,23.5621197],[112.8253401,23.5484197],[112.8154958,23.5512164],[112.8119891,23.5478009],[112.796963,23.5482018],[112.7915724,23.5544391],[112.79238,23.5613555],[112.7882051,23.5742935],[112.7949405,23.5744779],[112.7929185,23.5796843],[112.7945848,23.5915616],[112.7766248,23.5911325],[112.768144,23.5983673],[112.766955,23.6058932],[112.753665,23.6053571],[112.7452189,23.6126751],[112.746833,23.6312641],[112.7730827,23.6438775],[112.7794727,23.6578927],[112.7756615,23.6738407],[112.7634218,23.679984],[112.7540123,23.6749211],[112.7460522,23.6778878],[112.7393424,23.6707934],[112.7347157,23.6752205],[112.7406183,23.6889182],[112.7321463,23.6870223],[112.7235175,23.6811233],[112.722068,23.6865468],[112.7098633,23.694288],[112.7163563,23.7011671],[112.7193331,23.7128733],[112.7082661,23.7095115],[112.7061216,23.7147388],[112.7206701,23.7284265],[112.7379028,23.7550811],[112.7248215,23.7611579],[112.7061927,23.7554999],[112.7008189,23.7555042],[112.6925289,23.7683836],[112.6973382,23.7796427],[112.6990049,23.793228],[112.6955069,23.7958726],[112.7007325,23.8090391],[112.6843001,23.8090847],[112.670376,23.8178999],[112.6607409,23.8149632],[112.6503152,23.8153611],[112.6568687,23.8250046],[112.6700816,23.8339958],[112.6667997,23.8385116],[112.6670341,23.8542567],[112.6728677,23.8577288],[112.6707667,23.8692649],[112.6759491,23.8809363],[112.6870255,23.8923469],[112.68035,23.8980785],[112.6880413,23.9069867],[112.6882762,23.9154715],[112.6781021,23.9268019],[112.6774596,23.9418351],[112.6707329,23.9426222],[112.6592301,23.9521798],[112.64897,23.9511316],[112.6400378,23.943846],[112.6287872,23.9465456],[112.6176413,23.9465069],[112.6031803,23.9554522],[112.5833364,23.9595899],[112.5701237,23.9701856],[112.5619473,23.9677652],[112.5591779,23.9801938],[112.5511485,23.9809273],[112.5449762,23.9756681],[112.5305233,23.9735239],[112.5109661,23.9797652],[112.5096982,23.9922917],[112.5053149,23.9969275],[112.506123,24.0041109],[112.5018598,24.0113892],[112.5135094,24.0203648],[112.5033013,24.0428148],[112.5024849,24.0541472],[112.4947164,24.059586],[112.4926242,24.06711],[112.4955756,24.0835458],[112.4842471,24.0888083],[112.4884317,24.0981186],[112.4814083,24.1168769],[112.466183,24.1229799],[112.4584134,24.123442],[112.4471466,24.1183528],[112.4499941,24.1274412],[112.4415219,24.1245511],[112.4283699,24.1265859],[112.4244029,24.1296719],[112.4239254,24.1443094],[112.4292992,24.1543294],[112.4241253,24.1631832],[112.4294385,24.1670707],[112.4260616,24.1760284],[112.4336655,24.1829535],[112.4341345,24.1931882],[112.4426585,24.2054946],[112.4411221,24.2132249],[112.4476933,24.2120275],[112.4533269,24.2410809],[112.4504366,24.2506753],[112.444638,24.2836964],[112.4388396,24.2904346],[112.4183602,24.2876136],[112.4138993,24.2989185],[112.4058433,24.3096973],[112.3964162,24.3128657],[112.3889686,24.3219266],[112.3884653,24.3293131],[112.3794202,24.3310194],[112.372606,24.3395041],[112.3683526,24.3506245],[112.358674,24.3505573],[112.3523974,24.3535633],[112.3366507,24.3562623],[112.3143766,24.3829855],[112.3019551,24.3814299],[112.2936648,24.3885827],[112.2836998,24.3915058],[112.2794553,24.3801797],[112.2848972,24.3658766],[112.288361,24.347356],[112.2884301,24.3304249],[112.2691598,24.3234589],[112.2531088,24.3270978],[112.251677,24.3236299],[112.2567378,24.2933865],[112.2503227,24.2819976],[112.2511211,24.2625178],[112.2442285,24.2461984],[112.2395845,24.2435861],[112.2304432,24.2490351],[112.2130304,24.2471579],[112.2106779,24.2431914],[112.2119629,24.2290649],[112.1916066,24.2068411],[112.1815461,24.2052502],[112.1720753,24.2004106],[112.1645404,24.2001333],[112.1613109,24.1906296],[112.1521794,24.1885273],[112.1429257,24.1927656],[112.1390457,24.2040561],[112.1238374,24.2101353],[112.1186897,24.2172472],[112.1171014,24.2256471],[112.1096534,24.2316396],[112.1006697,24.2311637],[112.090591,24.2442326],[112.0813816,24.2595801],[112.0674746,24.2641025],[112.0624577,24.2633866],[112.0529442,24.2497406],[112.0477269,24.2486449],[112.0450004,24.2269319],[112.0359995,24.2193885],[112.0406084,24.2002829],[112.0364072,24.1942238],[112.0195838,24.1911141],[112.0015717,24.1929625],[111.9971798,24.1878478],[111.9916149,24.1911289],[111.9890112,24.2014397],[111.9816151,24.2079779],[111.9728743,24.2255711],[111.9564329,24.2376982],[111.9492026,24.2398516],[111.9375608,24.2378451],[111.935599,24.2481576],[111.9439323,24.2503733],[111.9509201,24.2632921],[111.9571962,24.2676345],[111.9638281,24.2666319],[111.9707639,24.2579991],[111.9828212,24.2619141],[111.9856424,24.2723872],[111.9851476,24.2826866],[111.9978125,24.2845052],[112.0106076,24.2968121],[112.0207726,24.2978798],[112.0254167,24.3043273],[112.0278559,24.3161458],[112.0397917,24.3234874],[112.0451389,24.3352713],[112.0541927,24.3437804],[112.0564063,24.3708594],[112.0522656,24.3898003],[112.0381858,24.3954731],[112.0347309,24.402194],[112.0367448,24.4130447],[112.0251476,24.4328255],[112.0191753,24.436888],[112.0178212,24.4443555],[112.0052344,24.4505816],[111.9944792,24.4533615],[111.9912674,24.4621766],[111.9813628,24.4674262],[111.9835243,24.475421],[111.982309,24.4851888],[111.9911285,24.4978234],[111.9967708,24.498674],[112.0044097,24.5057487],[111.9999219,24.5149566],[112.002066,24.5374306],[111.992526,24.5541124],[111.9834539,24.5560454],[111.9730404,24.5643495],[111.9740856,24.5687391],[111.9667866,24.5816134],[111.9581518,24.5839242],[111.949061,24.589777],[111.9451388,24.600084],[111.9433602,24.5957362],[111.9320023,24.5989002],[111.9333073,24.612576],[111.9223003,24.6324848]]]]}},{"type":"Feature","properties":{"name":"东莞市","osm_relation":3464319},"geometry":{"type":"MultiPolygon","coordinates":[[[[113.5158919,23.0174964],[113.5183588,23.0418393],[113.5269246,23.0536053],[113.5386455,23.0649889],[113.5447822,23.080553],[113.5528397,23.0846369],[113.5813551,23.090476],[113.5962749,23.0980693],[113.6059027,23.106276],[113.6351567,23.1065458],[113.6370561,23.1154273],[113.6477298,23.1231488],[113.6494801,23.1180074],[113.6557666,23.1197873],[113.656829,23.1140879],[113.6663255,23.1193773],[113.6848018,23.1244406],[113.7109555,23.1416388],[113.7192547,23.1449285],[113.7336826,23.1440984],[113.7497417,23.1328765],[113.7734055,23.1338238],[113.7862302,23.1305437],[113.8075787,23.1307491],[113.8345354,23.1200291],[113.839818,23.128348],[113.842917,23.1197378],[113.8590403,23.1176962],[113.8697249,23.12732],[113.8899706,23.114055],[113.9016164,23.1176553],[113.929573,23.1098545],[113.9573665,23.1168452],[113.9658154,23.1160052],[113.9818325,23.1042737],[113.9883157,23.0951803],[114.0041857,23.0864806],[114.0155807,23.0849952],[114.0326661,23.0926534],[114.0421686,23.0999115],[114.0550339,23.103779],[114.0800024,23.0996112],[114.0837392,23.0974894],[114.0864611,23.0800898],[114.0921355,23.0668051],[114.1028386,23.0572545],[114.1159405,23.0507598],[114.1231835,23.05059],[114.1238129,23.0444241],[114.1342853,23.0370796],[114.1368457,23.0310934],[114.1429353,23.0292041],[114.1458879,23.0219862],[114.1346543,23.0285248],[114.1270367,23.0069697],[114.1220782,23.0056635],[114.1191423,22.9968053],[114.1243617,22.9926462],[114.1271508,22.9971506],[114.1330553,22.9891177],[114.1506787,22.9858072],[114.1535159,22.9810929],[114.173323,22.9914872],[114.1775211,22.9988766],[114.1803814,22.9950758],[114.1921455,22.9940566],[114.1946598,22.9894593],[114.2075426,22.9904892],[114.2173229,22.9834498],[114.2184785,22.9660594],[114.2064698,22.9582491],[114.2093836,22.9497324],[114.2051355,22.9465329],[114.2078517,22.9315022],[114.2241017,22.9175012],[114.24041,22.914507],[114.244393,22.907904],[114.254358,22.908831],[114.255461,22.902397],[114.2464806,22.8868241],[114.2401794,22.8833161],[114.2318564,22.8884384],[114.2263371,22.8828353],[114.2254146,22.8739979],[114.2296589,22.8674944],[114.2306277,22.8563994],[114.2274445,22.8549115],[114.2308584,22.8347594],[114.2299118,22.8217774],[114.2244676,22.8152165],[114.2108697,22.8105578],[114.2060261,22.7957763],[114.2027169,22.7925036],[114.1849072,22.788482],[114.1744045,22.7818455],[114.1829497,22.7726581],[114.1771326,22.7680415],[114.1937688,22.7685722],[114.1981784,22.7576973],[114.2057775,22.7528787],[114.2036363,22.7486669],[114.2109395,22.7384148],[114.2037918,22.7320826],[114.2032778,22.7173673],[114.1915707,22.7139567],[114.1945248,22.7036675],[114.1922762,22.6910183],[114.1868415,22.69166],[114.1922619,22.6851041],[114.1801661,22.6738218],[114.1735266,22.6564988],[114.1651814,22.6585168],[114.1623714,22.6654601],[114.1559421,22.659471],[114.1558751,22.6676916],[114.150058,22.6630715],[114.1492687,22.6694015],[114.1556236,22.6716065],[114.1586807,22.6679251],[114.162725,22.6769961],[114.1606531,22.6834585],[114.1467591,22.6928368],[114.1444773,22.7024297],[114.1400447,22.7038302],[114.138356,22.7158559],[114.1323188,22.7191292],[114.1301771,22.7146989],[114.1246434,22.7193624],[114.1168357,22.718835],[114.1105028,22.7257173],[114.1021999,22.7257204],[114.0999509,22.7344328],[114.0942077,22.7379929],[114.0934861,22.7497409],[114.0869957,22.7488922],[114.0793429,22.7532696],[114.0697284,22.7430183],[114.0637708,22.7517509],[114.0577191,22.7522281],[114.0587456,22.7589495],[114.0446017,22.7590185],[114.047319,22.7657382],[114.0414824,22.7739782],[114.0347499,22.7669441],[114.0302211,22.7694451],[114.0127843,22.7630138],[113.9978526,22.7662247],[113.9904026,22.7731936],[113.9938956,22.7773994],[113.9891435,22.7850964],[113.9858384,22.8029281],[113.9701161,22.8001591],[113.9672164,22.8049682],[113.973392,22.8092099],[113.9678554,22.81497],[113.9504304,22.8181419],[113.9507649,22.8237688],[113.9329628,22.8354717],[113.9107308,22.8318112],[113.8994937,22.8353378],[113.8978611,22.8467546],[113.8888226,22.8490572],[113.8838146,22.8582288],[113.878323,22.8532785],[113.873322,22.8553093],[113.8657903,22.8481902],[113.8676408,22.839796],[113.8591667,22.8395864],[113.8521177,22.8354967],[113.846718,22.8401669],[113.8360294,22.8362773],[113.8299082,22.8249064],[113.8335522,22.8224072],[113.8349678,22.8109535],[113.8321854,22.8038274],[113.8219412,22.7954263],[113.8110728,22.795081],[113.8051604,22.785126],[113.7970713,22.7877752],[113.7957771,22.778636],[113.7868721,22.7707058],[113.7887827,22.761615],[113.7821791,22.7532489],[113.7687333,22.7474758],[113.7562057,22.7381518],[113.7486354,22.7342418],[113.7287052,22.7436927],[113.7220133,22.752395],[113.7189668,22.7496974],[113.7111884,22.7570578],[113.7105131,22.7432809],[113.7035407,22.7432129],[113.7034897,22.7487859],[113.6961418,22.7475528],[113.6959662,22.7431522],[113.6688074,22.7444658],[113.6634323,22.7477433],[113.6567692,22.7594208],[113.646308966,22.757797883],[113.6223219,22.789951],[113.6024092,22.8132132],[113.576145,22.8380535],[113.5668753,22.8562458],[113.5661886,22.8750682],[113.5697935,22.8930974],[113.5600088,22.907013],[113.5462759,22.9400568],[113.5383795,22.9520708],[113.5352748,22.9633366],[113.5272215,22.974515],[113.5217283,22.9863679],[113.5167502,23.0069104],[113.5158919,23.0174964]]],[[[113.6602076,22.7505116],[113.6602731,22.7504852],[113.6602306,22.7504322],[113.6602076,22.7505116]]],[[[113.6594251,22.7497339],[113.6598106,22.7503077],[113.660036,22.7499645],[113.6594251,22.7497339]]]]}},{"type":"Feature","properties":{"name":"中山市","osm_relation":3464878},"geometry":{"type":"MultiPolygon","coordinates":[[[[113.1516078,22.6169526],[113.1525811,22.6408822],[113.1582414,22.6549295],[113.1657518,22.6530694],[113.1652469,22.6615002],[113.1607825,22.6607834],[113.1554443,22.6681448],[113.1606764,22.6706719],[113.1559975,22.6764183],[113.1613571,22.6771754],[113.1717318,22.685008],[113.184003,22.6765845],[113.195688,22.6786828],[113.1938137,22.6855948],[113.1989595,22.6922268],[113.1989065,22.7000086],[113.2039728,22.7013545],[113.2167253,22.7146941],[113.2282171,22.7348944],[113.2309708,22.7436365],[113.2427607,22.7476336],[113.2516002,22.7419165],[113.2568405,22.7314935],[113.2621035,22.7280253],[113.2739505,22.7389636],[113.2867653,22.7418062],[113.2965562,22.7391534],[113.3243301,22.7444953],[113.3245591,22.7529173],[113.3369004,22.7610439],[113.3529869,22.7678058],[113.3598133,22.7761183],[113.4057951,22.7464538],[113.4205515,22.7416006],[113.4417096,22.7395992],[113.462705,22.7320437],[113.4592872,22.7244378],[113.4661229,22.7182327],[113.4966461,22.6959083],[113.5083421,22.6891432],[113.5345995,22.6693082],[113.5324873,22.6602679],[113.527715,22.6581652],[113.5327198,22.6478719],[113.5564095,22.6110384],[113.5670007,22.6056541],[113.5697346,22.608984],[113.5801661,22.6018107],[113.591459364,22.599257423],[113.5801692,22.596788],[113.57691,22.58275],[113.5836338,22.5775397],[113.5832155,22.58306],[113.5946967,22.5841119],[113.6052485,22.5779533],[113.6143452,22.5688587],[113.6189894,22.5604534],[113.6219141,22.5478468],[113.622557,22.522938],[113.625552,22.5052084],[113.5856617,22.5008605],[113.5828298,22.486151],[113.5776982,22.4863562],[113.5715299,22.4670753],[113.5809149,22.4669514],[113.5813135,22.4332235],[113.5802412,22.4269192],[113.5680291,22.4158777],[113.540761991,22.416623454],[113.5288862,22.4186076],[113.5139165,22.4175398],[113.512651,22.4117529],[113.5033263,22.4183165],[113.4982195,22.4130596],[113.4893292,22.4111217],[113.4901694,22.4008138],[113.4805655,22.3936622],[113.4871394,22.3797806],[113.4840606,22.3689748],[113.4894847,22.3650859],[113.4896497,22.357885],[113.4844975,22.3526097],[113.4848135,22.3444281],[113.492504,22.3435399],[113.4978678,22.3274066],[113.4848484,22.3205363],[113.4777189,22.3215691],[113.4643788,22.3125142],[113.4751299,22.3065728],[113.4908947,22.2855068],[113.4897293,22.2828859],[113.499408,22.2696852],[113.5037383,22.2720394],[113.5090734,22.2642534],[113.5073435,22.2529853],[113.5015619,22.2494054],[113.4816972,22.2451261],[113.477319,22.2458792],[113.4741574,22.2364308],[113.4812338,22.2297646],[113.4574177,22.2217464],[113.4520013,22.2160887],[113.4333235,22.2082833],[113.4236788,22.2062507],[113.4085685,22.2068322],[113.3970594,22.2199861],[113.3890862,22.2317618],[113.3822512,22.2371257],[113.3775939,22.2339123],[113.3698498,22.2409045],[113.3670921,22.239149],[113.3511554,22.2479551],[113.3439076,22.254348],[113.334452,22.2703341],[113.3311709,22.2833755],[113.3241811,22.2958793],[113.3162127,22.3147192],[113.3155137,22.3322634],[113.3019535,22.3492021],[113.2684934,22.3876855],[113.2574658,22.394955],[113.251067,22.4140595],[113.2514297,22.4411477],[113.239322,22.4608308],[113.2385755,22.4695148],[113.2285179,22.4898101],[113.2174893,22.5022481],[113.2066486,22.521177],[113.19414,22.5292099],[113.1819416,22.5427683],[113.1836633,22.5555506],[113.1793741,22.5778867],[113.1711825,22.5928837],[113.160198,22.6045988],[113.1603848,22.6090587],[113.1516078,22.6169526]]],[[[113.7178886,22.5527883],[113.7181766,22.552771],[113.7180032,22.5524811],[113.7178886,22.5527883]]],[[[113.7176443,22.5531594],[113.7178144,22.5533683],[113.718019,22.5531294],[113.7176443,22.5531594]]],[[[113.7121321,22.5514832],[113.7127252,22.551525],[113.7123192,22.5508021],[113.7121321,22.5514832]]],[[[113.6335439,22.5567901],[113.6337783,22.5560086],[113.6336479,22.5559753],[113.6335439,22.5567901]]],[[[113.6279296,22.5553328],[113.6282941,22.5545847],[113.6281638,22.5545513],[113.6279296,22.5553328]]],[[[113.6062395,22.5005143],[113.6070764,22.5003854],[113.606658,22.4999195],[113.6062395,22.5005143]]],[[[113.592728,22.4988825],[113.5992968,22.5010013],[113.6011513,22.4997458],[113.592728,22.4988825]]]]}},{"type":"Feature","properties":{"name":"潮州市","osm_relation":3244431},"geometry":{"type":"MultiPolygon","coordinates":[[[[116.36375,23.7354583],[116.368611,23.7426936],[116.376571,23.7400997],[116.38257,23.7502018],[116.3862073,23.7506432],[116.397214,23.7646491],[116.3981864,23.7716538],[116.407275,23.7740107],[116.4121447,23.7802501],[116.4211632,23.7832428],[116.4314677,23.7827778],[116.434636,23.7760142],[116.4471274,23.7714931],[116.4603305,23.7577089],[116.4805734,23.7540846],[116.491598,23.7550632],[116.4999661,23.7649421],[116.4998962,23.7903212],[116.5013897,23.7962305],[116.5122485,23.8053438],[116.5058168,23.8114376],[116.508846,23.8185139],[116.505339,23.8304063],[116.5139063,23.8260764],[116.5213975,23.8350849],[116.5120752,23.8486506],[116.494419,23.861088],[116.4905473,23.8668514],[116.4924219,23.8718258],[116.5098699,23.8693714],[116.5178215,23.8848374],[116.521216,23.8815799],[116.5309297,23.8844315],[116.534992,23.8923939],[116.5402604,23.8923877],[116.5542625,23.9018322],[116.5536197,23.9100222],[116.5643407,23.9131626],[116.5707211,23.9119838],[116.5860934,23.903774],[116.6003651,23.9136396],[116.6001128,23.935104],[116.6040016,23.944356],[116.5998087,23.9531683],[116.6191753,23.9500935],[116.6213634,23.9528406],[116.6040623,23.9639949],[116.6064494,23.9713451],[116.6166497,23.9723586],[116.6222917,23.9768574],[116.632934,23.971667],[116.6362848,23.9771896],[116.6367619,23.9924373],[116.6468409,23.9978969],[116.6532985,23.9913981],[116.6685245,23.9902343],[116.6810157,23.9924715],[116.6834466,23.9838104],[116.6900175,23.9832252],[116.6853816,23.9912869],[116.6909636,23.9946462],[116.6859292,24.0081119],[116.6931539,24.0057309],[116.6979961,24.0150956],[116.7045325,24.0188773],[116.7053071,24.0345309],[116.6980818,24.0436675],[116.6956165,24.0528275],[116.7079685,24.0651763],[116.7237848,24.0569338],[116.7314931,24.0571005],[116.7329771,24.0616734],[116.7438543,24.0696459],[116.7528912,24.0848656],[116.7613978,24.0777908],[116.7612014,24.0830164],[116.7694978,24.0937646],[116.7647512,24.1012253],[116.7674796,24.1051825],[116.7625176,24.1101582],[116.7595738,24.128276],[116.773832,24.14753],[116.779967,24.1515452],[116.7824603,24.158587],[116.7900465,24.1580965],[116.8089468,24.1719494],[116.812154,24.1685062],[116.8275711,24.1638888],[116.8256346,24.1684847],[116.8382017,24.1838005],[116.8491234,24.1851515],[116.8549397,24.1801733],[116.8569879,24.171022],[116.8625958,24.1666126],[116.874089,24.1707578],[116.8793923,24.1845946],[116.8797827,24.1965845],[116.8909375,24.2007548],[116.8962589,24.1999413],[116.9000694,24.2051299],[116.891892,24.2194702],[116.8971439,24.2264976],[116.9126394,24.2357618],[116.9285538,24.226105],[116.9294792,24.2220974],[116.9388181,24.2186421],[116.9515538,24.2198785],[116.9531429,24.2151911],[116.9616556,24.2106353],[116.9673535,24.2010288],[116.9732892,24.2041025],[116.9864583,24.1939948],[116.9862108,24.1893136],[116.9929764,24.1880984],[116.9856944,24.1711437],[116.974184,24.1649023],[116.9682899,24.1563607],[116.9601563,24.1562044],[116.9477865,24.146352],[116.9425174,24.1377995],[116.9312446,24.1311369],[116.9220747,24.1014952],[116.9249479,24.094247],[116.9238628,24.0858681],[116.9252257,24.0683355],[116.9306542,24.0588073],[116.9374862,24.0560616],[116.9478819,24.0575651],[116.9473347,24.0404084],[116.9358941,24.0379883],[116.950599,24.0230686],[116.9501172,24.0059199],[116.9573316,24.0148115],[116.9771615,24.0021832],[116.9707726,23.9933811],[116.9676545,23.976009],[116.9779861,23.9620508],[116.974809,23.9554058],[116.9755382,23.9437695],[116.9687141,23.9298034],[116.9592609,23.9251215],[116.9542563,23.9265633],[116.950418,23.9216092],[116.9547046,23.9172677],[116.9542701,23.9034309],[116.9684088,23.8975432],[116.9699837,23.8877965],[116.9746385,23.8871638],[116.9723932,23.8726477],[116.957323,23.8743871],[116.9541385,23.8708817],[116.9604622,23.8611713],[116.9765175,23.858921],[116.9802682,23.8657704],[116.9942946,23.8621502],[116.997817,23.8576547],[116.9994687,23.8665751],[117.0036082,23.8672252],[117.0022188,23.8588597],[117.007445,23.8584119],[117.0082383,23.851606],[117.0130122,23.8497092],[117.0187572,23.8403001],[117.0211954,23.8298789],[117.0293131,23.8298085],[117.0272206,23.818532],[117.0164021,23.8120429],[117.0344878,23.7809353],[117.0377083,23.7672201],[117.0409164,23.7632131],[117.0395639,23.7539426],[117.048177,23.741604],[117.0444271,23.7266059],[117.0491059,23.7109766],[117.048342,23.7008529],[117.0529514,23.6947765],[117.0617014,23.6912066],[117.069158,23.6933615],[117.0859392,23.6665377],[117.0879909,23.6720239],[117.0921748,23.6676153],[117.1014036,23.6681745],[117.1071566,23.6584221],[117.1156175,23.6562556],[117.1187202,23.647212],[117.125386,23.6538766],[117.1361187,23.6532137],[117.1424597,23.6562086],[117.1522822,23.6433623],[117.158767,23.6404568],[117.1695677,23.6429335],[117.1828472,23.6322642],[117.1863242,23.6318956],[117.1894721,23.6194626],[117.1702516,23.6129228],[117.1527099,23.6022601],[117.13076,23.5813],[117.1241421,23.5684807],[117.1246929,23.5638445],[117.1078446,23.5663535],[117.0956574,23.5595076],[117.0886642,23.5473405],[117.0744364,23.5525089],[117.0840887,23.5634532],[117.079034,23.5774694],[117.084255,23.5814323],[117.0853292,23.5886348],[117.0810509,23.5912225],[117.0722477,23.6067826],[117.0735648,23.6199213],[117.034526,23.6223401],[117.0315924,23.6215126],[117.0203812,23.6128903],[117.0177923,23.6176167],[116.9872718,23.6306552],[116.9843952,23.6378897],[116.984963,23.6253245],[116.9740567,23.6157417],[116.9740761,23.61082],[116.9669971,23.61406],[116.9591865,23.6095443],[116.9630775,23.5980579],[116.9738785,23.6014703],[116.9766196,23.5965225],[116.9680746,23.5796321],[116.9607284,23.5764102],[116.9598823,23.5658273],[116.9651216,23.5579835],[116.9638335,23.547579],[116.9595735,23.542955],[116.9391452,23.5447533],[116.9368306,23.5386757],[116.924281,23.5394805],[116.9209605,23.5420861],[116.918565,23.5584157],[116.9224458,23.5673137],[116.9401774,23.5758062],[116.9456669,23.5823061],[116.9464581,23.5907602],[116.9629272,23.5980325],[116.9588859,23.609537],[116.9556454,23.6023435],[116.943731,23.6067221],[116.9369296,23.6151728],[116.9270088,23.6139664],[116.9387555,23.6116897],[116.9462865,23.6002138],[116.9392282,23.5950192],[116.9432212,23.5831255],[116.9380448,23.578477],[116.9238645,23.5739088],[116.9244799,23.59498],[116.9208638,23.5718702],[116.9164355,23.5712175],[116.9059615,23.5856317],[116.906521703,23.602459466],[116.9072449,23.6054613],[116.8966482,23.6129943],[116.8965446,23.6213246],[116.8870305,23.6253354],[116.8762791,23.6224895],[116.8699234,23.6172985],[116.858741,23.6251588],[116.8585851,23.6353389],[116.8517711,23.6407577],[116.8371703,23.643075],[116.8264499,23.6484436],[116.8199918,23.6446919],[116.8188174,23.6389753],[116.8232466,23.6354627],[116.8180297,23.6295381],[116.8270664,23.6250626],[116.8229865,23.6144706],[116.810451,23.6151087],[116.8008157,23.6093967],[116.7911978,23.6130686],[116.7871354,23.6019641],[116.7899569,23.5921459],[116.7820577,23.5886048],[116.780608,23.5821157],[116.7679857,23.586743],[116.7567712,23.5765362],[116.7512414,23.5781925],[116.7465536,23.5907056],[116.7365364,23.5972004],[116.7343321,23.6042103],[116.7141489,23.6030121],[116.7079353,23.5999557],[116.7099763,23.587353],[116.7013258,23.5822316],[116.6977482,23.5853581],[116.6977871,23.5762082],[116.7111513,23.5685159],[116.7149538,23.5558821],[116.706562,23.5539166],[116.7001188,23.5387324],[116.6984742,23.5222121],[116.7035594,23.5161178],[116.7045016,23.500383],[116.7115577,23.4922808],[116.7126645,23.4712405],[116.7081035,23.4618365],[116.6981301,23.4596213],[116.694138,23.4505893],[116.6979611,23.4407999],[116.6813691,23.432414],[116.6772294,23.4412975],[116.6659426,23.4353323],[116.6638604,23.4309859],[116.6500854,23.4338163],[116.6458368,23.4289533],[116.6362228,23.4314399],[116.6337991,23.4275751],[116.625738,23.4321393],[116.6295744,23.4450914],[116.6292184,23.45329],[116.6154083,23.4691901],[116.6039842,23.467526],[116.5893058,23.4759957],[116.5764327,23.47663],[116.5634029,23.4839344],[116.5555206,23.4851221],[116.5504078,23.4983055],[116.5392538,23.5082794],[116.5416751,23.5332599],[116.5475003,23.5353369],[116.5492184,23.5442857],[116.5663338,23.5508777],[116.5606327,23.5597803],[116.5627032,23.5719242],[116.5522465,23.5765871],[116.5471836,23.582189],[116.5451825,23.5756653],[116.5378318,23.5763702],[116.5289998,23.584539],[116.5290212,23.5935258],[116.5214038,23.5938601],[116.5229165,23.6061789],[116.5289462,23.6087251],[116.5290749,23.6189587],[116.5214896,23.6281888],[116.5227127,23.6365828],[116.517241,23.6474726],[116.5110183,23.6502637],[116.5096479,23.6585486],[116.4802586,23.6613916],[116.4698861,23.6584195],[116.4656423,23.6720748],[116.4587162,23.6691434],[116.4597654,23.6767062],[116.4437677,23.6802062],[116.439991,23.6722132],[116.4352167,23.673945],[116.4296529,23.682168],[116.4267884,23.6930558],[116.422023,23.6951785],[116.3993663,23.6967883],[116.3807467,23.7170852],[116.3718749,23.7147568],[116.3668578,23.7198703],[116.367925,23.7259763],[116.36375,23.7354583]]],[[[116.9309942,23.530702],[116.9321358,23.5353837],[116.9485027,23.5403116],[116.9623026,23.5423108],[116.9659987,23.5468007],[116.9689062,23.5582955],[116.9738978,23.5627972],[116.9825278,23.5560445],[116.9898945,23.5556167],[116.9880451,23.5598481],[116.9992219,23.5673774],[117.0107608,23.5703005],[117.0194782,23.5637346],[117.0179102,23.5526355],[117.0134711,23.5535059],[117.0064129,23.5452184],[117.0001942,23.5465204],[116.9945615,23.5324549],[116.9917811,23.5137939],[116.9869156,23.5090028],[116.9735894,23.5134936],[116.9615409,23.5142191],[116.9400912,23.5208989],[116.9309942,23.530702]]],[[[117.018228,23.5790915],[117.0307097,23.5779067],[117.0341478,23.5820395],[117.0395962,23.5781534],[117.040241,23.5719789],[117.0338407,23.5649195],[117.0221005,23.5729316],[117.018228,23.5790915]]],[[[117.0616007,23.5746912],[117.0737779,23.5752468],[117.0798498,23.5646423],[117.0684256,23.5631611],[117.0619521,23.5673479],[117.0616007,23.5746912]]],[[[117.2003352,23.5262085],[117.2011882,23.5255593],[117.2003889,23.5254511],[117.2003352,23.5262085]]],[[[117.1246085,23.5636282],[117.1247238,23.5636405],[117.1247613,23.5635151],[117.1246085,23.5636282]]],[[[117.090982,23.5468111],[117.0910682,23.5466841],[117.0909886,23.5466436],[117.090982,23.5468111]]],[[[117.0907156,23.5469564],[117.0908212,23.547017],[117.0907634,23.5469045],[117.0907156,23.5469564]]],[[[117.0904478,23.5464036],[117.0910272,23.5464208],[117.090598,23.5456487],[117.0904478,23.5464036]]],[[[117.0808127,23.5645724],[117.0809019,23.5647394],[117.0809957,23.5645919],[117.0808127,23.5645724]]],[[[117.0804499,23.5643707],[117.0805304,23.5643731],[117.0805036,23.5643141],[117.0804499,23.5643707]]],[[[117.0804097,23.565123],[117.0805277,23.5651193],[117.0804405,23.5650443],[117.0804097,23.565123]]],[[[117.0803386,23.5649583],[117.0808428,23.564855],[117.0804834,23.5644026],[117.0803386,23.5649583]]],[[[117.080293,23.5642994],[117.0803788,23.5643682],[117.0803869,23.5643141],[117.080293,23.5642994]]],[[[117.0789848,23.5632053],[117.0790605,23.5633725],[117.0791812,23.5632367],[117.0789848,23.5632053]]],[[[117.0788822,23.5626251],[117.0791021,23.5626816],[117.0788956,23.5624186],[117.0788822,23.5626251]]],[[[117.0788607,23.5629349],[117.0791021,23.5630627],[117.0792577,23.562866],[117.0788607,23.5629349]]],[[[117.0786756,23.5771791],[117.0788339,23.5771717],[117.0787024,23.5770611],[117.0786756,23.5771791]]],[[[117.0785281,23.5428862],[117.078858,23.5430017],[117.0788714,23.5429157],[117.0785281,23.5428862]]],[[[117.0772246,23.5770316],[117.0772876,23.5770623],[117.0773184,23.5770156],[117.0772246,23.5770316]]],[[[117.0772219,23.5771496],[117.077352,23.5771803],[117.0773225,23.5770967],[117.0772219,23.5771496]]],[[[117.0771897,23.5601394],[117.0771897,23.5604861],[117.0775223,23.560314],[117.0771897,23.5601394]]],[[[117.0770019,23.5774986],[117.0772541,23.5774446],[117.0771789,23.577125],[117.0770019,23.5774986]]],[[[117.0769858,23.5796177],[117.0770529,23.5796435],[117.0770489,23.5795808],[117.0769858,23.5796177]]],[[[117.0767002,23.5776941],[117.0768102,23.5776732],[117.076782,23.5775785],[117.0767002,23.5776941]]],[[[117.0757467,23.5784967],[117.0759559,23.578772],[117.0760578,23.5786344],[117.0757467,23.5784967]]],[[[117.0743693,23.5787708],[117.0744374,23.5788438],[117.0744941,23.5787806],[117.0743693,23.5787708]]],[[[117.0708758,23.5624862],[117.0708919,23.5625821],[117.0709549,23.5624985],[117.0708758,23.5624862]]],[[[117.061549,23.5406694],[117.0624316,23.5423124],[117.0628465,23.539579],[117.061549,23.5406694]]],[[[117.0324618,23.6206607],[117.0326603,23.6206716],[117.0325549,23.6205128],[117.0324618,23.6206607]]],[[[117.032295,23.6206751],[117.032296,23.6207332],[117.0324142,23.6206854],[117.032295,23.6206751]]],[[[117.0321297,23.6204296],[117.0322284,23.6206273],[117.0323236,23.6205989],[117.0321297,23.6204296]]],[[[117.0317778,23.6201037],[117.0320035,23.6202928],[117.0321261,23.6200762],[117.0317778,23.6201037]]],[[[117.0316976,23.6202899],[117.0317348,23.6204031],[117.0317845,23.6203185],[117.0316976,23.6202899]]],[[[117.0316732,23.6204437],[117.0318169,23.6211646],[117.0323921,23.621034],[117.0316732,23.6204437]]],[[[117.0217109,23.609138],[117.0218019,23.6093456],[117.0218702,23.6091102],[117.0217109,23.609138]]],[[[117.0216056,23.6087618],[117.0217723,23.6089318],[117.0220062,23.6087512],[117.0216056,23.6087618]]],[[[117.0118571,23.6147033],[117.0118757,23.6149386],[117.011977,23.6147942],[117.0118571,23.6147033]]],[[[116.9875112,23.495313],[116.9876779,23.4960192],[116.9889907,23.495277],[116.9875112,23.495313]]],[[[116.9859421,23.4932384],[116.9861522,23.4933048],[116.9861015,23.4929526],[116.9859421,23.4932384]]],[[[116.9855291,23.4944677],[116.9874994,23.4947595],[116.9867049,23.4933936],[116.9855291,23.4944677]]],[[[116.9844205,23.4993117],[116.9845075,23.4995044],[116.9849277,23.4992652],[116.9844205,23.4993117]]],[[[116.9834372,23.5008872],[116.984627,23.5010259],[116.98455,23.4998801],[116.9834372,23.5008872]]],[[[116.98343,23.5055401],[116.9850412,23.5055508],[116.9842528,23.5043487],[116.98343,23.5055401]]],[[[116.9830523,23.5039732],[116.9833646,23.504284],[116.9833911,23.5041237],[116.9830523,23.5039732]]],[[[116.982724,23.504818],[116.9831793,23.5049539],[116.9828299,23.5046675],[116.982724,23.504818]]],[[[116.9787632,23.4978874],[116.9788986,23.4980116],[116.9788986,23.4978531],[116.9787632,23.4978874]]],[[[116.9743445,23.5028338],[116.9745427,23.5030545],[116.9748258,23.5027818],[116.9743445,23.5028338]]],[[[116.9724128,23.5057862],[116.9724436,23.5058865],[116.9724729,23.5058173],[116.9724128,23.5057862]]],[[[116.9181023,23.5358533],[116.918879,23.5368064],[116.9188015,23.535345],[116.9181023,23.5358533]]],[[[116.9139496,23.5091796],[116.9145384,23.5087569],[116.9140817,23.5085129],[116.9139496,23.5091796]]],[[[116.912821044,23.55244405],[116.91285156,23.55296376],[116.918879,23.5550463],[116.912821044,23.55244405]]],[[[116.912764635,23.554434847],[116.9128655,23.55356],[116.912840622,23.553148874],[116.912764635,23.554434847]]],[[[116.911916292,23.568791183],[116.9126818,23.5620645],[116.9124933,23.559026815],[116.911916292,23.568791183]]],[[[116.9113433,23.5098362],[116.9113916,23.510825],[116.9126844,23.5095681],[116.9113433,23.5098362]]],[[[116.9100572,23.5112628],[116.9100741,23.511393],[116.9101927,23.5113612],[116.9100572,23.5112628]]],[[[116.9095328,23.5150738],[116.9101363,23.5152312],[116.909962,23.51485],[116.9095328,23.5150738]]],[[[116.9070714,23.5154669],[116.9075049,23.5161133],[116.9079365,23.5151479],[116.9070714,23.5154669]]]]}},{"type":"Feature","properties":{"name":"揭阳市","osm_relation":3282749},"geometry":{"type":"MultiPolygon","coordinates":[[[[115.601988,23.4746269],[115.6115541,23.477771],[115.6185934,23.4926761],[115.6148441,23.5018407],[115.617543,23.5098634],[115.632483,23.5177122],[115.6374649,23.5165754],[115.6351998,23.5315105],[115.6477869,23.5360521],[115.6548696,23.5352847],[115.6650082,23.5510763],[115.6826995,23.560171],[115.6899649,23.5527294],[115.6972486,23.5366946],[115.7091057,23.5216902],[115.7184284,23.5172225],[115.7290099,23.5188263],[115.731719,23.5285283],[115.7468575,23.5300521],[115.754965,23.5254773],[115.7713626,23.5272052],[115.7814583,23.5200498],[115.78862,23.5283096],[115.7836805,23.5418575],[115.7877342,23.5470596],[115.7966404,23.5457072],[115.8032557,23.55678],[115.7974391,23.5598008],[115.8027429,23.5662046],[115.8076569,23.5815778],[115.8058594,23.5880842],[115.7970662,23.5918122],[115.7934725,23.5997286],[115.8031335,23.6013937],[115.8035769,23.6093213],[115.7986111,23.6109594],[115.795339,23.6180902],[115.8048964,23.6314021],[115.8138199,23.6472589],[115.8220055,23.6489133],[115.8212243,23.6536786],[115.8299912,23.6635438],[115.840599,23.6648898],[115.8439152,23.6603001],[115.8558251,23.6602694],[115.8591319,23.6487897],[115.8715972,23.6367278],[115.8829172,23.6337635],[115.8917191,23.6286241],[115.8933339,23.6228712],[115.9008157,23.6240168],[115.9012325,23.6297416],[115.9102344,23.6335985],[115.9191499,23.6309091],[115.949948,23.6478841],[115.9563721,23.6554993],[115.9540975,23.6585938],[115.967761,23.6667623],[115.9812415,23.6796314],[116.0019443,23.6780622],[116.0097395,23.6713844],[116.0128123,23.6644551],[116.0065884,23.6567924],[116.0165541,23.6471942],[116.0254085,23.646639],[116.0346533,23.650632],[116.0509988,23.6419551],[116.0516752,23.6488197],[116.0675867,23.6452173],[116.0694622,23.6386979],[116.0756422,23.6363995],[116.0799742,23.6281015],[116.0907037,23.6285204],[116.0940103,23.6249611],[116.1013626,23.6307687],[116.1125179,23.6233029],[116.1287326,23.6266],[116.1302084,23.6227543],[116.1459289,23.6186695],[116.1607122,23.6185354],[116.173169,23.6307143],[116.1752343,23.6396054],[116.1839929,23.6400308],[116.1854947,23.6511802],[116.1754079,23.6531837],[116.1729776,23.6598052],[116.1760334,23.6670382],[116.1726302,23.668633],[116.1783683,23.6769333],[116.176441,23.6879968],[116.1912242,23.6883229],[116.2097394,23.7050976],[116.212066,23.7123913],[116.2094789,23.7215169],[116.2230906,23.7314233],[116.2320921,23.7307614],[116.2240364,23.7221379],[116.228533,23.7207725],[116.2488806,23.7362977],[116.2497487,23.7398226],[116.2670403,23.7490343],[116.2666667,23.7599094],[116.283863,23.7657512],[116.2944101,23.7615068],[116.3034466,23.7727476],[116.3139764,23.7743795],[116.3154175,23.7780839],[116.3228129,23.7753263],[116.3308076,23.7764373],[116.3340455,23.7613329],[116.3455825,23.7540256],[116.3500352,23.7455165],[116.36375,23.7354583],[116.367925,23.7259763],[116.3668578,23.7198703],[116.3718749,23.7147568],[116.3807467,23.7170852],[116.3993663,23.6967883],[116.422023,23.6951785],[116.4267884,23.6930558],[116.4296529,23.682168],[116.4352167,23.673945],[116.439991,23.6722132],[116.4437677,23.6802062],[116.4597654,23.6767062],[116.4587162,23.6691434],[116.4656423,23.6720748],[116.4698861,23.6584195],[116.4802586,23.6613916],[116.5096479,23.6585486],[116.5110183,23.6502637],[116.517241,23.6474726],[116.5227127,23.6365828],[116.5214896,23.6281888],[116.5290749,23.6189587],[116.5289462,23.6087251],[116.5229165,23.6061789],[116.5214038,23.5938601],[116.5290212,23.5935258],[116.5289998,23.584539],[116.5378318,23.5763702],[116.5451825,23.5756653],[116.5471836,23.582189],[116.5522465,23.5765871],[116.5627032,23.5719242],[116.5606327,23.5597803],[116.5663338,23.5508777],[116.5492184,23.5442857],[116.5475003,23.5353369],[116.5416751,23.5332599],[116.5392538,23.5082794],[116.5504078,23.4983055],[116.5555206,23.4851221],[116.5634029,23.4839344],[116.5764327,23.47663],[116.5893058,23.4759957],[116.6039842,23.467526],[116.6154083,23.4691901],[116.6292184,23.45329],[116.6295744,23.4450914],[116.625738,23.4321393],[116.6096705,23.4360349],[116.6020925,23.4447566],[116.5855899,23.4560156],[116.5837505,23.4647507],[116.5759201,23.4639015],[116.5755036,23.4507403],[116.5851733,23.4461503],[116.5867739,23.4290425],[116.577622,23.4259372],[116.5724562,23.4146317],[116.5820399,23.4123586],[116.5797827,23.4082875],[116.5708009,23.4106545],[116.5736286,23.405883],[116.5661896,23.3940367],[116.5644586,23.3807765],[116.5425834,23.423026],[116.5335532,23.4327585],[116.5196495,23.4394656],[116.4674748,23.4397287],[116.461598,23.4423588],[116.4637481,23.4552458],[116.4859653,23.4794383],[116.486682,23.4966597],[116.4832419,23.5009975],[116.4709138,23.5030403],[116.4441109,23.491533],[116.436672,23.4853119],[116.429923,23.4741393],[116.4188365,23.4698472],[116.4117147,23.476558],[116.4079358,23.4913738],[116.4102744,23.5063855],[116.4087295,23.5150824],[116.4038145,23.5147482],[116.4004039,23.5066609],[116.3940095,23.5024106],[116.3731956,23.5033945],[116.3728523,23.4974714],[116.36796,23.4991835],[116.3559651,23.4755086],[116.3512415,23.4729732],[116.3448145,23.4555699],[116.3399686,23.4488928],[116.3310098,23.4461207],[116.3148803,23.4514629],[116.3124274,23.443404],[116.3143104,23.4325803],[116.3185214,23.4241099],[116.3255542,23.4268447],[116.3353251,23.4141684],[116.3483905,23.4119807],[116.3487113,23.4056026],[116.3418208,23.4076151],[116.3403436,23.4017595],[116.3457297,23.3905551],[116.3455581,23.3612468],[116.3504863,23.3539065],[116.3444472,23.3384926],[116.3248729,23.3388672],[116.3142299,23.3332717],[116.3147678,23.3290723],[116.3261965,23.318648],[116.3184848,23.304879],[116.3048513,23.2982294],[116.3099881,23.2935249],[116.3081281,23.2885467],[116.298179,23.2814368],[116.3006744,23.2732473],[116.2945956,23.2655051],[116.2939379,23.2561807],[116.2898379,23.2513274],[116.2895664,23.2423963],[116.2748703,23.2285917],[116.2622656,23.2305269],[116.2572047,23.2259593],[116.2555638,23.2094485],[116.2646704,23.2075886],[116.2599222,23.1993748],[116.2482466,23.1941776],[116.2509896,23.1892273],[116.247404,23.1836504],[116.2587582,23.186259],[116.2577948,23.1777925],[116.2474223,23.1785523],[116.2503907,23.1551563],[116.2438716,23.1508654],[116.2400438,23.1430754],[116.2504163,23.1306532],[116.252005,23.1246805],[116.2615018,23.1224519],[116.2821792,23.1130421],[116.2868667,23.1018079],[116.2982896,23.0986779],[116.3002512,23.1038457],[116.3082641,23.1053215],[116.3148527,23.1016662],[116.3209463,23.1040688],[116.3229429,23.0990381],[116.3355646,23.0898759],[116.3395572,23.0727687],[116.3437069,23.0675453],[116.3420664,23.0611129],[116.3636457,23.0600478],[116.3703383,23.0529319],[116.3654429,23.0493748],[116.3758069,23.0423463],[116.3912412,23.0470354],[116.4007815,23.0564738],[116.4221697,23.0658876],[116.4309197,23.0751672],[116.4325255,23.0827471],[116.441884,23.0883592],[116.4408506,23.0957743],[116.4492877,23.0936738],[116.4587669,23.0968333],[116.4742357,23.1068167],[116.501545,23.1044137],[116.5100524,23.0966665],[116.5365475,23.1038472],[116.54516,23.0995401],[116.5521499,23.0894739],[116.5471,23.06248],[116.5476701,23.0537301],[116.5552201,23.04422],[116.5546999,23.03289],[116.5654501,23.0182601],[116.5546735,23.0120869],[116.5581628,23.0048748],[116.5481679,23.0009046],[116.5438,23.0033506],[116.5398457,23.0051535],[116.5228361,22.9990738],[116.515663,22.9901297],[116.5131747,22.9814035],[116.5127366,22.9758166],[116.5157497,22.9669754],[116.5111199,22.9682884],[116.5050745,22.9564867],[116.50259,22.94315],[116.4978899,22.9385],[116.4891368,22.9384906],[116.4841466,22.9366452],[116.4824201,22.9421348],[116.4743283,22.9465996],[116.4664158,22.9461601],[116.457883,22.9494118],[116.4553414,22.9489159],[116.4432514,22.9414207],[116.4176414,22.9360553],[116.4171538,22.9378093],[116.4137847,22.9387012],[116.4092397,22.9385239],[116.3992211,22.9324647],[116.3898629,22.9330847],[116.3808011,22.9289409],[116.3666714,22.9340716],[116.35571,22.93695],[116.3400043,22.9451586],[116.33386,22.94484],[116.3260497,22.9509851],[116.3203406,22.961925],[116.3114646,22.9622732],[116.2886363,22.958339],[116.272307,22.9524139],[116.2506992,22.9397109],[116.2423545,22.9313632],[116.219548,22.9199191],[116.2190652,22.9237779],[116.2033153,22.9322312],[116.1862403,22.9304033],[116.170823,22.922518],[116.1719227,22.9144049],[116.1657348,22.9093106],[116.1680362,22.8960796],[116.158002,22.8935815],[116.1512804,22.8889658],[116.1412167,22.8926426],[116.1383602,22.898306],[116.1313033,22.9019528],[116.1259623,22.897008],[116.0983631,22.8935281],[116.0967114,22.8984406],[116.0845673,22.9037611],[116.0770947,22.9179284],[116.0599893,22.9200427],[116.0432912,22.9256352],[116.0258709,22.9408658],[116.017286,22.9399988],[116.0149122,22.9359427],[116.006423,22.9486791],[116.0022495,22.9477132],[115.9935198,22.9364666],[115.9793322,22.9277143],[115.9734702,22.9350587],[115.9757483,22.9412318],[115.9655245,22.9435424],[115.9620212,22.9509177],[115.9733559,22.9546724],[115.9687671,22.972637],[115.9655436,22.9599439],[115.9598565,22.9521694],[115.9545433,22.9599101],[115.9393267,22.9591541],[115.9443154,22.9755543],[115.9366576,22.9840196],[115.9367571,22.9899069],[115.9449382,22.9951267],[115.9410428,22.998906],[115.9554966,23.0202639],[115.9499588,23.0244291],[115.9441512,23.013886],[115.941479,23.0177021],[115.9377267,23.009039],[115.9191817,23.0204851],[115.9270504,23.0302554],[115.9330286,23.0332895],[115.946275,23.0271501],[115.9509414,23.0344227],[115.9508501,23.041144],[115.9624759,23.0500955],[115.9602664,23.0557745],[115.9466201,23.0641136],[115.9458351,23.0687991],[115.938439,23.0676616],[115.9319204,23.0711568],[115.9306124,23.0763912],[115.9353438,23.085057],[115.929146,23.0880941],[115.9163365,23.1029849],[115.918705,23.1138337],[115.9109464,23.1161093],[115.9043316,23.1285129],[115.894401,23.1323353],[115.8883849,23.126417],[115.8790707,23.1224047],[115.8598181,23.1206767],[115.8469612,23.1015795],[115.8415795,23.1027234],[115.8283416,23.1149416],[115.8285595,23.1256316],[115.8163454,23.1311655],[115.8122046,23.1303922],[115.7948174,23.1357333],[115.7867448,23.1422156],[115.7759896,23.1609184],[115.7720573,23.163398],[115.7587933,23.16186],[115.7482464,23.1704424],[115.7283593,23.1805404],[115.7209109,23.1864542],[115.7287761,23.1954386],[115.7258764,23.2017337],[115.7339578,23.2137714],[115.738724,23.2105341],[115.7474215,23.1962199],[115.7530121,23.2185629],[115.745356,23.2282988],[115.7434893,23.2359397],[115.7534284,23.2475912],[115.7633855,23.2470295],[115.7745749,23.2498983],[115.7861809,23.249338],[115.7926045,23.2518247],[115.8062762,23.2514515],[115.8195401,23.255849],[115.827005,23.2608154],[115.8193406,23.2705451],[115.8199648,23.2751278],[115.8029777,23.2860024],[115.7930299,23.2892491],[115.7926307,23.3117794],[115.7978125,23.3194231],[115.7974042,23.3270556],[115.8081855,23.3293488],[115.815061,23.3384119],[115.8066056,23.3493534],[115.7827,23.3715408],[115.7729599,23.3862324],[115.7528382,23.3845031],[115.7418488,23.3797202],[115.7351385,23.3818508],[115.729618,23.3755506],[115.7212415,23.3719619],[115.7087329,23.373394],[115.6983069,23.3708785],[115.694627,23.3618125],[115.6837606,23.3562038],[115.6721701,23.3576867],[115.669262,23.3769724],[115.672995,23.3825082],[115.6669794,23.3861331],[115.6684291,23.3977803],[115.6785846,23.4067685],[115.6781681,23.4103948],[115.6532725,23.4231556],[115.6437237,23.4330755],[115.6416411,23.4424257],[115.63625,23.4470032],[115.6206854,23.4544289],[115.6188022,23.4626368],[115.60987,23.4724843],[115.601988,23.4746269]]],[[[116.5671724,23.0211232],[116.568235,23.0211511],[116.5678704,23.0204925],[116.5671724,23.0211232]]],[[[116.5618542,23.042831],[116.5621787,23.042641],[116.5620299,23.042462],[116.5618542,23.042831]]],[[[116.5617509,23.0429199],[116.5617912,23.0429804],[116.561818,23.0428964],[116.5617509,23.0429199]]],[[[116.5615605,23.0422164],[116.5620674,23.0421955],[116.5616664,23.041903],[116.5615605,23.0422164]]],[[[116.5615551,23.0426077],[116.5617791,23.0425521],[116.5615672,23.0423041],[116.5615551,23.0426077]]],[[[116.5615457,23.0110813],[116.5616329,23.01118],[116.5616758,23.0110282],[116.5615457,23.0110813]]],[[[116.5613727,23.0123897],[116.5614438,23.0124132],[116.5614599,23.0123255],[116.5613727,23.0123897]]],[[[116.5611675,23.0111393],[116.5612413,23.01128],[116.5614492,23.0111146],[116.5611675,23.0111393]]],[[[116.5610267,23.0428853],[116.5610294,23.0429927],[116.5611072,23.0429248],[116.5610267,23.0428853]]],[[[116.5607733,23.012744],[116.5615618,23.0128057],[116.5612882,23.0122083],[116.5607733,23.012744]]],[[[116.5604514,23.010885],[116.56091,23.0110652],[116.5609825,23.0107196],[116.5604514,23.010885]]],[[[116.5601671,23.012707],[116.5606177,23.0125675],[116.5604608,23.012386],[116.5601671,23.012707]]],[[[116.559805,23.0131723],[116.5598841,23.0131748],[116.559817,23.0130871],[116.559805,23.0131723]]],[[[116.5597768,23.0092272],[116.560037,23.0093655],[116.5600651,23.0090655],[116.5597768,23.0092272]]],[[[116.5596145,23.0110553],[116.5597621,23.011243],[116.5598801,23.0110874],[116.5596145,23.0110553]]],[[[116.5594442,23.0096778],[116.559872,23.0096457],[116.5597795,23.0093136],[116.5594442,23.0096778]]],[[[116.5591854,23.0109986],[116.5591934,23.0111319],[116.5592927,23.0110553],[116.5591854,23.0109986]]],[[[116.5591586,23.0096062],[116.5592283,23.0096938],[116.5592591,23.0095864],[116.5591586,23.0096062]]],[[[116.559113,23.0444576],[116.5613526,23.0425706],[116.5593088,23.0427718],[116.559113,23.0444576]]],[[[116.5590499,23.0125144],[116.5599874,23.0122675],[116.5598626,23.0119281],[116.5590499,23.0125144]]],[[[116.5590218,23.0452671],[116.5591291,23.0454004],[116.5591653,23.0452067],[116.5590218,23.0452671]]],[[[116.5588703,23.0123764],[116.5590338,23.0122836],[116.5589145,23.0122502],[116.5588703,23.0123764]]],[[[116.5587297,23.0129349],[116.5588595,23.0131415],[116.5591572,23.0127884],[116.5587297,23.0129349]]],[[[116.558602,23.0454794],[116.5586382,23.0454498],[116.5586154,23.0454177],[116.558602,23.0454794]]],[[[116.5585497,23.0115935],[116.5586838,23.0119318],[116.5589038,23.0115516],[116.5585497,23.0115935]]],[[[116.5583566,23.0460471],[116.5586208,23.0461766],[116.5586047,23.0459829],[116.5583566,23.0460471]]],[[[116.558248,23.0122922],[116.5582681,23.0125218],[116.558378,23.0122934],[116.558248,23.0122922]]],[[[116.5582412,23.0127514],[116.5583673,23.0127329],[116.5582466,23.0126267],[116.5582412,23.0127514]]],[[[116.5581755,23.0119071],[116.558366,23.0121873],[116.5585899,23.0119404],[116.5581755,23.0119071]]],[[[116.5579529,23.0466345],[116.5587267,23.0445119],[116.5580723,23.0446279],[116.5579529,23.0466345]]],[[[116.557906,23.0891845],[116.5580535,23.089113],[116.5579113,23.0890513],[116.557906,23.0891845]]],[[[116.5578523,23.0894214],[116.5580106,23.0894041],[116.5578926,23.0893227],[116.5578523,23.0894214]]],[[[116.5573508,23.0896706],[116.5573776,23.0899001],[116.5577397,23.0896854],[116.5573508,23.0896706]]],[[[116.5572971,23.085782],[116.557517,23.0859745],[116.558252,23.085629],[116.5572971,23.085782]]],[[[116.5572542,23.0121515],[116.5573092,23.012154],[116.5572998,23.0120885],[116.5572542,23.0121515]]],[[[116.5571509,23.0079953],[116.5572233,23.0081915],[116.5574379,23.0080286],[116.5571509,23.0079953]]],[[[116.5568929,23.0365065],[116.5570221,23.0367047],[116.5571643,23.0360011],[116.5568929,23.0365065]]],[[[116.5567459,23.0124045],[116.5568814,23.0124045],[116.5567593,23.0122947],[116.5567459,23.0124045]]],[[[116.5556931,23.002039],[116.556235,23.0021427],[116.5562966,23.0017551],[116.5556931,23.002039]]],[[[116.5554973,23.0943905],[116.5555295,23.0945164],[116.5557039,23.09443],[116.5554973,23.0943905]]],[[[116.5524155,23.0802944],[116.553188,23.0809458],[116.5533274,23.0803585],[116.5524155,23.0802944]]],[[[116.551871,23.0955082],[116.5553954,23.094958],[116.5524557,23.0942302],[116.551871,23.0955082]]],[[[116.5507418,23.0003577],[116.5508263,23.0003169],[116.5507847,23.0002305],[116.5507418,23.0003577]]],[[[116.5505514,23.0014181],[116.5512072,23.0013724],[116.5508732,23.0005787],[116.5505514,23.0014181]]],[[[116.550428,23.0017601],[116.5507289,23.0018309],[116.550715,23.0017144],[116.550428,23.0017601]]],[[[116.5488401,23.100899],[116.549111,23.1007929],[116.5489206,23.1007362],[116.5488401,23.100899]]],[[[116.5487275,22.9981134],[116.5487999,22.9985479],[116.5491539,22.9980887],[116.5487275,22.9981134]]],[[[116.5484512,23.1030676],[116.548529,23.1031194],[116.548596,23.1030553],[116.5484512,23.1030676]]],[[[116.548022,23.1015454],[116.5482071,23.1015775],[116.5480891,23.101459],[116.548022,23.1015454]]],[[[116.5479523,23.1040988],[116.5482205,23.1036252],[116.5479898,23.1036054],[116.5479523,23.1040988]]],[[[116.5479523,23.1008595],[116.5480676,23.1009237],[116.5481374,23.1007806],[116.5479523,23.1008595]]],[[[116.5474105,23.1026285],[116.5476412,23.10289],[116.5477431,23.1025692],[116.5474105,23.1026285]]],[[[116.5470672,23.1019623],[116.5471852,23.1020585],[116.5471664,23.1019574],[116.5470672,23.1019623]]],[[[116.5469652,23.1031959],[116.5471744,23.1031613],[116.546976,23.1030331],[116.5469652,23.1031959]]],[[[116.5469035,23.1014985],[116.5470055,23.1014862],[116.5469089,23.1013949],[116.5469035,23.1014985]]],[[[116.5468955,23.1016687],[116.546984,23.1017921],[116.5471235,23.1016465],[116.5468955,23.1016687]]],[[[116.546858,23.1027592],[116.5470028,23.1028628],[116.5470377,23.1026531],[116.546858,23.1027592]]],[[[116.5466326,23.1032255],[116.546756,23.1032354],[116.5466809,23.1031416],[116.5466326,23.1032255]]],[[[116.5464503,23.1050561],[116.5476358,23.1049673],[116.5465093,23.1033242],[116.5464503,23.1050561]]],[[[116.5463403,23.1007682],[116.5465146,23.1006868],[116.5464234,23.1006103],[116.5463403,23.1007682]]],[[[116.5463188,23.101728],[116.5463939,23.1016761],[116.5463215,23.1016811],[116.5463188,23.101728]]],[[[116.546284,23.1019377],[116.5463644,23.1019229],[116.5462893,23.1018439],[116.546284,23.1019377]]],[[[116.5462625,23.1031564],[116.5465039,23.1029492],[116.5463269,23.1029294],[116.5462625,23.1031564]]],[[[116.5462089,23.1022189],[116.5469116,23.1023719],[116.5467989,23.1018883],[116.5462089,23.1022189]]],[[[116.5461659,23.1006276],[116.5462437,23.1006449],[116.5462089,23.1005881],[116.5461659,23.1006276]]],[[[116.5456241,23.1007312],[116.5458655,23.1008497],[116.5457529,23.1006597],[116.5456241,23.1007312]]],[[[116.5455973,23.1011852],[116.5456295,23.1012839],[116.5457287,23.1012419],[116.5455973,23.1011852]]],[[[116.5455678,23.1010618],[116.5457529,23.1010939],[116.545777,23.1009286],[116.5455678,23.1010618]]],[[[116.5444949,23.1004278],[116.5445191,23.1005561],[116.5446398,23.1004426],[116.5444949,23.1004278]]],[[[116.5443903,23.1009261],[116.5445754,23.1008028],[116.5444359,23.1007288],[116.5443903,23.1009261]]],[[[116.5441972,23.1010224],[116.5442857,23.1010298],[116.5442857,23.1009335],[116.5441972,23.1010224]]],[[[116.5441945,23.1007954],[116.5443608,23.100746],[116.5444064,23.1005067],[116.5441945,23.1007954]]],[[[116.5439102,23.1016761],[116.5440872,23.1016737],[116.5440524,23.101538],[116.5439102,23.1016761]]],[[[116.54387,23.1013159],[116.5438834,23.1014196],[116.5440014,23.1013258],[116.54387,23.1013159]]],[[[116.5438592,23.1006523],[116.5438861,23.1007238],[116.5439397,23.1006992],[116.5438592,23.1006523]]],[[[116.5436983,23.1010618],[116.5438405,23.1012814],[116.5438646,23.1009138],[116.5436983,23.1010618]]],[[[116.5435964,23.101496],[116.5436447,23.1016638],[116.5436822,23.1014985],[116.5435964,23.101496]]],[[[116.543595,22.9995676],[116.5436393,22.9995713],[116.5435964,22.999533],[116.543595,22.9995676]]],[[[116.5435937,23.1017674],[116.5436447,23.1018686],[116.5437198,23.101723],[116.5435937,23.1017674]]],[[[116.5435937,23.101311],[116.5436205,23.101459],[116.5437171,23.1014146],[116.5435937,23.101311]]],[[[116.5435213,23.1027765],[116.5440792,23.102959],[116.543988,23.1018785],[116.5435213,23.1027765]]],[[[116.5434623,23.1015824],[116.5435535,23.1015873],[116.5434703,23.1013974],[116.5434623,23.1015824]]],[[[116.5431887,23.1026704],[116.5433416,23.1026087],[116.5432504,23.1025717],[116.5431887,23.1026704]]],[[[116.5430653,23.1025347],[116.5430707,23.1026605],[116.5431994,23.1025668],[116.5430653,23.1025347]]],[[[116.5430492,23.1024632],[116.5431672,23.102478],[116.5430707,23.1024163],[116.5430492,23.1024632]]],[[[116.5428185,23.1032354],[116.5428615,23.1044936],[116.5436125,23.1038324],[116.5428185,23.1032354]]],[[[116.5424497,23.0034797],[116.5425262,23.0034463],[116.5424511,23.003392],[116.5424497,23.0034797]]],[[[116.5422834,23.0022995],[116.5423344,23.0023131],[116.5423492,23.0022699],[116.5422834,23.0022995]]],[[[116.5412937,23.0037747],[116.5412951,23.003834],[116.5413447,23.0038352],[116.5412937,23.0037747]]],[[[116.5411569,23.0020094],[116.5412092,23.0020144],[116.5412132,23.0019613],[116.5411569,23.0020094]]],[[[116.5410295,22.9965356],[116.5410966,22.9965431],[116.5410832,22.99649],[116.5410295,22.9965356]]],[[[116.5409528,23.0044257],[116.5410654,23.0042171],[116.5409608,23.004259],[116.5409528,23.0044257]]],[[[116.5409294,23.0046054],[116.540973,23.0045079],[116.5409334,23.0045091],[116.5409294,23.0046054]]],[[[116.540769,23.004571],[116.54082,23.0046438],[116.5408039,23.0045512],[116.540769,23.004571]]],[[[116.5369485,23.0013885],[116.537092,23.0015527],[116.5372074,23.0013922],[116.5369485,23.0013885]]],[[[116.5226912,22.9640539],[116.5228951,22.9643601],[116.5233564,22.9642416],[116.5226912,22.9640539]]],[[[116.5222514,22.9651405],[116.5225947,22.9653875],[116.5226269,22.9650812],[116.5222514,22.9651405]]],[[[116.5222299,22.9644885],[116.5228414,22.9645083],[116.5226376,22.9643799],[116.5222299,22.9644885]]],[[[116.5208459,22.9630067],[116.521039,22.9639946],[116.5219724,22.9635402],[116.5208459,22.9630067]]],[[[116.5204918,22.9628981],[116.5210175,22.9627005],[116.520524,22.9623152],[116.5204918,22.9628981]]],[[[116.5174395,22.9656048],[116.5174395,22.9662469],[116.5183514,22.9658419],[116.5174395,22.9656048]]],[[[116.5173858,22.9700722],[116.5177533,22.9700278],[116.5176675,22.9697981],[116.5173858,22.9700722]]],[[[116.5169969,22.9715885],[116.5171257,22.9717836],[116.5174073,22.9717466],[116.5169969,22.9715885]]],[[[116.5168467,22.9709193],[116.5171364,22.9714379],[116.5181771,22.9708477],[116.5168467,22.9709193]]],[[[116.5167797,22.9729319],[116.5168923,22.9730134],[116.5169835,22.9728529],[116.5167797,22.9729319]]],[[[116.516659,22.9704575],[116.516777,22.9707884],[116.5170184,22.9705192],[116.516659,22.9704575]]],[[[116.5166026,22.9710724],[116.5166268,22.9711909],[116.5168333,22.9711193],[116.5166026,22.9710724]]],[[[116.5161547,22.9677904],[116.5161842,22.967878],[116.516325,22.9677916],[116.5161547,22.9677904]]],[[[116.5156155,22.9651022],[116.5158999,22.96518],[116.5158543,22.9650294],[116.5156155,22.9651022]]],[[[116.5155271,22.9741766],[116.5159643,22.9746655],[116.5169755,22.9744037],[116.5155271,22.9741766]]],[[[116.5149531,22.976467],[116.5152669,22.9764361],[116.5149745,22.9761978],[116.5149531,22.976467]]],[[[116.5148753,22.9588379],[116.5151247,22.9588971],[116.5149155,22.9586032],[116.5148753,22.9588379]]],[[[116.5148002,22.9629524],[116.5155137,22.9626511],[116.5150952,22.9625474],[116.5148002,22.9629524]]],[[[116.5147291,22.9600826],[116.5149276,22.9601369],[116.5147814,22.9599628],[116.5147291,22.9600826]]],[[[116.5145051,22.962656],[116.5147948,22.9625721],[116.5147197,22.9622955],[116.5145051,22.962656]]],[[[116.5142503,22.948062],[116.5143871,22.948141],[116.5143469,22.9480496],[116.5142503,22.948062]]],[[[116.5140921,22.9606556],[116.5149987,22.9603493],[116.5143818,22.9602703],[116.5140921,22.9606556]]],[[[116.5140089,22.9639798],[116.514253,22.9640835],[116.5142101,22.9638526],[116.5140089,22.9639798]]],[[[116.5139097,22.9822786],[116.5140653,22.9823329],[116.5141082,22.9821601],[116.5139097,22.9822786]]],[[[116.5136495,22.9594528],[116.5136924,22.9595417],[116.5137662,22.9594751],[116.5136495,22.9594528]]],[[[116.5135825,22.9753347],[116.5144032,22.975552],[116.514363,22.9752755],[116.5135825,22.9753347]]],[[[116.5133464,22.9602604],[116.5148123,22.9596516],[116.5143013,22.9591503],[116.5133464,22.9602604]]],[[[116.5132847,22.9466986],[116.5136602,22.9466492],[116.5134349,22.9463873],[116.5132847,22.9466986]]],[[[116.5132016,22.9630166],[116.5135395,22.9633871],[116.5140921,22.9626313],[116.5132016,22.9630166]]],[[[116.5130809,22.9633796],[116.5131627,22.9636649],[116.5132673,22.9634525],[116.5130809,22.9633796]]],[[[116.5129448,22.9666649],[116.5129917,22.9666698],[116.5129575,22.9666099],[116.5129448,22.9666649]]],[[[116.5126973,22.9632982],[116.5129548,22.9641378],[116.5133625,22.963881],[116.5126973,22.9632982]]],[[[116.5126692,22.9666223],[116.5127027,22.9666383],[116.5126926,22.9665982],[116.5126692,22.9666223]]],[[[116.5126088,22.9665735],[116.5126652,22.9665772],[116.5126289,22.9665371],[116.5126088,22.9665735]]],[[[116.5125579,22.9596566],[116.5129334,22.9597566],[116.5128744,22.9595887],[116.5125579,22.9596566]]],[[[116.512417,22.9595516],[116.5130675,22.9594405],[116.5127456,22.9590305],[116.512417,22.9595516]]],[[[116.5123916,22.960542],[116.5130621,22.9606457],[116.5129749,22.9600023],[116.5123916,22.960542]]],[[[116.512295,22.9597813],[116.512472,22.9598603],[116.5123728,22.9596418],[116.512295,22.9597813]]],[[[116.5121931,22.9604383],[116.512421,22.9602555],[116.5122226,22.9599678],[116.5121931,22.9604383]]],[[[116.5117733,22.9609013],[116.5119597,22.9608828],[116.5119195,22.9607939],[116.5117733,22.9609013]]],[[[116.5117639,22.960521],[116.51235,22.9608556],[116.5125686,22.9606902],[116.5117639,22.960521]]],[[[116.5116996,22.9611298],[116.5119678,22.9612977],[116.5121448,22.9610211],[116.5116996,22.9611298]]],[[[116.5113455,22.9639452],[116.5118015,22.9638736],[116.5114032,22.9636031],[116.5113455,22.9639452]]],[[[116.5107071,22.9572572],[116.5109593,22.9577018],[116.5115386,22.9572918],[116.5107071,22.9572572]]],[[[116.5106991,22.9475976],[116.510801,22.9477508],[116.5109217,22.9476618],[116.5106991,22.9475976]]],[[[116.5100983,22.9470938],[116.5103906,22.9472074],[116.5102404,22.9468739],[116.5100983,22.9470938]]],[[[116.5099347,22.9574449],[116.5105569,22.9574746],[116.5102136,22.9570448],[116.5099347,22.9574449]]],[[[116.5091246,22.9582402],[116.5102458,22.9585415],[116.5107983,22.9579982],[116.5091246,22.9582402]]],[[[116.5089154,22.9468122],[116.5089664,22.9470567],[116.5091407,22.9468888],[116.5089154,22.9468122]]],[[[116.5088725,22.9585217],[116.5097576,22.9588132],[116.5100956,22.9586107],[116.5088725,22.9585217]]],[[[116.5087169,22.9494031],[116.508835,22.949376],[116.5088591,22.949208],[116.5087169,22.9494031]]],[[[116.5086365,22.9551332],[116.5096879,22.9553506],[116.5097308,22.9542638],[116.5086365,22.9551332]]],[[[116.508548,22.946869],[116.5087035,22.9468641],[116.5086901,22.9467035],[116.508548,22.946869]]],[[[116.508438,22.9469456],[116.5085104,22.9472518],[116.5087491,22.9471604],[116.508438,22.9469456]]],[[[116.5083736,22.948304],[116.508548,22.9485486],[116.5089396,22.9482522],[116.5083736,22.948304]]],[[[116.5083401,22.9583575],[116.5083401,22.9584081],[116.508375,22.9583995],[116.5083401,22.9583575]]],[[[116.5082033,22.9586514],[116.5082663,22.958665],[116.5082435,22.9586045],[116.5082033,22.9586514]]],[[[116.5077969,22.9479187],[116.5081859,22.9477409],[116.5080222,22.9476223],[116.5077969,22.9479187]]],[[[116.506885,22.9576228],[116.5070111,22.9575635],[116.5069547,22.9574894],[116.506885,22.9576228]]],[[[116.5068769,22.9525448],[116.5073168,22.952614],[116.5073115,22.9523966],[116.5068769,22.9525448]]],[[[116.506834,22.9566546],[116.5070567,22.9565558],[116.5068528,22.9565076],[116.506834,22.9566546]]],[[[116.5067884,22.9486671],[116.5069306,22.9487807],[116.5069923,22.948635],[116.5067884,22.9486671]]],[[[116.5067777,22.949907],[116.5069306,22.9501046],[116.5071827,22.9498675],[116.5067777,22.949907]]],[[[116.5064907,22.9517693],[116.5070432,22.9520904],[116.5070915,22.9517397],[116.5064907,22.9517693]]],[[[116.5064853,22.9576771],[116.5065309,22.9578697],[116.5066141,22.9577339],[116.5064853,22.9576771]]],[[[116.5064733,22.9558779],[116.5065108,22.9559112],[116.506547,22.9558396],[116.5064733,22.9558779]]],[[[116.5064183,22.9504059],[116.5067455,22.9505344],[116.5065175,22.9503368],[116.5064183,22.9504059]]],[[[116.5060294,22.9490129],[116.5061393,22.9493957],[116.5066436,22.9493389],[116.5060294,22.9490129]]],[[[116.5059113,22.9470542],[116.5060991,22.9472098],[116.506303,22.9469628],[116.5059113,22.9470542]]],[[[116.5055814,22.9453598],[116.5064102,22.9457106],[116.5069038,22.9452215],[116.5055814,22.9453598]]],[[[116.5055519,22.95376],[116.5059006,22.9537748],[116.5059274,22.9536019],[116.5055519,22.95376]]],[[[116.5055358,22.9529499],[116.5064317,22.953019],[116.5063351,22.9523769],[116.5055358,22.9529499]]],[[[116.5054125,22.9561755],[116.5055841,22.9563558],[116.5057826,22.9560248],[116.5054125,22.9561755]]],[[[116.5052301,22.9523225],[116.5054929,22.9524263],[116.5054876,22.9521941],[116.5052301,22.9523225]]],[[[116.5052247,22.9456958],[116.5054902,22.9457279],[116.5054178,22.9455871],[116.5052247,22.9456958]]],[[[116.5050933,22.9468319],[116.5053186,22.946953],[116.5053293,22.9467702],[116.5050933,22.9468319]]],[[[116.5049136,22.9427194],[116.5053159,22.942754],[116.5052944,22.9425712],[116.5049136,22.9427194]]],[[[116.5048867,22.9450042],[116.5050691,22.9450017],[116.5049565,22.9449227],[116.5048867,22.9450042]]],[[[116.5046856,22.9458835],[116.5049377,22.9460539],[116.504935,22.9458365],[116.5046856,22.9458835]]],[[[116.5046775,22.9460885],[116.5047714,22.9463009],[116.5050396,22.9461305],[116.5046775,22.9460885]]],[[[116.5045649,22.9527523],[116.5050799,22.9528807],[116.5052086,22.9525597],[116.5045649,22.9527523]]],[[[116.5044093,22.9472321],[116.5046427,22.9473037],[116.5045863,22.9470814],[116.5044093,22.9472321]]],[[[116.5044093,22.9453771],[116.5055492,22.945266],[116.504699,22.9450042],[116.5044093,22.9453771]]],[[[116.5040794,22.9458193],[116.5042242,22.9458365],[116.5041438,22.9457402],[116.5040794,22.9458193]]],[[[116.5039802,22.9450956],[116.5040794,22.9451795],[116.5040901,22.9450906],[116.5039802,22.9450956]]],[[[116.5039211,22.9452314],[116.5039882,22.9452783],[116.504015,22.9452314],[116.5039211,22.9452314]]],[[[116.5038836,22.9445275],[116.5038836,22.9446658],[116.5040526,22.9445447],[116.5038836,22.9445275]]],[[[116.5037951,22.9465948],[116.5043905,22.9463602],[116.5039238,22.9463602],[116.5037951,22.9465948]]],[[[116.5037951,22.9453178],[116.5038568,22.9454216],[116.503956,22.9453203],[116.5037951,22.9453178]]],[[[116.5036529,22.9450906],[116.5037468,22.9450338],[116.5037012,22.9449548],[116.5036529,22.9450906]]],[[[116.5036502,22.9449103],[116.5037173,22.9449103],[116.5036824,22.9448263],[116.5036502,22.9449103]]],[[[116.5035993,22.9464195],[116.5037012,22.9464812],[116.5036771,22.9463157],[116.5035993,22.9464195]]],[[[116.5035564,22.9473531],[116.5037978,22.9473852],[116.5036073,22.947158],[116.5035564,22.9473531]]],[[[116.503551,22.945466],[116.5037763,22.9455303],[116.5038004,22.9454488],[116.503551,22.945466]]],[[[116.5034491,22.9453722],[116.5035135,22.9454438],[116.5035671,22.9453672],[116.5034491,22.9453722]]],[[[116.4961696,22.9379966],[116.496352,22.9382906],[116.496478,22.9380312],[116.4961696,22.9379966]]],[[[116.4947426,22.9354993],[116.4952522,22.935729],[116.4953783,22.9352967],[116.4947426,22.9354993]]],[[[116.4944744,22.9378336],[116.4946541,22.9380411],[116.4948472,22.9377941],[116.4944744,22.9378336]]],[[[116.4942357,22.9354697],[116.4943671,22.9355734],[116.4944664,22.9354079],[116.4942357,22.9354697]]],[[[116.4940265,22.93544],[116.4941338,22.9355388],[116.4941525,22.9354425],[116.4940265,22.93544]]],[[[116.491996,22.9374606],[116.492039,22.9375421],[116.4920577,22.9374581],[116.491996,22.9374606]]],[[[116.4919451,22.9373643],[116.4933318,22.9374235],[116.4933291,22.936769],[116.4919451,22.9373643]]],[[[116.4910895,22.9343235],[116.4912853,22.9344643],[116.4914247,22.934242],[116.4910895,22.9343235]]],[[[116.4898851,22.938335],[116.4900461,22.9384338],[116.4900541,22.9380781],[116.4898851,22.938335]]],[[[116.4894533,22.9359415],[116.4895177,22.9362576],[116.4899093,22.9360749],[116.4894533,22.9359415]]],[[[116.4891046,22.937384],[116.4892334,22.9375125],[116.4893728,22.9373346],[116.4891046,22.937384]]],[[[116.4884019,22.936391],[116.4885253,22.9366183],[116.488654,22.9363663],[116.4884019,22.936391]]],[[[116.4883777,22.9376854],[116.4883938,22.937799],[116.4885172,22.9377175],[116.4883777,22.9376854]]],[[[116.4872968,22.9327154],[116.4875704,22.93275],[116.4876026,22.9325622],[116.4872968,22.9327154]]],[[[116.4871359,22.9327549],[116.4871573,22.9331156],[116.4874309,22.9329081],[116.4871359,22.9327549]]],[[[116.4864144,22.9363663],[116.4866745,22.936349],[116.486586,22.9362107],[116.4864144,22.9363663]]],[[[116.4856607,22.9331502],[116.4870554,22.9331551],[116.4861381,22.9324585],[116.4856607,22.9331502]]],[[[116.4854568,22.932503],[116.4857143,22.9327154],[116.4857626,22.9323844],[116.4854568,22.932503]]],[[[116.4847648,22.9361341],[116.4850143,22.9359118],[116.4847916,22.9357389],[116.4847648,22.9361341]]],[[[116.4845985,22.932834],[116.4854997,22.9331057],[116.4851993,22.932414],[116.4845985,22.932834]]],[[[116.4842096,22.9352399],[116.4845234,22.935277],[116.4844,22.935114],[116.4842096,22.9352399]]],[[[116.4841506,22.9358204],[116.4844349,22.9357216],[116.4843518,22.9356697],[116.4841506,22.9358204]]],[[[116.4837697,22.9361341],[116.483987,22.9362626],[116.4841613,22.9359242],[116.4837697,22.9361341]]],[[[116.4833781,22.936927],[116.4834613,22.9368727],[116.4833915,22.9368085],[116.4833781,22.936927]]],[[[116.4829811,22.9363886],[116.4830723,22.9364972],[116.4831367,22.9363713],[116.4829811,22.9363886]]],[[[116.4828712,22.9375273],[116.483303,22.9376335],[116.4831743,22.9373569],[116.4828712,22.9375273]]],[[[116.4828122,22.9357858],[116.4829624,22.9357216],[116.4828551,22.9356253],[116.4828122,22.9357858]]],[[[116.4827927,22.9403247],[116.4828229,22.9403556],[116.4828249,22.9403284],[116.4827927,22.9403247]]],[[[116.482619,22.937967],[116.4827237,22.9380337],[116.4827934,22.9379447],[116.482619,22.937967]]],[[[116.4825808,22.9394429],[116.482617,22.9394194],[116.4825909,22.9394003],[116.4825808,22.9394429]]],[[[116.4820638,22.9354104],[116.4821684,22.9353733],[116.4820692,22.9353017],[116.4820638,22.9354104]]],[[[116.4820451,22.9383251],[116.482214,22.9384388],[116.4822248,22.9383177],[116.4820451,22.9383251]]],[[[116.481986,22.9373791],[116.4828175,22.9374507],[116.4823481,22.9369147],[116.481986,22.9373791]]],[[[116.4819693,22.939877],[116.4819733,22.9399245],[116.482271,22.9398634],[116.4819693,22.939877]]],[[[116.4818761,22.9364404],[116.4827585,22.936927],[116.4824045,22.9362947],[116.4818761,22.9364404]]],[[[116.4817098,22.9358871],[116.482088,22.9360156],[116.4820933,22.9357587],[116.4817098,22.9358871]]],[[[116.4816534,22.9361662],[116.4817876,22.9361415],[116.481683,22.9360921],[116.4816534,22.9361662]]],[[[116.4814147,22.9360724],[116.4815301,22.9361045],[116.4815381,22.9360131],[116.4814147,22.9360724]]],[[[116.4813933,22.9358797],[116.4814711,22.9359415],[116.4814603,22.9358155],[116.4813933,22.9358797]]],[[[116.4813852,22.9364478],[116.4815462,22.9365689],[116.4816105,22.9363984],[116.4813852,22.9364478]]],[[[116.4808434,22.9359118],[116.4809588,22.9359884],[116.4810151,22.9357216],[116.4808434,22.9359118]]],[[[116.4771903,22.9442804],[116.4774156,22.9441075],[116.4773177,22.9440483],[116.4771903,22.9442804]]],[[[116.4760342,22.944667],[116.4761294,22.9446744],[116.4761227,22.9446127],[116.4760342,22.944667]]],[[[116.4760007,22.9442298],[116.4761804,22.9443299],[116.4761858,22.9441483],[116.4760007,22.9442298]]],[[[116.4757285,22.9336763],[116.4758532,22.933806],[116.4759108,22.933685],[116.4757285,22.9336763]]],[[[116.4756909,22.9449017],[116.4757003,22.9449869],[116.4757848,22.9449609],[116.4756909,22.9449017]]],[[[116.4756775,22.941992],[116.4761348,22.9420895],[116.4758505,22.9418808],[116.4756775,22.941992]]],[[[116.4754227,22.9452993],[116.4755259,22.9452833],[116.4754803,22.9452462],[116.4754227,22.9452993]]],[[[116.4753194,22.945324],[116.4753288,22.9453858],[116.4754039,22.9453598],[116.4753194,22.945324]]],[[[116.4752242,22.9452697],[116.4753395,22.9452265],[116.4752309,22.9452166],[116.4752242,22.9452697]]],[[[116.475129,22.9447399],[116.4751464,22.9450844],[116.4753878,22.9449634],[116.475129,22.9447399]]],[[[116.4745295,22.9447004],[116.4746073,22.9449758],[116.4749627,22.9447856],[116.4745295,22.9447004]]],[[[116.4744115,22.9416474],[116.4745188,22.9416066],[116.4744195,22.9415918],[116.4744115,22.9416474]]],[[[116.4742921,22.945035],[116.4745174,22.9450918],[116.4745456,22.9449535],[116.4742921,22.945035]]],[[[116.4710614,22.9326215],[116.4711392,22.9327524],[116.4712223,22.9326882],[116.4710614,22.9326215]]],[[[116.4697015,22.9333922],[116.469959,22.9335849],[116.4702111,22.9332391],[116.4697015,22.9333922]]],[[[116.4676523,22.9414955],[116.468001,22.9414053],[116.4678441,22.9411188],[116.4676523,22.9414955]]],[[[116.4668785,22.9416388],[116.4674713,22.9417289],[116.4673841,22.9414251],[116.4668785,22.9416388]]],[[[116.4663488,22.9412905],[116.4666196,22.9415955],[116.466692,22.9411781],[116.4663488,22.9412905]]],[[[116.4660215,22.9410188],[116.4661825,22.9410348],[116.4661744,22.9409373],[116.4660215,22.9410188]]],[[[116.4644484,22.9460848],[116.4645825,22.9460551],[116.4645128,22.9459316],[116.4644484,22.9460848]]],[[[116.4636384,22.9466368],[116.463741,22.9466492],[116.4636867,22.9465547],[116.4636384,22.9466368]]],[[[116.4635418,22.9467134],[116.4636451,22.9466961],[116.4635888,22.9465911],[116.4635418,22.9467134]]],[[[116.4635324,22.9306009],[116.4635968,22.9311048],[116.4640367,22.9309171],[116.4635324,22.9306009]]],[[[116.4634372,22.9465924],[116.463511,22.9465744],[116.4634533,22.9465016],[116.4634372,22.9465924]]],[[[116.4624703,22.9296424],[116.4629745,22.9296918],[116.462996,22.9294448],[116.4624703,22.9296424]]],[[[116.4623201,22.9287729],[116.4625668,22.9290199],[116.4627707,22.9287432],[116.4623201,22.9287729]]],[[[116.4621431,22.9252798],[116.4623362,22.9253194],[116.4623469,22.9251168],[116.4621431,22.9252798]]],[[[116.4621176,22.9468752],[116.4621766,22.946927],[116.4621893,22.9468745],[116.4621176,22.9468752]]],[[[116.4617997,22.9271919],[116.4620036,22.9272413],[116.462025,22.9271178],[116.4617997,22.9271919]]],[[[116.4607161,22.9263421],[116.4620143,22.9259962],[116.4612794,22.9253441],[116.4607161,22.9263421]]],[[[116.4602065,22.9273698],[116.4605391,22.927429],[116.460464,22.9270338],[116.4602065,22.9273698]]],[[[116.4593911,22.9263619],[116.4595842,22.9262729],[116.4594877,22.9261148],[116.4593911,22.9263619]]],[[[116.4583182,22.9320633],[116.4588654,22.9320435],[116.4587474,22.9317471],[116.4583182,22.9320633]]],[[[116.4582492,22.9484294],[116.4583102,22.9484689],[116.4583149,22.9484183],[116.4582492,22.9484294]]],[[[116.45817,22.9483658],[116.4582123,22.9484269],[116.4582472,22.9484028],[116.45817,22.9483658]]],[[[116.4566767,22.9270733],[116.4571595,22.9271524],[116.4573312,22.9267472],[116.4566767,22.9270733]]],[[[116.4559579,22.9304428],[116.4563012,22.9302946],[116.4562261,22.9301859],[116.4559579,22.9304428]]],[[[116.4544974,22.9483287],[116.4545014,22.9483929],[116.454539,22.948325],[116.4544974,22.9483287]]],[[[116.4471871,22.9400431],[116.4472809,22.9401567],[116.4473467,22.9400085],[116.4471871,22.9400431]]],[[[116.4465728,22.9331353],[116.4466667,22.9333329],[116.4469966,22.9329748],[116.4465728,22.9331353]]],[[[116.4464924,22.933538],[116.446597,22.9337035],[116.4468893,22.9335207],[116.4464924,22.933538]]],[[[116.4463261,22.9333996],[116.4463475,22.9335108],[116.4464816,22.933454],[116.4463261,22.9333996]]],[[[116.4462402,22.9331551],[116.4463878,22.9333157],[116.4464521,22.9331773],[116.4462402,22.9331551]]],[[[116.4447007,22.9350226],[116.4447758,22.935114],[116.4448348,22.9350226],[116.4447007,22.9350226]]],[[[116.4441562,22.9337381],[116.4443547,22.9350176],[116.4466452,22.9340666],[116.4441562,22.9337381]]],[[[116.444073,22.9350473],[116.4441749,22.9351214],[116.444234,22.9350151],[116.444073,22.9350473]]],[[[116.4432469,22.9413683],[116.4434481,22.9413485],[116.4433676,22.9412028],[116.4432469,22.9413683]]],[[[116.4425978,22.9410472],[116.4429277,22.9411114],[116.4428124,22.9409385],[116.4425978,22.9410472]]],[[[116.4419889,22.9407038],[116.4421955,22.9406569],[116.4420292,22.9405927],[116.4419889,22.9407038]]],[[[116.4280066,22.9375261],[116.428083,22.9374742],[116.4280079,22.9374729],[116.4280066,22.9375261]]],[[[116.4263114,22.9369703],[116.4263168,22.937058],[116.4263812,22.936969],[116.4263114,22.9369703]]],[[[116.4262913,22.9371938],[116.426345,22.9373346],[116.426577,22.9371135],[116.4262913,22.9371938]]],[[[116.4261787,22.9367677],[116.4261787,22.9368678],[116.4262511,22.936785],[116.4261787,22.9367677]]],[[[116.4260566,22.9371432],[116.4261438,22.9371555],[116.4261103,22.9370506],[116.4260566,22.9371432]]],[[[116.4259721,22.9372235],[116.4260016,22.9373223],[116.4260767,22.9372272],[116.4259721,22.9372235]]],[[[116.4257066,22.9368925],[116.4257281,22.9369727],[116.4258689,22.9369159],[116.4257066,22.9368925]]],[[[116.4249207,22.9365417],[116.4249958,22.936596],[116.425032,22.9365047],[116.4249207,22.9365417]]],[[[116.42342,22.9359625],[116.4234991,22.9360613],[116.4236158,22.9359921],[116.42342,22.9359625]]],[[[116.4232993,22.9357167],[116.4236198,22.9359625],[116.4238679,22.9356784],[116.4232993,22.9357167]]],[[[116.4231411,22.9353647],[116.4233261,22.9352659],[116.4231907,22.9350942],[116.4231411,22.9353647]]],[[[116.42296,22.9352585],[116.4229962,22.9354017],[116.4230753,22.9352486],[116.42296,22.9352585]]],[[[116.4228581,22.9355648],[116.4229842,22.9355833],[116.4229855,22.9354919],[116.4228581,22.9355648]]],[[[116.4228165,22.9344754],[116.4228956,22.9345569],[116.422909,22.9344828],[116.4228165,22.9344754]]],[[[116.4221527,22.9355833],[116.4223123,22.9355895],[116.4221741,22.9354709],[116.4221527,22.9355833]]],[[[116.4220159,22.9354462],[116.4221433,22.9354944],[116.4221969,22.9353931],[116.4220159,22.9354462]]],[[[116.421812,22.9353548],[116.4225416,22.934778],[116.4219622,22.9348694],[116.421812,22.9353548]]],[[[116.4217034,22.9332872],[116.4217369,22.9333737],[116.4218174,22.9333045],[116.4217034,22.9332872]]],[[[116.4215519,22.9342704],[116.4216484,22.9343062],[116.4216618,22.9342531],[116.4215519,22.9342704]]],[[[116.4215143,22.933328],[116.4216149,22.9333033],[116.4215156,22.93327],[116.4215143,22.933328]]],[[[116.4213829,22.9317162],[116.4216457,22.9318224],[116.4215626,22.9315383],[116.4213829,22.9317162]]],[[[116.421065,22.9345051],[116.4215317,22.9345792],[116.4212474,22.9342099],[116.421065,22.9345051]]],[[[116.4205541,22.9335009],[116.4206868,22.9336318],[116.4208196,22.933491],[116.4205541,22.9335009]]],[[[116.4205058,22.933412],[116.4215881,22.9332107],[116.4208196,22.9329834],[116.4205058,22.933412]]],[[[116.4203891,22.9353659],[116.420483,22.9353906],[116.4204307,22.9353066],[116.4203891,22.9353659]]],[[[116.4203382,22.9355536],[116.4204253,22.9355129],[116.4203677,22.9354437],[116.4203382,22.9355536]]],[[[116.4202912,22.9335923],[116.4204709,22.9335281],[116.420306,22.9334812],[116.4202912,22.9335923]]],[[[116.4201625,22.9335602],[116.4202711,22.933475],[116.4201947,22.9334651],[116.4201625,22.9335602]]],[[[116.4201169,22.9347545],[116.4202818,22.9347496],[116.4202818,22.9346397],[116.4201169,22.9347545]]],[[[116.4198379,22.9335071],[116.4200445,22.9335022],[116.4199425,22.9334046],[116.4198379,22.9335071]]],[[[116.4197722,22.934389],[116.4199103,22.9344186],[116.4198433,22.9343186],[116.4197722,22.934389]]],[[[116.4195214,22.9358167],[116.4196314,22.9358711],[116.4196059,22.935771],[116.4195214,22.9358167]]],[[[116.4193538,22.9342543],[116.4194289,22.9342951],[116.4194745,22.9342012],[116.4193538,22.9342543]]],[[[116.4193377,22.9358501],[116.4194772,22.9357401],[116.4193967,22.9357315],[116.4193377,22.9358501]]],[[[116.4193216,22.9340629],[116.4194289,22.9340925],[116.4194557,22.9339863],[116.4193216,22.9340629]]],[[[116.41836,22.9353029],[116.4189032,22.9354907],[116.4187181,22.9351325],[116.41836,22.9353029]]],[[[116.4183265,22.9356092],[116.4185612,22.9357377],[116.4185344,22.9355289],[116.4183265,22.9356092]]],[[[116.4180046,22.9354993],[116.4182286,22.9354647],[116.4180529,22.9352696],[116.4180046,22.9354993]]],[[[116.4178129,22.9343853],[116.4179215,22.9345335],[116.4180422,22.9344186],[116.4178129,22.9343853]]],[[[116.4177458,22.935361],[116.4178987,22.9355561],[116.4178732,22.9353338],[116.4177458,22.935361]]],[[[116.4176264,22.934715],[116.4176264,22.9350213],[116.4178289,22.9348398],[116.4176264,22.934715]]],[[[116.4173233,22.9356253],[116.4175205,22.9358501],[116.4175607,22.9355265],[116.4173233,22.9356253]]],[[[116.4169599,22.9355172],[116.4170243,22.9356864],[116.4171215,22.9356487],[116.4169599,22.9355172]]],[[[116.4168861,22.9375619],[116.4168996,22.9376743],[116.41698,22.9376187],[116.4168861,22.9375619]]],[[[116.416807,22.9357414],[116.4168915,22.935813],[116.4169197,22.9357463],[116.416807,22.9357414]]],[[[116.4166689,22.9357809],[116.4168191,22.9359933],[116.4168124,22.9358142],[116.4166689,22.9357809]]],[[[116.4165442,22.9376977],[116.4165911,22.9377545],[116.4166488,22.9377101],[116.4165442,22.9376977]]],[[[116.416512,22.9375668],[116.4165308,22.9376422],[116.416571,22.9375977],[116.416512,22.9375668]]],[[[116.4164583,22.9358772],[116.4166032,22.9359933],[116.4166729,22.9358958],[116.4164583,22.9358772]]],[[[116.4136071,22.9385252],[116.413697,22.9385092],[116.413646,22.9384585],[116.4136071,22.9385252]]],[[[116.4126469,22.9329649],[116.4127542,22.9330205],[116.4128186,22.9329167],[116.4126469,22.9329649]]],[[[116.4126375,22.9384178],[116.4127167,22.9385178],[116.4127783,22.9384474],[116.4126375,22.9384178]]],[[[116.4121789,22.9383795],[116.4122003,22.9384882],[116.4122446,22.9384054],[116.4121789,22.9383795]]],[[[116.4120971,22.9381461],[116.4121091,22.9381918],[116.4121909,22.9381399],[116.4120971,22.9381461]]],[[[116.4114788,22.9371901],[116.4115767,22.9372123],[116.4115083,22.9371358],[116.4114788,22.9371901]]],[[[116.4101994,22.9375273],[116.4105092,22.9375829],[116.4103563,22.9372778],[116.4101994,22.9375273]]],[[[116.4048176,22.933018],[116.4049476,22.9330822],[116.4049503,22.9330019],[116.4048176,22.933018]]],[[[116.4045091,22.9329217],[116.40467,22.9328179],[116.4045399,22.9326672],[116.4045091,22.9329217]]],[[[116.4044729,22.9331946],[116.4044943,22.9332514],[116.4045252,22.9331921],[116.4044729,22.9331946]]],[[[116.4044461,22.933102],[116.4048511,22.9331255],[116.4047693,22.9329291],[116.4044461,22.933102]]],[[[116.4043093,22.9352177],[116.4043093,22.9353881],[116.4044192,22.9353338],[116.4043093,22.9352177]]],[[[116.4039673,22.9333082],[116.4042704,22.9333762],[116.4042717,22.9331403],[116.4039673,22.9333082]]],[[[116.4038627,22.9343531],[116.4040934,22.9344112],[116.404084,22.9341679],[116.4038627,22.9343531]]],[[[116.4011362,22.9318582],[116.4012945,22.9318014],[116.4012355,22.9316804],[116.4011362,22.9318582]]],[[[116.3995725,22.9321102],[116.3998689,22.9319397],[116.3997415,22.9317038],[116.3995725,22.9321102]]],[[[116.399547,22.9325054],[116.3996007,22.9325721],[116.399665,22.932482],[116.399547,22.9325054]]],[[[116.3993914,22.931941],[116.3995349,22.9319595],[116.3995256,22.9318916],[116.3993914,22.931941]]],[[[116.3991594,22.9320361],[116.3994746,22.9321954],[116.399323,22.9319138],[116.3991594,22.9320361]]],[[[116.3985358,22.9320435],[116.3987477,22.932125],[116.3986351,22.9319076],[116.3985358,22.9320435]]],[[[116.398517,22.9318558],[116.398741,22.9319027],[116.39869,22.9316174],[116.398517,22.9318558]]],[[[116.3984527,22.9313728],[116.398513,22.9316149],[116.3987517,22.9313629],[116.3984527,22.9313728]]],[[[116.3983574,22.9316816],[116.3983977,22.9317928],[116.3984433,22.9317122],[116.3983574,22.9316816]]],[[[116.3971987,22.9317594],[116.3972551,22.9318249],[116.3973516,22.9317458],[116.3971987,22.9317594]]],[[[116.3970794,22.931815],[116.3971464,22.9318212],[116.3971169,22.9317804],[116.3970794,22.931815]]],[[[116.3969225,22.9318286],[116.3970405,22.9318768],[116.3970472,22.9317285],[116.3969225,22.9318286]]],[[[116.3966301,22.9309405],[116.3967977,22.9308677],[116.3966797,22.9308022],[116.3966301,22.9309405]]],[[[116.3964464,22.9308652],[116.3965899,22.9307281],[116.3964933,22.9307022],[116.3964464,22.9308652]]],[[[116.3963002,22.9308244],[116.3964155,22.9308232],[116.396382,22.9307343],[116.3963002,22.9308244]]],[[[116.3962774,22.9310579],[116.3963471,22.9310999],[116.396319,22.9309875],[116.3962774,22.9310579]]],[[[116.3961875,22.9312308],[116.3962948,22.9312345],[116.3962224,22.9311517],[116.3961875,22.9312308]]],[[[116.3959971,22.9310122],[116.3961942,22.9310011],[116.3960548,22.9307281],[116.3959971,22.9310122]]],[[[116.3957638,22.930092],[116.3957691,22.9303291],[116.3961138,22.9301365],[116.3957638,22.930092]]],[[[116.3957195,22.9305169],[116.3957638,22.9306688],[116.395871,22.9304959],[116.3957195,22.9305169]]],[[[116.3953909,22.9318879],[116.3954432,22.9319657],[116.395462,22.9318669],[116.3953909,22.9318879]]],[[[116.3951603,22.9310492],[116.3951978,22.9311468],[116.3952327,22.9310813],[116.3951603,22.9310492]]],[[[116.3949725,22.9312666],[116.3951804,22.931174],[116.3950261,22.9311048],[116.3949725,22.9312666]]],[[[116.3945326,22.9318533],[116.3948491,22.9317965],[116.394534,22.9316668],[116.3945326,22.9318533]]],[[[116.3942684,22.9312604],[116.3943261,22.9313555],[116.3944039,22.9312864],[116.3942684,22.9312604]]],[[[116.3942108,22.931358],[116.394247,22.9314716],[116.3943315,22.9314222],[116.3942108,22.931358]]],[[[116.3928764,22.932083],[116.3928938,22.932188],[116.3929528,22.9321596],[116.3928764,22.932083]]],[[[116.3889992,22.9318026],[116.3890931,22.9320583],[116.3893828,22.9316989],[116.3889992,22.9318026]]],[[[116.3806629,22.9286123],[116.3806951,22.9286506],[116.3807112,22.9286148],[116.3806629,22.9286123]]],[[[116.3804322,22.9283999],[116.3805999,22.9285345],[116.3806468,22.9283529],[116.3804322,22.9283999]]],[[[116.3790697,22.9286061],[116.3792507,22.9287222],[116.3792105,22.9285345],[116.3790697,22.9286061]]],[[[116.3789088,22.9289594],[116.3791354,22.9289927],[116.3790147,22.9286815],[116.3789088,22.9289594]]],[[[116.3784756,22.9283665],[116.3788578,22.92849],[116.379067,22.9278317],[116.3784756,22.9283665]]],[[[116.3779499,22.9291237],[116.3779579,22.9291904],[116.378025,22.9291274],[116.3779499,22.9291237]]],[[[116.3779163,22.9290557],[116.3780022,22.9290977],[116.3780008,22.9290545],[116.3779163,22.9290557]]],[[[116.3778131,22.9288013],[116.378029,22.9287716],[116.3778533,22.9287037],[116.3778131,22.9288013]]],[[[116.3778037,22.9288346],[116.3778493,22.9289409],[116.3778962,22.928889],[116.3778037,22.9288346]]],[[[116.3776588,22.929078],[116.3777272,22.9291409],[116.3777836,22.9289927],[116.3776588,22.929078]]],[[[116.3775904,22.9287049],[116.3777567,22.9287235],[116.377746,22.9286345],[116.3775904,22.9287049]]],[[[116.3773343,22.9287037],[116.3774134,22.928784],[116.3774657,22.9287408],[116.3773343,22.9287037]]],[[[116.3766637,22.9288667],[116.3767456,22.9288457],[116.3766798,22.928763],[116.3766637,22.9288667]]],[[[116.3761877,22.9276477],[116.3762748,22.927639],[116.3762721,22.9275377],[116.3761877,22.9276477]]],[[[116.3751617,22.9286037],[116.3752502,22.9286753],[116.37532,22.9285543],[116.3751617,22.9286037]]],[[[116.3728456,22.9302044],[116.3728644,22.9305021],[116.373083,22.9302365],[116.3728456,22.9302044]]],[[[116.3723923,22.9298857],[116.3724352,22.9299512],[116.3724473,22.9299018],[116.3723923,22.9298857]]],[[[116.3722569,22.9301179],[116.3723521,22.9301476],[116.3723682,22.9300982],[116.3722569,22.9301179]]],[[[116.3719806,22.930276],[116.3720383,22.9302773],[116.372049,22.9302106],[116.3719806,22.930276]]],[[[116.3713114,22.9288964],[116.3713503,22.9289409],[116.371365,22.9289026],[116.3713114,22.9288964]]],[[[116.3711625,22.9317248],[116.3712336,22.9317458],[116.3711974,22.9316594],[116.3711625,22.9317248]]],[[[116.3710476,22.9315931],[116.371129,22.9316779],[116.371188,22.9316285],[116.3710476,22.9315931]]],[[[116.3700092,22.9291434],[116.3700601,22.9292163],[116.3701178,22.9291731],[116.3700092,22.9291434]]],[[[116.3696417,22.9299487],[116.3697048,22.9299981],[116.3697222,22.9299685],[116.3696417,22.9299487]]],[[[116.3695613,22.9300599],[116.3696216,22.9301698],[116.3696243,22.9300846],[116.3695613,22.9300599]]],[[[116.3683972,22.9325289],[116.3685232,22.932524],[116.3684374,22.9323399],[116.3683972,22.9325289]]],[[[116.3681531,22.9316705],[116.3682242,22.9317261],[116.3682067,22.9316618],[116.3681531,22.9316705]]],[[[116.3680699,22.9310764],[116.3681048,22.9312048],[116.368141,22.9311456],[116.3680699,22.9310764]]],[[[116.367968,22.9329093],[116.3680619,22.9330526],[116.3681088,22.9328908],[116.367968,22.9329093]]],[[[116.3679425,22.9312567],[116.3679962,22.931274],[116.3680042,22.9312394],[116.3679425,22.9312567]]],[[[116.3679184,22.9310295],[116.3679184,22.9310887],[116.3680284,22.9310653],[116.3679184,22.9310295]]],[[[116.3679023,22.9319299],[116.3680002,22.9320126],[116.3680109,22.9319286],[116.3679023,22.9319299]]],[[[116.3678594,22.9326425],[116.3678929,22.9326536],[116.3678808,22.9325795],[116.3678594,22.9326425]]],[[[116.3678326,22.9329871],[116.3679238,22.9329822],[116.3680136,22.9327957],[116.3678326,22.9329871]]],[[[116.3677749,22.9318693],[116.3678044,22.9319175],[116.367846,22.9318706],[116.3677749,22.9318693]]],[[[116.3677387,22.9313061],[116.3678701,22.931358],[116.3678741,22.9312839],[116.3677387,22.9313061]]],[[[116.3677226,22.931857],[116.3679023,22.931563],[116.3677374,22.9315359],[116.3677226,22.931857]]],[[[116.3676234,22.9316347],[116.3676649,22.9316199],[116.3676314,22.9315803],[116.3676234,22.9316347]]],[[[116.3675778,22.9318755],[116.3676488,22.9320064],[116.3677669,22.9319953],[116.3675778,22.9318755]]],[[[116.3673967,22.9315445],[116.3675228,22.9315532],[116.3674946,22.9313629],[116.3673967,22.9315445]]],[[[116.3668214,22.9326685],[116.366871,22.9326697],[116.366871,22.9326265],[116.3668214,22.9326685]]],[[[116.3667154,22.9327043],[116.3668884,22.9328154],[116.3669287,22.9327018],[116.3667154,22.9327043]]],[[[116.3666792,22.9334775],[116.3668093,22.9335429],[116.3668227,22.9334058],[116.3666792,22.9334775]]],[[[116.3666564,22.9323844],[116.3666672,22.9324536],[116.3667181,22.9323967],[116.3666564,22.9323844]]],[[[116.3663305,22.9329068],[116.3663506,22.9330131],[116.3663815,22.9329414],[116.3663305,22.9329068]]],[[[116.3661294,22.9336343],[116.3661964,22.933596],[116.3661642,22.9335651],[116.3661294,22.9336343]]],[[[116.3660985,22.9335676],[116.3661441,22.9335503],[116.3661146,22.9335355],[116.3660985,22.9335676]]],[[[116.3660945,22.9301439],[116.3661052,22.9302279],[116.366175,22.9301809],[116.3660945,22.9301439]]],[[[116.3660932,22.9330798],[116.3661307,22.9331736],[116.3662045,22.9331168],[116.3660932,22.9330798]]],[[[116.3660663,22.9337208],[116.3661025,22.9339419],[116.3663708,22.9339085],[116.3660663,22.9337208]]],[[[116.366061,22.9333996],[116.3661535,22.9334528],[116.366116,22.9333601],[116.366061,22.9333996]]],[[[116.3659818,22.9330143],[116.3660677,22.9330341],[116.3660288,22.9329735],[116.3659818,22.9330143]]],[[[116.3658853,22.9336553],[116.3660637,22.9335651],[116.3659818,22.9335182],[116.3658853,22.9336553]]],[[[116.3636939,22.9345075],[116.3638978,22.9342729],[116.363765,22.9342346],[116.3636939,22.9345075]]],[[[116.3624936,22.9322522],[116.3625795,22.9322671],[116.3625593,22.9322102],[116.3624936,22.9322522]]],[[[116.3623676,22.9323646],[116.3625513,22.9323053],[116.3623837,22.9322695],[116.3623676,22.9323646]]],[[[116.3618472,22.9325919],[116.3619116,22.9326561],[116.3619518,22.9325894],[116.3618472,22.9325919]]],[[[116.3617802,22.9322176],[116.3618204,22.9322226],[116.3618378,22.9321423],[116.3617802,22.9322176]]],[[[116.3617131,22.9321225],[116.3617761,22.9321176],[116.3617466,22.9320843],[116.3617131,22.9321225]]],[[[116.3615334,22.9302081],[116.3616058,22.9301562],[116.3615361,22.9301167],[116.3615334,22.9302081]]],[[[116.361457,22.9325672],[116.3615589,22.9324745],[116.3614623,22.9324536],[116.361457,22.9325672]]],[[[116.3610895,22.9326895],[116.3613644,22.9326005],[116.361237,22.9323263],[116.3610895,22.9326895]]],[[[116.3600367,22.929677],[116.3601145,22.9296745],[116.3600394,22.9296128],[116.3600367,22.929677]]],[[[116.3597149,22.9343433],[116.3598262,22.9343605],[116.3598034,22.9342963],[116.3597149,22.9343433]]],[[[116.3588767,22.9316804],[116.3589343,22.9317137],[116.3589196,22.9316433],[116.3588767,22.9316804]]],[[[116.3588418,22.9309257],[116.3591918,22.930717],[116.358988,22.9305811],[116.3588418,22.9309257]]],[[[116.3588364,22.9328438],[116.3589129,22.9328982],[116.3588968,22.9327981],[116.3588364,22.9328438]]],[[[116.3588364,22.9314309],[116.3590537,22.9316446],[116.3591462,22.9313852],[116.3588364,22.9314309]]],[[[116.3588297,22.9347311],[116.3588297,22.9347904],[116.3588874,22.9347459],[116.3588297,22.9347311]]],[[[116.3587466,22.9329846],[116.3587841,22.9330575],[116.3588284,22.9330056],[116.3587466,22.9329846]]],[[[116.3587265,22.9312493],[116.358882,22.9312901],[116.3587493,22.9311727],[116.3587265,22.9312493]]],[[[116.3586876,22.9316273],[116.3587466,22.9316791],[116.3587359,22.9316285],[116.3586876,22.9316273]]],[[[116.3586688,22.9317928],[116.3587868,22.9317915],[116.3587707,22.9317026],[116.3586688,22.9317928]]],[[[116.3585119,22.9310665],[116.3585253,22.9311888],[116.3586085,22.9311641],[116.3585119,22.9310665]]],[[[116.3585079,22.9307034],[116.3585253,22.9307861],[116.3585924,22.930712],[116.3585079,22.9307034]]],[[[116.3583939,22.932209],[116.3584985,22.9322041],[116.3583966,22.932146],[116.3583939,22.932209]]],[[[116.3583724,22.9310764],[116.3584368,22.931148],[116.3584636,22.9310603],[116.3583724,22.9310764]]],[[[116.3583134,22.9309146],[116.3584784,22.9310369],[116.3585334,22.9308368],[116.3583134,22.9309146]]],[[[116.3582101,22.9316137],[116.3582316,22.931668],[116.3583107,22.9316322],[116.3582101,22.9316137]]],[[[116.3581645,22.9310183],[116.3583161,22.9311048],[116.358292,22.9309628],[116.3581645,22.9310183]]],[[[116.3580868,22.9347669],[116.3581605,22.9347224],[116.3580883,22.9346977],[116.3580868,22.9347669]]],[[[116.3580787,22.9317014],[116.3580908,22.9317644],[116.3581444,22.9317607],[116.3580787,22.9317014]]],[[[116.3580519,22.9320052],[116.3581525,22.9320843],[116.3581203,22.9319533],[116.3580519,22.9320052]]],[[[116.3580023,22.9321448],[116.358064,22.9321534],[116.3580438,22.932104],[116.3580023,22.9321448]]],[[[116.3579634,22.9324881],[116.358131,22.9327018],[116.3583335,22.9322646],[116.3579634,22.9324881]]],[[[116.357903,22.9320423],[116.3579956,22.9320978],[116.3579915,22.9319929],[116.357903,22.9320423]]],[[[116.3578507,22.9318842],[116.3579942,22.9318768],[116.3579647,22.9317434],[116.3578507,22.9318842]]],[[[116.3578132,22.9326265],[116.3578735,22.9326475],[116.3578682,22.9326116],[116.3578132,22.9326265]]],[[[116.3578092,22.932561],[116.3579352,22.9324573],[116.3578185,22.9324041],[116.3578092,22.932561]]],[[[116.3577998,22.9321053],[116.3578548,22.9323214],[116.3579701,22.9322633],[116.3577998,22.9321053]]],[[[116.3577803,22.9349645],[116.3579198,22.9348978],[116.3578212,22.9348743],[116.3577803,22.9349645]]],[[[116.3577247,22.9323906],[116.3577394,22.9324733],[116.3577917,22.9324177],[116.3577247,22.9323906]]],[[[116.3576844,22.9322102],[116.3577488,22.9322362],[116.3577247,22.9321855],[116.3576844,22.9322102]]],[[[116.357604,22.9323807],[116.3576576,22.9324498],[116.3577569,22.9323152],[116.357604,22.9323807]]],[[[116.3575523,22.9348416],[116.3577045,22.934786],[116.3575946,22.934744],[116.3575523,22.9348416]]],[[[116.3575423,22.9321127],[116.3575838,22.9322041],[116.3576911,22.9321127],[116.3575423,22.9321127]]],[[[116.3573686,22.9353196],[116.3573686,22.9353579],[116.357435,22.9353357],[116.3573686,22.9353196]]],[[[116.3573666,22.9324165],[116.3574269,22.9324103],[116.3573679,22.9323807],[116.3573666,22.9324165]]],[[[116.357262,22.9353338],[116.3573129,22.9353424],[116.3572814,22.9352819],[116.357262,22.9353338]]],[[[116.3572573,22.9353968],[116.3572995,22.9353999],[116.3572774,22.9353523],[116.3572573,22.9353968]]],[[[116.3572057,22.9325178],[116.3573974,22.932456],[116.3572338,22.932435],[116.3572057,22.9325178]]],[[[116.3571453,22.9327524],[116.3573894,22.932808],[116.3573384,22.9325635],[116.3571453,22.9327524]]],[[[116.356975,22.9324807],[116.3569763,22.9325351],[116.3570273,22.9324783],[116.356975,22.9324807]]],[[[116.3565713,22.9330835],[116.3567202,22.9331193],[116.3567188,22.9329846],[116.3565713,22.9330835]]],[[[116.3565432,22.9334243],[116.3565794,22.9334849],[116.3565968,22.9334268],[116.3565432,22.9334243]]],[[[116.3560469,22.9358229],[116.3561127,22.9357797],[116.356051,22.9357661],[116.3560469,22.9358229]]],[[[116.3559799,22.936417],[116.3560845,22.9364318],[116.3560161,22.9363305],[116.3559799,22.936417]]],[[[116.3558981,22.9359711],[116.3561556,22.9360082],[116.356106,22.9358365],[116.3558981,22.9359711]]],[[[116.355764,22.9365368],[116.3558163,22.9365689],[116.3558283,22.9365096],[116.355764,22.9365368]]],[[[116.3557546,22.9362774],[116.3558418,22.9363145],[116.3558941,22.9362379],[116.3557546,22.9362774]]],[[[116.3556513,22.9366887],[116.3557036,22.9366998],[116.3557076,22.9366356],[116.3556513,22.9366887]]],[[[116.3556446,22.9368554],[116.3556835,22.9369061],[116.3557693,22.9368196],[116.3556446,22.9368554]]],[[[116.3553764,22.9368579],[116.3554515,22.9368653],[116.3554274,22.9368307],[116.3553764,22.9368579]]],[[[116.3549499,22.9369283],[116.3550344,22.9370024],[116.3550089,22.9369172],[116.3549499,22.9369283]]],[[[116.3546562,22.9336084],[116.3547206,22.9336195],[116.3547085,22.9335565],[116.3546562,22.9336084]]],[[[116.3545905,22.9344668],[116.3546804,22.9344853],[116.3546777,22.9344223],[116.3545905,22.9344668]]],[[[116.3545825,22.9337875],[116.3546468,22.9338443],[116.3546763,22.9337887],[116.3545825,22.9337875]]],[[[116.3544913,22.9325351],[116.3546066,22.9326265],[116.3546669,22.9325202],[116.3544913,22.9325351]]],[[[116.3544081,22.9342568],[116.3544537,22.9344396],[116.3546817,22.9341123],[116.3544081,22.9342568]]],[[[116.3542512,22.9335553],[116.3542901,22.9336034],[116.3543022,22.9335516],[116.3542512,22.9335553]]],[[[116.3540581,22.9327697],[116.3543572,22.9330143],[116.3543706,22.9327895],[116.3540581,22.9327697]]],[[[116.3540326,22.9356426],[116.354097,22.9356586],[116.3540581,22.935582],[116.3540326,22.9356426]]],[[[116.3539682,22.9316285],[116.3540487,22.931631],[116.3540085,22.931547],[116.3539682,22.9316285]]],[[[116.3539588,22.9361675],[116.3540246,22.9361539],[116.353991,22.9360946],[116.3539588,22.9361675]]],[[[116.3539575,22.9340345],[116.3540648,22.9341259],[116.3540715,22.9339431],[116.3539575,22.9340345]]],[[[116.3538837,22.9358291],[116.3539468,22.9358192],[116.3539307,22.9357661],[116.3538837,22.9358291]]],[[[116.353806,22.9330192],[116.3538207,22.9330847],[116.3539293,22.9330081],[116.353806,22.9330192]]],[[[116.3537939,22.9327018],[116.3538797,22.9326746],[116.3538127,22.9326363],[116.3537939,22.9327018]]],[[[116.3537818,22.935687],[116.3539401,22.9356772],[116.353924,22.9355944],[116.3537818,22.935687]]],[[[116.353645,22.9333688],[116.3536786,22.9334194],[116.3537,22.9333774],[116.353645,22.9333688]]],[[[116.3536182,22.9340962],[116.3537107,22.9341543],[116.3537134,22.933995],[116.3536182,22.9340962]]],[[[116.3535646,22.9370431],[116.3536651,22.9370839],[116.3536866,22.9370147],[116.3535646,22.9370431]]],[[[116.3535431,22.9333465],[116.353578,22.9333947],[116.3535887,22.9333589],[116.3535431,22.9333465]]],[[[116.353523,22.9338097],[116.3537174,22.9338542],[116.3537577,22.933685],[116.353523,22.9338097]]],[[[116.3534854,22.9341753],[116.3535337,22.9342679],[116.3536209,22.9341654],[116.3534854,22.9341753]]],[[[116.3534787,22.9369715],[116.3534841,22.9370209],[116.3535297,22.9369802],[116.3534787,22.9369715]]],[[[116.3534546,22.9334231],[116.3535203,22.9333959],[116.3535029,22.9333688],[116.3534546,22.9334231]]],[[[116.3533419,22.9368851],[116.3533433,22.9369666],[116.3534009,22.936953],[116.3533419,22.9368851]]],[[[116.3533325,22.9342025],[116.3533969,22.9342704],[116.3534251,22.9342025],[116.3533325,22.9342025]]],[[[116.3533299,22.9346533],[116.3533996,22.9346965],[116.3533983,22.9346508],[116.3533299,22.9346533]]],[[[116.3533191,22.9368369],[116.3533795,22.9368591],[116.3533299,22.93679],[116.3533191,22.9368369]]],[[[116.353287,22.9373161],[116.3533594,22.9373482],[116.3533781,22.9372383],[116.353287,22.9373161]]],[[[116.3530871,22.9363392],[116.3531421,22.9364058],[116.3531421,22.9363379],[116.3530871,22.9363392]]],[[[116.3530295,22.9343643],[116.3531408,22.9342444],[116.3530442,22.9341568],[116.3530295,22.9343643]]],[[[116.3529651,22.9348781],[116.3532695,22.9347323],[116.3530965,22.9346125],[116.3529651,22.9348781]]],[[[116.3529356,22.9350238],[116.3529745,22.9349892],[116.3529383,22.9349719],[116.3529356,22.9350238]]],[[[116.3528417,22.9336071],[116.3528578,22.9336652],[116.3528967,22.933622],[116.3528417,22.9336071]]],[[[116.352831,22.9321942],[116.3529101,22.9322251],[116.352894,22.932167],[116.352831,22.9321942]]],[[[116.352784,22.934652],[116.3528296,22.9347101],[116.352894,22.9346137],[116.352784,22.934652]]],[[[116.3527746,22.9343704],[116.3528484,22.9344853],[116.3529745,22.9344285],[116.3527746,22.9343704]]],[[[116.3527223,22.9332453],[116.3530844,22.932708],[116.3528082,22.9327277],[116.3527223,22.9332453]]],[[[116.3527009,22.9363935],[116.352772,22.936475],[116.3527787,22.9363774],[116.3527009,22.9363935]]],[[[116.3526513,22.9364948],[116.3526513,22.9365504],[116.3527398,22.9365158],[116.3526513,22.9364948]]],[[[116.3526285,22.9347854],[116.3527237,22.9350226],[116.3528819,22.9347829],[116.3526285,22.9347854]]],[[[116.3526191,22.934615],[116.3526714,22.934657],[116.3527693,22.9345495],[116.3526191,22.934615]]],[[[116.3526137,22.9328735],[116.3526298,22.932997],[116.3526821,22.9329044],[116.3526137,22.9328735]]],[[[116.3526003,22.9373581],[116.3526325,22.9374532],[116.3526526,22.9373569],[116.3526003,22.9373581]]],[[[116.3525963,22.9374655],[116.3526405,22.9375236],[116.3526566,22.9374705],[116.3525963,22.9374655]]],[[[116.3525453,22.9336936],[116.3525748,22.9337418],[116.3525882,22.9336924],[116.3525453,22.9336936]]],[[[116.3525172,22.9349485],[116.3525949,22.9349583],[116.3525963,22.9348496],[116.3525172,22.9349485]]],[[[116.3524944,22.9376804],[116.3525319,22.9377298],[116.3525587,22.9376854],[116.3524944,22.9376804]]],[[[116.352489,22.937594],[116.3525601,22.9376619],[116.3525815,22.9375977],[116.352489,22.937594]]],[[[116.3524783,22.9357797],[116.3529061,22.9360748],[116.3530684,22.9357327],[116.3524783,22.9357797]]],[[[116.3524716,22.9366627],[116.3525963,22.9366084],[116.3524917,22.9365911],[116.3524716,22.9366627]]],[[[116.3524514,22.9362959],[116.3525748,22.9362231],[116.3525332,22.9361699],[116.3524514,22.9362959]]],[[[116.3524286,22.9361366],[116.35243,22.9361687],[116.3524917,22.9361366],[116.3524286,22.9361366]]],[[[116.3524072,22.934074],[116.3524796,22.9340851],[116.3524903,22.9340234],[116.3524072,22.934074]]],[[[116.3524018,22.9348262],[116.3525708,22.9348114],[116.3525359,22.934699],[116.3524018,22.9348262]]],[[[116.3523683,22.9373618],[116.3524407,22.9374013],[116.352434,22.9373531],[116.3523683,22.9373618]]],[[[116.3523569,22.9378286],[116.3523629,22.937875],[116.3524025,22.9378274],[116.3523569,22.9378286]]],[[[116.3523535,22.934741],[116.3524179,22.934741],[116.3523857,22.9346854],[116.3523535,22.934741]]],[[[116.3522543,22.9379274],[116.3523683,22.9379423],[116.352316,22.9378657],[116.3522543,22.9379274]]],[[[116.3522288,22.9376557],[116.3522905,22.9376063],[116.3522315,22.9375878],[116.3522288,22.9376557]]],[[[116.3518506,22.9339622],[116.3518781,22.9340018],[116.3519157,22.9339486],[116.3518506,22.9339622]]],[[[116.3517661,22.9385141],[116.3517702,22.9385524],[116.3518037,22.9385277],[116.3517661,22.9385141]]],[[[116.3517454,22.9380114],[116.3518272,22.9379577],[116.3517675,22.9379342],[116.3517454,22.9380114]]],[[[116.3517366,22.934053],[116.3518104,22.9340234],[116.3517809,22.9339814],[116.3517366,22.934053]]],[[[116.3515576,22.9379707],[116.3516206,22.9380083],[116.3516293,22.9379336],[116.3515576,22.9379707]]],[[[116.3511895,22.9382869],[116.3513075,22.9382436],[116.3512284,22.9381201],[116.3511895,22.9382869]]],[[[116.3503499,22.9335157],[116.3504384,22.9334886],[116.3504049,22.9334429],[116.3503499,22.9335157]]],[[[116.3492422,22.9394923],[116.3492972,22.9394515],[116.3492469,22.9394194],[116.3492422,22.9394923]]],[[[116.3485931,22.9372976],[116.3486736,22.9374847],[116.3488499,22.9374828],[116.3485931,22.9372976]]],[[[116.3485233,22.9395096],[116.3485763,22.9394873],[116.3485267,22.93947],[116.3485233,22.9395096]]],[[[116.3483416,22.9378293],[116.3484107,22.9377934],[116.3483503,22.9377811],[116.3483416,22.9378293]]],[[[116.3482652,22.9393434],[116.3482672,22.9393972],[116.3483208,22.9393601],[116.3482652,22.9393434]]],[[[116.3481284,22.9392113],[116.3481519,22.9392341],[116.3481545,22.9392125],[116.3481284,22.9392113]]],[[[116.3481136,22.9375545],[116.348528,22.9378009],[116.3485019,22.9374452],[116.3481136,22.9375545]]],[[[116.3479406,22.9397072],[116.348341,22.9398004],[116.3482229,22.9394206],[116.3479406,22.9397072]]],[[[116.347378,22.9403197],[116.3474075,22.9403278],[116.3473948,22.9402889],[116.347378,22.9403197]]],[[[116.3472889,22.940308],[116.3472956,22.9403512],[116.3473251,22.9403055],[116.3472889,22.940308]]],[[[116.3472882,22.9402635],[116.3473673,22.9402524],[116.3473398,22.9401493],[116.3472882,22.9402635]]],[[[116.3469355,22.9405692],[116.3469355,22.9406186],[116.3469744,22.9405717],[116.3469355,22.9405692]]],[[[116.3467008,22.9403284],[116.3469435,22.9405198],[116.346918,22.9402444],[116.3467008,22.9403284]]],[[[116.3405049,22.944546],[116.3405552,22.9445664],[116.3405498,22.9445237],[116.3405049,22.944546]]],[[[116.3399933,22.9448615],[116.3400134,22.9449924],[116.3400992,22.9448936],[116.3399933,22.9448615]]],[[[116.3398524,22.9449436],[116.3399101,22.9449535],[116.3399523,22.9448646],[116.3398524,22.9449436]]],[[[116.3398437,22.94504],[116.3399155,22.945011],[116.3398444,22.9449733],[116.3398437,22.94504]]]]}},{"type":"Feature","properties":{"name":"云浮市","osm_relation":3032080},"geometry":{"type":"MultiPolygon","coordinates":[[[[111.05382,22.7337964],[111.0697063,22.7346537],[111.0791705,22.7325494],[111.0901558,22.7356669],[111.0920993,22.7440837],[111.0981834,22.742603],[111.1029155,22.7476685],[111.1105207,22.7477464],[111.1295336,22.7417457],[111.1304631,22.7461099],[111.1378148,22.7400312],[111.146434,22.742525],[111.1650244,22.7422133],[111.1809107,22.7387843],[111.1972196,22.7433044],[111.1994166,22.7528117],[111.2140354,22.751409],[111.2273867,22.7623962],[111.2341469,22.7719022],[111.2322033,22.7758758],[111.2366819,22.7842123],[111.2510385,22.7899389],[111.2523148,22.7973781],[111.2642295,22.7913796],[111.2678631,22.7930156],[111.2684546,22.8022078],[111.2876365,22.8119447],[111.2829889,22.8189549],[111.2886663,22.8281025],[111.2842564,22.8318058],[111.2939342,22.8334821],[111.3024009,22.842128],[111.298157,22.8468749],[111.3079169,22.8487828],[111.3096915,22.8551681],[111.3150137,22.8538449],[111.3225358,22.8653684],[111.3210992,22.869495],[111.334873,22.8712079],[111.3386756,22.8796941],[111.3452667,22.8817962],[111.3470413,22.8887249],[111.3540881,22.8919458],[111.3551535,22.9084969],[111.3654627,22.9184596],[111.3705328,22.9284995],[111.3705041,22.9396839],[111.3591384,22.9513594],[111.3637733,22.9538885],[111.3579323,22.9702809],[111.3636016,22.9726974],[111.3696097,22.9697735],[111.373043,22.9758583],[111.3916682,22.9834442],[111.3986205,22.9915827],[111.3842564,23.0081461],[111.3920847,23.0160095],[111.4005946,23.0156794],[111.4109629,23.0205451],[111.4158725,23.032426],[111.4282303,23.0384851],[111.428812,23.049337],[111.4216231,23.0569892],[111.4204132,23.0655473],[111.4130173,23.0720997],[111.3994788,23.0694665],[111.3895798,23.0710126],[111.3726997,23.08518],[111.3694324,23.0951557],[111.3708114,23.1147859],[111.3773377,23.1288293],[111.370983,23.1322305],[111.3713264,23.144543],[111.3607692,23.1458058],[111.3766939,23.1557884],[111.3849734,23.1559863],[111.3932132,23.1620627],[111.3871193,23.1720447],[111.3786397,23.1698026],[111.3805055,23.2049536],[111.3829815,23.2143248],[111.372013,23.217921],[111.3737864,23.2237747],[111.3602113,23.2436332],[111.3648078,23.2497557],[111.3637345,23.2611243],[111.3585425,23.2729161],[111.3520524,23.2792003],[111.3511429,23.2877159],[111.3601815,23.2998024],[111.3722925,23.3077532],[111.374107,23.3136664],[111.3702547,23.3187982],[111.3791323,23.3262743],[111.3904433,23.3276768],[111.403325,23.3183791],[111.4157382,23.3187381],[111.4368408,23.3038676],[111.4324483,23.297592],[111.4480819,23.2920366],[111.4492885,23.2835204],[111.4600792,23.2748678],[111.465574,23.2821162],[111.4685754,23.2779842],[111.4868734,23.2870364],[111.4981084,23.285046],[111.5111981,23.2877715],[111.5156753,23.299046],[111.5149636,23.3084564],[111.5228309,23.3130253],[111.5212956,23.3251068],[111.5271689,23.3272854],[111.5536215,23.2879989],[111.5729561,23.2645796],[111.5707987,23.2509206],[111.5625244,23.2459557],[111.5365442,23.2374188],[111.5293593,23.2293673],[111.528647,23.2221678],[111.5346309,23.2153747],[111.5793542,23.1914866],[111.5853648,23.1902859],[111.6138521,23.1928255],[111.6331538,23.1886821],[111.644083,23.1682319],[111.6588327,23.158181],[111.6713815,23.1560979],[111.6851201,23.1602031],[111.6940204,23.158968],[111.7034826,23.1520081],[111.7219442,23.1543523],[111.7577473,23.1379705],[111.7822043,23.1341694],[111.8241717,23.1322817],[111.8405807,23.1352997],[111.8531205,23.1411443],[111.8632783,23.1434794],[111.8696333,23.1419415],[111.8850845,23.1318378],[111.9021919,23.127865],[111.9218535,23.1272305],[111.9530675,23.1335393],[111.9662824,23.1313581],[111.9724435,23.1269173],[111.9773998,23.0976135],[111.9828498,23.0909831],[112.0013714,23.0839768],[112.0220753,23.0820879],[112.0295978,23.0761112],[112.0395573,23.0733785],[112.0821614,23.0836328],[112.0968467,23.0917074],[112.1185628,23.0839581],[112.1298654,23.0872664],[112.1653489,23.0753485],[112.1810592,23.0763566],[112.1916668,23.0819645],[112.2072915,23.0964644],[112.220932,23.1123042],[112.2329964,23.1174614],[112.2656293,23.1242536],[112.28526,23.1320942],[112.2960506,23.1249741],[112.3067011,23.1238781],[112.307221,23.1184234],[112.3218579,23.1067884],[112.3211629,23.096206],[112.3124044,23.0829318],[112.3051477,23.0793921],[112.2960154,23.0822348],[112.2907114,23.0635584],[112.2842971,23.055968],[112.2802432,23.0452731],[112.2833153,23.0393643],[112.2846266,23.0270089],[112.2816582,23.0227622],[112.2891667,23.0127363],[112.2938621,23.0130555],[112.2892704,23.0005463],[112.2814577,22.9877406],[112.2802256,22.9789948],[112.2721442,22.9733348],[112.2800956,22.9651688],[112.279071,22.9599412],[112.2850346,22.9553923],[112.2785064,22.9472632],[112.2750173,22.9517926],[112.265712,22.9465489],[112.2638626,22.9510281],[112.2519876,22.9543903],[112.2503558,22.9493795],[112.257725,22.9425762],[112.2559287,22.9215055],[112.2525863,22.9133485],[112.2608334,22.9094379],[112.273185,22.9174407],[112.2801729,22.9140403],[112.2901386,22.9183651],[112.3021525,22.9140057],[112.3003735,22.8988889],[112.2942274,22.8933267],[112.2960851,22.8853431],[112.2908773,22.8760575],[112.2934981,22.8679099],[112.2986285,22.8647853],[112.307083,22.8532618],[112.3051568,22.8464046],[112.3068747,22.8321511],[112.3051221,22.8275868],[112.3145051,22.82813],[112.3232987,22.8207271],[112.3310074,22.8091947],[112.3279167,22.8045272],[112.3179171,22.8052239],[112.3102952,22.7927672],[112.3232379,22.7894704],[112.3307899,22.7918691],[112.3443141,22.7883141],[112.3434814,22.792984],[112.3510417,22.7907093],[112.3688456,22.7970223],[112.3701998,22.7998747],[112.3788804,22.794892],[112.3773094,22.7872112],[112.3871532,22.772409],[112.3874397,22.7470788],[112.3937329,22.729123],[112.4054173,22.7071447],[112.3977514,22.7028601],[112.3961635,22.6932399],[112.3984986,22.6852932],[112.4028564,22.685567],[112.4065887,22.67388],[112.4209811,22.6735196],[112.4304684,22.6836893],[112.4341841,22.6949935],[112.4415631,22.7042388],[112.443316,22.711107],[112.4503386,22.7103907],[112.4579512,22.7143834],[112.4627951,22.7079667],[112.4713718,22.7068011],[112.4874917,22.6897372],[112.4847919,22.6790218],[112.4951301,22.6715083],[112.4939757,22.666215],[112.5013888,22.6605446],[112.5051213,22.6520835],[112.498906,22.6425477],[112.5077085,22.6353666],[112.5143492,22.6223136],[112.516641,22.6101692],[112.5004001,22.6005037],[112.4778998,22.5951473],[112.4709376,22.5894471],[112.4583073,22.5876107],[112.4510592,22.6032795],[112.4364934,22.6087304],[112.4377002,22.6117798],[112.4304344,22.6226847],[112.4358079,22.6301108],[112.4337072,22.6361027],[112.4379866,22.6449674],[112.4323875,22.6482226],[112.4285247,22.6561611],[112.4233165,22.658524],[112.4299741,22.6639842],[112.4239064,22.6687504],[112.4191151,22.6647631],[112.4142274,22.6668965],[112.4073959,22.6594885],[112.4108253,22.6567691],[112.4080207,22.6497726],[112.3951133,22.6386092],[112.4018319,22.6311114],[112.3997836,22.6208833],[112.3929861,22.6225827],[112.3888198,22.6109676],[112.3907552,22.6053364],[112.3850181,22.597437],[112.3760511,22.5978059],[112.3712153,22.5880556],[112.3741153,22.581519],[112.3658681,22.5609763],[112.3721093,22.5551869],[112.3615459,22.5531251],[112.3590542,22.5612872],[112.338203,22.5674217],[112.3374738,22.5608576],[112.3483076,22.559445],[112.356493,22.552008],[112.3533425,22.5483144],[112.3372916,22.5534337],[112.3327607,22.5488916],[112.3187325,22.5573636],[112.3261553,22.5702283],[112.3098878,22.575946],[112.3039503,22.5752763],[112.2984202,22.5629536],[112.3026046,22.5596491],[112.2972569,22.5483615],[112.302249,22.5307707],[112.2960417,22.5181321],[112.2794272,22.5141689],[112.2722915,22.5146507],[112.2518405,22.5030843],[112.2526394,22.4894793],[112.2573354,22.4846903],[112.2452778,22.4613264],[112.2405385,22.4491535],[112.2303739,22.4356691],[112.2308427,22.429918],[112.2389156,22.4172894],[112.2394273,22.411639],[112.2322743,22.409618],[112.221736,22.4108773],[112.2059899,22.4019337],[112.1909808,22.4077501],[112.1911546,22.4015256],[112.1832298,22.4008593],[112.18757,22.3872374],[112.1811457,22.3788844],[112.1839505,22.3674548],[112.1698271,22.3726391],[112.1667977,22.3845232],[112.1601389,22.3877562],[112.156537,22.390365],[112.1562585,22.4034441],[112.1496534,22.4099053],[112.142769,22.4109982],[112.1356859,22.4181345],[112.1275088,22.4085701],[112.1053304,22.4132729],[112.1035853,22.4160418],[112.0814068,22.4189307],[112.0720403,22.4235641],[112.0676565,22.4376908],[112.0534989,22.4539652],[112.0478563,22.4512436],[112.0401912,22.4558422],[112.0292971,22.4691124],[112.0136116,22.4749551],[112.0071881,22.4749203],[112.0091324,22.4876606],[112.0032733,22.4878453],[112.0037155,22.493961],[111.99744,22.49191],[111.9902438,22.4953107],[111.9786206,22.5083596],[111.9826563,22.5158378],[111.9726562,22.5282315],[111.9644537,22.5494618],[111.9713115,22.5659055],[111.9847747,22.5679842],[111.9934029,22.5783724],[111.9931688,22.5921684],[111.9800439,22.5968015],[111.969974,22.6159547],[111.9664503,22.6171687],[111.9609204,22.6304863],[111.9514676,22.6367796],[111.9441934,22.6288134],[111.934071,22.6239199],[111.9276215,22.6157856],[111.9261895,22.6091061],[111.9186022,22.6033249],[111.9140103,22.5951801],[111.9092108,22.596741],[111.9051047,22.5894209],[111.8972307,22.5845493],[111.8953036,22.573581],[111.8872657,22.5738174],[111.8831778,22.5794559],[111.8761804,22.5772899],[111.8688282,22.5823438],[111.8657901,22.5747958],[111.8571875,22.5784679],[111.854367,22.5846006],[111.8418404,22.5854338],[111.8407899,22.5906713],[111.8306338,22.5889195],[111.8289677,22.5987761],[111.8166498,22.6006357],[111.8181166,22.6052197],[111.8268233,22.6118971],[111.8361201,22.6084551],[111.8418927,22.6152108],[111.8540369,22.6084269],[111.8554688,22.6201264],[111.84842,22.6273524],[111.8524131,22.6357186],[111.866259,22.6365734],[111.8681082,22.645879],[111.8658166,22.6628046],[111.8575439,22.6620137],[111.8515977,22.6663301],[111.8522836,22.6725809],[111.8455821,22.6792687],[111.8362768,22.682047],[111.8374046,22.6907601],[111.8301744,22.6919273],[111.828334,22.6836848],[111.8189323,22.6834681],[111.8134207,22.6727825],[111.8157035,22.6707081],[111.8045925,22.659054],[111.8018842,22.6482876],[111.809375,22.6362108],[111.796459,22.6284179],[111.7791585,22.6104714],[111.775148,22.5988802],[111.7589064,22.5908701],[111.7588107,22.5855497],[111.7328046,22.5733574],[111.7204428,22.552917],[111.720564,22.5476612],[111.7145311,22.5432405],[111.7161372,22.5235916],[111.709723,22.5157012],[111.7081769,22.5075895],[111.6973872,22.4987203],[111.6860594,22.4850762],[111.6752004,22.4853734],[111.6734373,22.4993489],[111.6663722,22.5062433],[111.6431081,22.5012177],[111.6289066,22.5063195],[111.6271877,22.5118015],[111.620712,22.5139982],[111.6146613,22.5003624],[111.6110328,22.5112154],[111.6143149,22.5126114],[111.6162852,22.5242586],[111.6110939,22.524501],[111.6133073,22.53696],[111.6053211,22.5372139],[111.6070226,22.5444818],[111.6018668,22.5527407],[111.5913283,22.554412],[111.5780033,22.5502385],[111.5643578,22.5437438],[111.5544012,22.5318297],[111.5561375,22.5264062],[111.5395749,22.5203754],[111.5403909,22.5023117],[111.5357383,22.5000504],[111.5266674,22.4872397],[111.520104,22.4831053],[111.5026567,22.4968188],[111.4879172,22.5030815],[111.4816927,22.5083852],[111.476493,22.5063975],[111.4714326,22.4978757],[111.4641495,22.4930728],[111.4717012,22.4829584],[111.4682471,22.4774001],[111.4709987,22.464327],[111.4752254,22.4629815],[111.4661282,22.4447853],[111.4407553,22.4449676],[111.4342363,22.4305424],[111.4164849,22.4293559],[111.4117363,22.4338367],[111.4166496,22.4505235],[111.4072397,22.4538126],[111.4043052,22.4598334],[111.4034814,22.477945],[111.3980383,22.4822204],[111.4052866,22.4947163],[111.4087589,22.5080689],[111.4080555,22.5153435],[111.3978471,22.5187831],[111.3793755,22.5125198],[111.3683942,22.5187457],[111.3448531,22.5097741],[111.3333858,22.5257449],[111.3246614,22.5188718],[111.3141761,22.5178665],[111.312032,22.5134055],[111.3045228,22.5146817],[111.3013976,22.511048],[111.2882124,22.5088717],[111.2828907,22.4987454],[111.2800697,22.5036176],[111.271919,22.4948134],[111.2672395,22.5006058],[111.2670223,22.5090348],[111.2722479,22.5207016],[111.2801132,22.5267519],[111.2888545,22.5504998],[111.3175871,22.5524463],[111.3214843,22.5600563],[111.3142192,22.5624737],[111.2985765,22.5722966],[111.298047,22.5835762],[111.2742102,22.5948987],[111.2643405,22.5957747],[111.2484899,22.5921331],[111.2440367,22.5865302],[111.2352784,22.5857989],[111.2142018,22.5886915],[111.210634,22.5975137],[111.2026223,22.6001588],[111.2021966,22.6046245],[111.1915398,22.613108],[111.1797329,22.6068135],[111.1696535,22.6085598],[111.1578731,22.6221377],[111.1389163,22.6287368],[111.1380381,22.6413954],[111.1313525,22.6462874],[111.1257034,22.6651068],[111.1220851,22.6690417],[111.1318933,22.6765378],[111.1321699,22.6876743],[111.1117531,22.7065541],[111.1022829,22.7069387],[111.0996448,22.6975375],[111.0849006,22.6965955],[111.078241,22.7049567],[111.078072,22.7116605],[111.0683543,22.7200788],[111.0584676,22.7238201],[111.05382,22.7337964]]]]}}]}
